﻿Enabled,Priority,Assay,MatchType,Pattern,Call,Note
TRUE,1100,Xpert MTB-RIF Ultra,REGEX,\bMTB\s+TRACE\s+DETECTED\b,POS,MTB Trace detected => POS
TRUE,1090,Xpert MTB-RIF Ultra,REGEX,\bMTB\s+DETECTED\b,POS,MTB detected => POS
TRUE,1080,Xpert MTB-RIF Ultra,REGEX,\bMTB\s+NOT\s+DETECTED\b,NEG,MTB not detected => NEG
TRUE,800,*,REGEX,\bNOT\s+DETECTED\b,NEG,Generic NOT DETECTED => NEG
TRUE,700,*,REGEX,\bDETECTED\b,POS,Generic DETECTED => POS
TRUE,600,*,REGEX,\bINDETERMINATE\b,INDET,Generic indeterminate
TRUE,500,*,REGEX,\bINVALID\b,INDET,Generic invalid
TRUE,400,*,REGEX,\bERROR\b,INDET,Generic error
