﻿"LocalTime","UtcTime","Source","Type","Device","Details","AnchorId"
"1/5/2026 7:03:49 PM","2026-01-05 18:03:49Z","Windows","Win 1074 User32","System(Get-EventLog)","Information - The process C:\Windows\system32\winlogon.exe (CPHD-BQT7YB4) has initiated the power off of computer CPHD-BQT7YB4 on behalf of user NT AUTHORITY\SYSTEM for the following reason: No title for this reason could be found
 Reason Code: 0x500ff
 Shutdown Type: power off
 Comment: ",""
"1/5/2026 7:03:49 PM","2026-01-05 18:03:49Z","Windows","Win 1074 User32","System","Information - The process C:\Windows\system32\winlogon.exe (CPHD-BQT7YB4) has initiated the power off of computer CPHD-BQT7YB4 on behalf of user NT AUTHORITY\SYSTEM for the following reason: No title for this reason could be found
 Reason Code: 0x500ff
 Shutdown Type: power off
 Comment: ",""
"1/5/2026 7:03:50 PM","2026-01-05 18:03:50Z","Windows","Win 6006 EventLog","System(Get-EventLog)","Information - The Event log service was stopped.",""
"1/5/2026 7:03:50 PM","2026-01-05 18:03:50Z","Windows","Win 6006 EventLog","System","Information - The Event log service was stopped.",""
"1/5/2026 7:03:55 PM","2026-01-05 18:03:55Z","Windows","Win 109 Microsoft-Windows-Kernel-Power","System(Get-EventLog)","Information - The description for Event ID '109' in Source 'Microsoft-Windows-Kernel-Power' cannot be found.  The local computer may not have the necessary registry information or message DLL files to display the message, or you may not have permission to access them.  The following information is part of the event:'6', '0', '5'",""
"1/5/2026 7:03:55 PM","2026-01-05 18:03:55Z","Windows","Win 109 Microsoft-Windows-Kernel-Power","System","Information - The kernel power manager has initiated a shutdown transition.

Shutdown Reason: Kernel API",""
"1/5/2026 7:03:56 PM","2026-01-05 18:03:56Z","Windows","Win 13 Microsoft-Windows-Kernel-General","System(Get-EventLog)","Information - The description for Event ID '13' in Source 'Microsoft-Windows-Kernel-General' cannot be found.  The local computer may not have the necessary registry information or message DLL files to display the message, or you may not have permission to access them.  The following information is part of the event:'2026-01-05T18:03:56.1250222Z'",""
"1/5/2026 7:03:56 PM","2026-01-05 18:03:56Z","Windows","Win 13 Microsoft-Windows-Kernel-General","System","Information - The operating system is shutting down at system time ‎2026‎-‎01‎-‎05T18:03:56.125022200Z.",""
"1/5/2026 7:07:36 PM","2026-01-05 18:07:36Z","Windows","Win 12 Microsoft-Windows-Kernel-General","System(Get-EventLog)","Information - The description for Event ID '12' in Source 'Microsoft-Windows-Kernel-General' cannot be found.  The local computer may not have the necessary registry information or message DLL files to display the message, or you may not have permission to access them.  The following information is part of the event:'10', '0', '19041', '6691', '0', '0', '2026-01-05T18:07:35.5000000Z'",""
"1/5/2026 7:07:36 PM","2026-01-05 18:07:36Z","Windows","Win 12 Microsoft-Windows-Kernel-General","System","Information - The operating system started at system time ‎2026‎-‎01‎-‎05T18:07:35.500000000Z.",""
"1/5/2026 7:08:05 PM","2026-01-05 18:08:05Z","Windows","Win 12 Microsoft-Windows-UserModePowerService","System(Get-EventLog)","Information - Process C:\Windows\System32\DriverStore\FileRepository\ipf_cpu.inf_amd64_049e38a37c46edc4\ipf_uf.exe (process ID:3780) reset policy scheme from {07084296-1ee0-4afa-bf25-f667953ec23a} to {07084296-1ee0-4afa-bf25-f667953ec23a}",""
"1/5/2026 7:08:05 PM","2026-01-05 18:08:05Z","Windows","Win 12 Microsoft-Windows-UserModePowerService","System(Get-EventLog)","Information - Process C:\Windows\System32\DriverStore\FileRepository\ipf_cpu.inf_amd64_049e38a37c46edc4\ipf_uf.exe (process ID:3780) reset policy scheme from {07084296-1ee0-4afa-bf25-f667953ec23a} to {07084296-1ee0-4afa-bf25-f667953ec23a}",""
"1/5/2026 7:08:05 PM","2026-01-05 18:08:05Z","Windows","Win 6009 EventLog","System(Get-EventLog)","Information - Microsoft (R) Windows (R) 10.00. 19044  Multiprocessor Free.",""
"1/5/2026 7:08:05 PM","2026-01-05 18:08:05Z","Windows","Win 6005 EventLog","System(Get-EventLog)","Information - The Event log service was started.",""
"1/5/2026 7:08:05 PM","2026-01-05 18:08:05Z","Windows","Win 6005 EventLog","System","Information - The Event log service was started.",""
"1/5/2026 7:08:05 PM","2026-01-05 18:08:05Z","Windows","Win 6009 EventLog","System","Information - Microsoft (R) Windows (R) 10.00. 19044  Multiprocessor Free.",""
"1/5/2026 7:08:05 PM","2026-01-05 18:08:05Z","Windows","Win 12 Microsoft-Windows-UserModePowerService","System","Information - Process C:\Windows\System32\DriverStore\FileRepository\ipf_cpu.inf_amd64_049e38a37c46edc4\ipf_uf.exe (process ID:3780) reset policy scheme from {07084296-1ee0-4afa-bf25-f667953ec23a} to {07084296-1ee0-4afa-bf25-f667953ec23a}",""
"1/5/2026 7:08:05 PM","2026-01-05 18:08:05Z","Windows","Win 12 Microsoft-Windows-UserModePowerService","System","Information - Process C:\Windows\System32\DriverStore\FileRepository\ipf_cpu.inf_amd64_049e38a37c46edc4\ipf_uf.exe (process ID:3780) reset policy scheme from {07084296-1ee0-4afa-bf25-f667953ec23a} to {07084296-1ee0-4afa-bf25-f667953ec23a}",""
"1/7/2026 4:05:54 PM","2026-01-07 15:05:54Z","Windows","Win 1074 User32","System(Get-EventLog)","Information - The process C:\Windows\system32\winlogon.exe (CPHD-BQT7YB4) has initiated the power off of computer CPHD-BQT7YB4 on behalf of user NT AUTHORITY\SYSTEM for the following reason: No title for this reason could be found
 Reason Code: 0x500ff
 Shutdown Type: power off
 Comment: ",""
"1/7/2026 4:05:54 PM","2026-01-07 15:05:54Z","Windows","Win 1074 User32","System","Information - The process C:\Windows\system32\winlogon.exe (CPHD-BQT7YB4) has initiated the power off of computer CPHD-BQT7YB4 on behalf of user NT AUTHORITY\SYSTEM for the following reason: No title for this reason could be found
 Reason Code: 0x500ff
 Shutdown Type: power off
 Comment: ",""
"1/7/2026 4:05:55 PM","2026-01-07 15:05:55Z","Windows","Win 6006 EventLog","System(Get-EventLog)","Information - The Event log service was stopped.",""
"1/7/2026 4:05:55 PM","2026-01-07 15:05:55Z","Windows","Win 6006 EventLog","System","Information - The Event log service was stopped.",""
"1/7/2026 4:06:00 PM","2026-01-07 15:06:00Z","Windows","Win 13 Microsoft-Windows-Kernel-General","System(Get-EventLog)","Information - The description for Event ID '13' in Source 'Microsoft-Windows-Kernel-General' cannot be found.  The local computer may not have the necessary registry information or message DLL files to display the message, or you may not have permission to access them.  The following information is part of the event:'2026-01-07T15:06:00.8172495Z'",""
"1/7/2026 4:06:00 PM","2026-01-07 15:06:00Z","Windows","Win 109 Microsoft-Windows-Kernel-Power","System(Get-EventLog)","Information - The description for Event ID '109' in Source 'Microsoft-Windows-Kernel-Power' cannot be found.  The local computer may not have the necessary registry information or message DLL files to display the message, or you may not have permission to access them.  The following information is part of the event:'6', '0', '5'",""
"1/7/2026 4:06:00 PM","2026-01-07 15:06:00Z","Windows","Win 109 Microsoft-Windows-Kernel-Power","System","Information - The kernel power manager has initiated a shutdown transition.

Shutdown Reason: Kernel API",""
"1/7/2026 4:06:00 PM","2026-01-07 15:06:00Z","Windows","Win 13 Microsoft-Windows-Kernel-General","System","Information - The operating system is shutting down at system time ‎2026‎-‎01‎-‎07T15:06:00.817249500Z.",""
"1/7/2026 4:51:47 PM","2026-01-07 15:51:47Z","Windows","Win 12 Microsoft-Windows-Kernel-General","System(Get-EventLog)","Information - The description for Event ID '12' in Source 'Microsoft-Windows-Kernel-General' cannot be found.  The local computer may not have the necessary registry information or message DLL files to display the message, or you may not have permission to access them.  The following information is part of the event:'10', '0', '19041', '6691', '0', '0', '2026-01-07T15:51:45.5000000Z'",""
"1/7/2026 4:51:47 PM","2026-01-07 15:51:47Z","Windows","Win 12 Microsoft-Windows-Kernel-General","System","Information - The operating system started at system time ‎2026‎-‎01‎-‎07T15:51:45.500000000Z.",""
"1/7/2026 4:52:17 PM","2026-01-07 15:52:17Z","Windows","Win 6005 EventLog","System(Get-EventLog)","Information - The Event log service was started.",""
"1/7/2026 4:52:17 PM","2026-01-07 15:52:17Z","Windows","Win 12 Microsoft-Windows-UserModePowerService","System(Get-EventLog)","Information - Process C:\Windows\System32\DriverStore\FileRepository\ipf_cpu.inf_amd64_049e38a37c46edc4\ipf_uf.exe (process ID:3780) reset policy scheme from {07084296-1ee0-4afa-bf25-f667953ec23a} to {07084296-1ee0-4afa-bf25-f667953ec23a}",""
"1/7/2026 4:52:17 PM","2026-01-07 15:52:17Z","Windows","Win 6009 EventLog","System(Get-EventLog)","Information - Microsoft (R) Windows (R) 10.00. 19044  Multiprocessor Free.",""
"1/7/2026 4:52:17 PM","2026-01-07 15:52:17Z","Windows","Win 12 Microsoft-Windows-UserModePowerService","System(Get-EventLog)","Information - Process C:\Windows\System32\DriverStore\FileRepository\ipf_cpu.inf_amd64_049e38a37c46edc4\ipf_uf.exe (process ID:3780) reset policy scheme from {07084296-1ee0-4afa-bf25-f667953ec23a} to {07084296-1ee0-4afa-bf25-f667953ec23a}",""
"1/7/2026 4:52:17 PM","2026-01-07 15:52:17Z","Windows","Win 6009 EventLog","System","Information - Microsoft (R) Windows (R) 10.00. 19044  Multiprocessor Free.",""
"1/7/2026 4:52:17 PM","2026-01-07 15:52:17Z","Windows","Win 6005 EventLog","System","Information - The Event log service was started.",""
"1/7/2026 4:52:17 PM","2026-01-07 15:52:17Z","Windows","Win 12 Microsoft-Windows-UserModePowerService","System","Information - Process C:\Windows\System32\DriverStore\FileRepository\ipf_cpu.inf_amd64_049e38a37c46edc4\ipf_uf.exe (process ID:3780) reset policy scheme from {07084296-1ee0-4afa-bf25-f667953ec23a} to {07084296-1ee0-4afa-bf25-f667953ec23a}",""
"1/7/2026 4:52:17 PM","2026-01-07 15:52:17Z","Windows","Win 12 Microsoft-Windows-UserModePowerService","System","Information - Process C:\Windows\System32\DriverStore\FileRepository\ipf_cpu.inf_amd64_049e38a37c46edc4\ipf_uf.exe (process ID:3780) reset policy scheme from {07084296-1ee0-4afa-bf25-f667953ec23a} to {07084296-1ee0-4afa-bf25-f667953ec23a}",""
"1/8/2026 9:18:06 PM","2026-01-08 20:18:06Z","Windows","Win 1074 User32","System(Get-EventLog)","Information - The process C:\Windows\system32\winlogon.exe (CPHD-BQT7YB4) has initiated the power off of computer CPHD-BQT7YB4 on behalf of user NT AUTHORITY\SYSTEM for the following reason: No title for this reason could be found
 Reason Code: 0x500ff
 Shutdown Type: power off
 Comment: ",""
"1/8/2026 9:18:06 PM","2026-01-08 20:18:06Z","Windows","Win 1074 User32","System","Information - The process C:\Windows\system32\winlogon.exe (CPHD-BQT7YB4) has initiated the power off of computer CPHD-BQT7YB4 on behalf of user NT AUTHORITY\SYSTEM for the following reason: No title for this reason could be found
 Reason Code: 0x500ff
 Shutdown Type: power off
 Comment: ",""
"1/8/2026 9:18:08 PM","2026-01-08 20:18:08Z","Windows","Win 6006 EventLog","System(Get-EventLog)","Information - The Event log service was stopped.",""
"1/8/2026 9:18:08 PM","2026-01-08 20:18:08Z","Windows","Win 6006 EventLog","System","Information - The Event log service was stopped.",""
"1/8/2026 9:18:13 PM","2026-01-08 20:18:13Z","Windows","Win 109 Microsoft-Windows-Kernel-Power","System(Get-EventLog)","Information - The description for Event ID '109' in Source 'Microsoft-Windows-Kernel-Power' cannot be found.  The local computer may not have the necessary registry information or message DLL files to display the message, or you may not have permission to access them.  The following information is part of the event:'6', '0', '5'",""
"1/8/2026 9:18:13 PM","2026-01-08 20:18:13Z","Windows","Win 13 Microsoft-Windows-Kernel-General","System(Get-EventLog)","Information - The description for Event ID '13' in Source 'Microsoft-Windows-Kernel-General' cannot be found.  The local computer may not have the necessary registry information or message DLL files to display the message, or you may not have permission to access them.  The following information is part of the event:'2026-01-08T20:18:13.4884767Z'",""
"1/8/2026 9:18:13 PM","2026-01-08 20:18:13Z","Windows","Win 109 Microsoft-Windows-Kernel-Power","System","Information - The kernel power manager has initiated a shutdown transition.

Shutdown Reason: Kernel API",""
"1/8/2026 9:18:13 PM","2026-01-08 20:18:13Z","Windows","Win 13 Microsoft-Windows-Kernel-General","System","Information - The operating system is shutting down at system time ‎2026‎-‎01‎-‎08T20:18:13.488476700Z.",""
"1/8/2026 9:23:52 PM","2026-01-08 20:23:52Z","Windows","Win 12 Microsoft-Windows-Kernel-General","System(Get-EventLog)","Information - The description for Event ID '12' in Source 'Microsoft-Windows-Kernel-General' cannot be found.  The local computer may not have the necessary registry information or message DLL files to display the message, or you may not have permission to access them.  The following information is part of the event:'10', '0', '19041', '6691', '0', '0', '2026-01-08T20:23:51.5000000Z'",""
"1/8/2026 9:23:52 PM","2026-01-08 20:23:52Z","Windows","Win 12 Microsoft-Windows-Kernel-General","System","Information - The operating system started at system time ‎2026‎-‎01‎-‎08T20:23:51.500000000Z.",""
"1/8/2026 9:24:22 PM","2026-01-08 20:24:22Z","Windows","Win 6005 EventLog","System(Get-EventLog)","Information - The Event log service was started.",""
"1/8/2026 9:24:22 PM","2026-01-08 20:24:22Z","Windows","Win 6009 EventLog","System(Get-EventLog)","Information - Microsoft (R) Windows (R) 10.00. 19044  Multiprocessor Free.",""
"1/8/2026 9:24:22 PM","2026-01-08 20:24:22Z","Windows","Win 6005 EventLog","System","Information - The Event log service was started.",""
"1/8/2026 9:24:22 PM","2026-01-08 20:24:22Z","Windows","Win 6009 EventLog","System","Information - Microsoft (R) Windows (R) 10.00. 19044  Multiprocessor Free.",""
"1/8/2026 9:24:23 PM","2026-01-08 20:24:23Z","Windows","Win 12 Microsoft-Windows-UserModePowerService","System(Get-EventLog)","Information - Process C:\Windows\System32\DriverStore\FileRepository\ipf_cpu.inf_amd64_049e38a37c46edc4\ipf_uf.exe (process ID:3744) reset policy scheme from {07084296-1ee0-4afa-bf25-f667953ec23a} to {07084296-1ee0-4afa-bf25-f667953ec23a}",""
"1/8/2026 9:24:23 PM","2026-01-08 20:24:23Z","Windows","Win 12 Microsoft-Windows-UserModePowerService","System(Get-EventLog)","Information - Process C:\Windows\System32\DriverStore\FileRepository\ipf_cpu.inf_amd64_049e38a37c46edc4\ipf_uf.exe (process ID:3744) reset policy scheme from {07084296-1ee0-4afa-bf25-f667953ec23a} to {07084296-1ee0-4afa-bf25-f667953ec23a}",""
"1/8/2026 9:24:23 PM","2026-01-08 20:24:23Z","Windows","Win 12 Microsoft-Windows-UserModePowerService","System","Information - Process C:\Windows\System32\DriverStore\FileRepository\ipf_cpu.inf_amd64_049e38a37c46edc4\ipf_uf.exe (process ID:3744) reset policy scheme from {07084296-1ee0-4afa-bf25-f667953ec23a} to {07084296-1ee0-4afa-bf25-f667953ec23a}",""
"1/8/2026 9:24:23 PM","2026-01-08 20:24:23Z","Windows","Win 12 Microsoft-Windows-UserModePowerService","System","Information - Process C:\Windows\System32\DriverStore\FileRepository\ipf_cpu.inf_amd64_049e38a37c46edc4\ipf_uf.exe (process ID:3744) reset policy scheme from {07084296-1ee0-4afa-bf25-f667953ec23a} to {07084296-1ee0-4afa-bf25-f667953ec23a}",""
"1/13/2026 8:15:12 AM","2026-01-13 07:15:12Z","Windows","Win 1074 User32","System(Get-EventLog)","Information - The process C:\Windows\system32\winlogon.exe (CPHD-BQT7YB4) has initiated the power off of computer CPHD-BQT7YB4 on behalf of user NT AUTHORITY\SYSTEM for the following reason: No title for this reason could be found
 Reason Code: 0x500ff
 Shutdown Type: power off
 Comment: ",""
"1/13/2026 8:15:12 AM","2026-01-13 07:15:12Z","Windows","Win 1074 User32","System","Information - The process C:\Windows\system32\winlogon.exe (CPHD-BQT7YB4) has initiated the power off of computer CPHD-BQT7YB4 on behalf of user NT AUTHORITY\SYSTEM for the following reason: No title for this reason could be found
 Reason Code: 0x500ff
 Shutdown Type: power off
 Comment: ",""
"1/13/2026 8:15:13 AM","2026-01-13 07:15:13Z","Windows","Win 6006 EventLog","System(Get-EventLog)","Information - The Event log service was stopped.",""
"1/13/2026 8:15:13 AM","2026-01-13 07:15:13Z","Windows","Win 6006 EventLog","System","Information - The Event log service was stopped.",""
"1/13/2026 8:15:18 AM","2026-01-13 07:15:18Z","Windows","Win 109 Microsoft-Windows-Kernel-Power","System(Get-EventLog)","Information - The description for Event ID '109' in Source 'Microsoft-Windows-Kernel-Power' cannot be found.  The local computer may not have the necessary registry information or message DLL files to display the message, or you may not have permission to access them.  The following information is part of the event:'6', '0', '5'",""
"1/13/2026 8:15:18 AM","2026-01-13 07:15:18Z","Windows","Win 109 Microsoft-Windows-Kernel-Power","System","Information - The kernel power manager has initiated a shutdown transition.

Shutdown Reason: Kernel API",""
"1/13/2026 8:15:19 AM","2026-01-13 07:15:19Z","Windows","Win 13 Microsoft-Windows-Kernel-General","System(Get-EventLog)","Information - The description for Event ID '13' in Source 'Microsoft-Windows-Kernel-General' cannot be found.  The local computer may not have the necessary registry information or message DLL files to display the message, or you may not have permission to access them.  The following information is part of the event:'2026-01-13T07:15:19.1516197Z'",""
"1/13/2026 8:15:19 AM","2026-01-13 07:15:19Z","Windows","Win 13 Microsoft-Windows-Kernel-General","System","Information - The operating system is shutting down at system time ‎2026‎-‎01‎-‎13T07:15:19.151619700Z.",""
"1/13/2026 8:34:58 AM","2026-01-13 07:34:58Z","Windows","Win 12 Microsoft-Windows-Kernel-General","System(Get-EventLog)","Information - The description for Event ID '12' in Source 'Microsoft-Windows-Kernel-General' cannot be found.  The local computer may not have the necessary registry information or message DLL files to display the message, or you may not have permission to access them.  The following information is part of the event:'10', '0', '19041', '6691', '0', '0', '2026-01-13T07:34:57.5000000Z'",""
"1/13/2026 8:34:58 AM","2026-01-13 07:34:58Z","Windows","Win 12 Microsoft-Windows-Kernel-General","System","Information - The operating system started at system time ‎2026‎-‎01‎-‎13T07:34:57.500000000Z.",""
"1/13/2026 8:35:27 AM","2026-01-13 07:35:27Z","Windows","Win 12 Microsoft-Windows-UserModePowerService","System(Get-EventLog)","Information - Process C:\Windows\System32\DriverStore\FileRepository\ipf_cpu.inf_amd64_049e38a37c46edc4\ipf_uf.exe (process ID:3692) reset policy scheme from {07084296-1ee0-4afa-bf25-f667953ec23a} to {07084296-1ee0-4afa-bf25-f667953ec23a}",""
"1/13/2026 8:35:27 AM","2026-01-13 07:35:27Z","Windows","Win 12 Microsoft-Windows-UserModePowerService","System(Get-EventLog)","Information - Process C:\Windows\System32\DriverStore\FileRepository\ipf_cpu.inf_amd64_049e38a37c46edc4\ipf_uf.exe (process ID:3692) reset policy scheme from {07084296-1ee0-4afa-bf25-f667953ec23a} to {07084296-1ee0-4afa-bf25-f667953ec23a}",""
"1/13/2026 8:35:27 AM","2026-01-13 07:35:27Z","Windows","Win 6009 EventLog","System(Get-EventLog)","Information - Microsoft (R) Windows (R) 10.00. 19044  Multiprocessor Free.",""
"1/13/2026 8:35:27 AM","2026-01-13 07:35:27Z","Windows","Win 6005 EventLog","System(Get-EventLog)","Information - The Event log service was started.",""
"1/13/2026 8:35:27 AM","2026-01-13 07:35:27Z","Windows","Win 6009 EventLog","System","Information - Microsoft (R) Windows (R) 10.00. 19044  Multiprocessor Free.",""
"1/13/2026 8:35:27 AM","2026-01-13 07:35:27Z","Windows","Win 6005 EventLog","System","Information - The Event log service was started.",""
"1/13/2026 8:35:27 AM","2026-01-13 07:35:27Z","Windows","Win 12 Microsoft-Windows-UserModePowerService","System","Information - Process C:\Windows\System32\DriverStore\FileRepository\ipf_cpu.inf_amd64_049e38a37c46edc4\ipf_uf.exe (process ID:3692) reset policy scheme from {07084296-1ee0-4afa-bf25-f667953ec23a} to {07084296-1ee0-4afa-bf25-f667953ec23a}",""
"1/13/2026 8:35:27 AM","2026-01-13 07:35:27Z","Windows","Win 12 Microsoft-Windows-UserModePowerService","System","Information - Process C:\Windows\System32\DriverStore\FileRepository\ipf_cpu.inf_amd64_049e38a37c46edc4\ipf_uf.exe (process ID:3692) reset policy scheme from {07084296-1ee0-4afa-bf25-f667953ec23a} to {07084296-1ee0-4afa-bf25-f667953ec23a}",""
"1/14/2026 6:49:01 PM","2026-01-14 17:49:01Z","Windows","Win 1074 User32","System(Get-EventLog)","Information - The process C:\Windows\system32\svchost.exe (CPHD-BQT7YB4) has initiated the restart of computer CPHD-BQT7YB4 on behalf of user NT AUTHORITY\SYSTEM for the following reason: Operating System: Service pack (Planned)
 Reason Code: 0x80020010
 Shutdown Type: restart
 Comment: ",""
"1/14/2026 6:49:01 PM","2026-01-14 17:49:01Z","Windows","Win 1074 User32","System","Information - The process C:\Windows\system32\svchost.exe (CPHD-BQT7YB4) has initiated the restart of computer CPHD-BQT7YB4 on behalf of user NT AUTHORITY\SYSTEM for the following reason: Operating System: Service pack (Planned)
 Reason Code: 0x80020010
 Shutdown Type: restart
 Comment: ",""
"1/14/2026 6:49:25 PM","2026-01-14 17:49:25Z","Windows","Win 6006 EventLog","System(Get-EventLog)","Information - The Event log service was stopped.",""
"1/14/2026 6:49:25 PM","2026-01-14 17:49:25Z","Windows","Win 6006 EventLog","System","Information - The Event log service was stopped.",""
"1/14/2026 6:49:29 PM","2026-01-14 17:49:29Z","Windows","Win 109 Microsoft-Windows-Kernel-Power","System(Get-EventLog)","Information - The description for Event ID '109' in Source 'Microsoft-Windows-Kernel-Power' cannot be found.  The local computer may not have the necessary registry information or message DLL files to display the message, or you may not have permission to access them.  The following information is part of the event:'5', '0', '5'",""
"1/14/2026 6:49:29 PM","2026-01-14 17:49:29Z","Windows","Win 109 Microsoft-Windows-Kernel-Power","System","Information - The kernel power manager has initiated a shutdown transition.

Shutdown Reason: Kernel API",""
"1/14/2026 6:49:31 PM","2026-01-14 17:49:31Z","Windows","Win 13 Microsoft-Windows-Kernel-General","System(Get-EventLog)","Information - The description for Event ID '13' in Source 'Microsoft-Windows-Kernel-General' cannot be found.  The local computer may not have the necessary registry information or message DLL files to display the message, or you may not have permission to access them.  The following information is part of the event:'2026-01-14T17:49:31.0855737Z'",""
"1/14/2026 6:49:31 PM","2026-01-14 17:49:31Z","Windows","Win 13 Microsoft-Windows-Kernel-General","System","Information - The operating system is shutting down at system time ‎2026‎-‎01‎-‎14T17:49:31.085573700Z.",""
"1/14/2026 6:49:47 PM","2026-01-14 17:49:47Z","Windows","Win 12 Microsoft-Windows-Kernel-General","System(Get-EventLog)","Information - The description for Event ID '12' in Source 'Microsoft-Windows-Kernel-General' cannot be found.  The local computer may not have the necessary registry information or message DLL files to display the message, or you may not have permission to access them.  The following information is part of the event:'10', '0', '19041', '6807', '0', '0', '2026-01-14T17:49:45.5000000Z'",""
"1/14/2026 6:49:47 PM","2026-01-14 17:49:47Z","Windows","Win 12 Microsoft-Windows-Kernel-General","System","Information - The operating system started at system time ‎2026‎-‎01‎-‎14T17:49:45.500000000Z.",""
"1/14/2026 6:50:19 PM","2026-01-14 17:50:19Z","Windows","Win 6009 EventLog","System(Get-EventLog)","Information - Microsoft (R) Windows (R) 10.00. 19044  Multiprocessor Free.",""
"1/14/2026 6:50:19 PM","2026-01-14 17:50:19Z","Windows","Win 12 Microsoft-Windows-UserModePowerService","System(Get-EventLog)","Information - Process C:\Windows\System32\DriverStore\FileRepository\ipf_cpu.inf_amd64_049e38a37c46edc4\ipf_uf.exe (process ID:3664) reset policy scheme from {07084296-1ee0-4afa-bf25-f667953ec23a} to {07084296-1ee0-4afa-bf25-f667953ec23a}",""
"1/14/2026 6:50:19 PM","2026-01-14 17:50:19Z","Windows","Win 6005 EventLog","System(Get-EventLog)","Information - The Event log service was started.",""
"1/14/2026 6:50:19 PM","2026-01-14 17:50:19Z","Windows","Win 6005 EventLog","System","Information - The Event log service was started.",""
"1/14/2026 6:50:19 PM","2026-01-14 17:50:19Z","Windows","Win 6009 EventLog","System","Information - Microsoft (R) Windows (R) 10.00. 19044  Multiprocessor Free.",""
"1/14/2026 6:50:19 PM","2026-01-14 17:50:19Z","Windows","Win 12 Microsoft-Windows-UserModePowerService","System","Information - Process C:\Windows\System32\DriverStore\FileRepository\ipf_cpu.inf_amd64_049e38a37c46edc4\ipf_uf.exe (process ID:3664) reset policy scheme from {07084296-1ee0-4afa-bf25-f667953ec23a} to {07084296-1ee0-4afa-bf25-f667953ec23a}",""
"1/14/2026 6:50:20 PM","2026-01-14 17:50:20Z","Windows","Win 12 Microsoft-Windows-UserModePowerService","System(Get-EventLog)","Information - Process C:\Windows\System32\DriverStore\FileRepository\ipf_cpu.inf_amd64_049e38a37c46edc4\ipf_uf.exe (process ID:3664) reset policy scheme from {07084296-1ee0-4afa-bf25-f667953ec23a} to {07084296-1ee0-4afa-bf25-f667953ec23a}",""
"1/14/2026 6:50:20 PM","2026-01-14 17:50:20Z","Windows","Win 12 Microsoft-Windows-UserModePowerService","System","Information - Process C:\Windows\System32\DriverStore\FileRepository\ipf_cpu.inf_amd64_049e38a37c46edc4\ipf_uf.exe (process ID:3664) reset policy scheme from {07084296-1ee0-4afa-bf25-f667953ec23a} to {07084296-1ee0-4afa-bf25-f667953ec23a}",""
