﻿"Computer","EpisodeShutdownTime","LogName","TimeCreated","EventId","Provider","Level","Message"
"CPHD-BQT7YB4","11/24/2025 5:09:16 PM","Microsoft-Windows-WindowsUpdateClient/Operational","11/24/2025 4:29:49 PM","41","Microsoft-Windows-WindowsUpdateClient","Information","An update was downloaded."
"CPHD-BQT7YB4","11/24/2025 5:09:16 PM","Microsoft-Windows-WindowsUpdateClient/Operational","11/24/2025 4:29:49 PM","41","Microsoft-Windows-WindowsUpdateClient","Information","An update was downloaded."
"CPHD-BQT7YB4","11/24/2025 5:09:16 PM","Microsoft-Windows-WindowsUpdateClient/Operational","11/24/2025 4:29:49 PM","41","Microsoft-Windows-WindowsUpdateClient","Information","An update was downloaded."
"CPHD-BQT7YB4","11/24/2025 5:09:16 PM","Microsoft-Windows-WindowsUpdateClient/Operational","11/24/2025 4:29:54 PM","41","Microsoft-Windows-WindowsUpdateClient","Information","An update was downloaded."
"CPHD-BQT7YB4","11/24/2025 5:09:16 PM","Microsoft-Windows-WindowsUpdateClient/Operational","11/24/2025 4:29:54 PM","41","Microsoft-Windows-WindowsUpdateClient","Information","An update was downloaded."
"CPHD-BQT7YB4","11/24/2025 5:09:16 PM","System","11/24/2025 4:29:56 PM","12","Microsoft-Windows-UserModePowerService","Information","Process C:\Windows\System32\DriverStore\FileRepository\ipf_cpu.inf_amd64_049e38a37c46edc4\ipf_uf.exe (process ID:7448) reset policy scheme from {07084296-1ee0-4afa-bf25-f667953ec23a} to {07084296-1ee0-4afa-bf25-f667953ec23a}"
"CPHD-BQT7YB4","11/24/2025 5:09:16 PM","System","11/24/2025 4:29:56 PM","12","Microsoft-Windows-UserModePowerService","Information","Process C:\Windows\System32\DriverStore\FileRepository\ipf_cpu.inf_amd64_049e38a37c46edc4\ipf_uf.exe (process ID:7448) reset policy scheme from {07084296-1ee0-4afa-bf25-f667953ec23a} to {07084296-1ee0-4afa-bf25-f667953ec23a}"
"CPHD-BQT7YB4","11/24/2025 5:09:16 PM","Microsoft-Windows-WindowsUpdateClient/Operational","11/24/2025 4:30:22 PM","41","Microsoft-Windows-WindowsUpdateClient","Information","An update was downloaded."
"CPHD-BQT7YB4","11/24/2025 5:09:16 PM","Microsoft-Windows-WindowsUpdateClient/Operational","11/24/2025 4:30:22 PM","41","Microsoft-Windows-WindowsUpdateClient","Information","An update was downloaded."
"CPHD-BQT7YB4","11/24/2025 5:09:16 PM","Microsoft-Windows-WindowsUpdateClient/Operational","11/24/2025 4:30:26 PM","41","Microsoft-Windows-WindowsUpdateClient","Information","An update was downloaded."
"CPHD-BQT7YB4","11/24/2025 5:09:16 PM","Microsoft-Windows-WindowsUpdateClient/Operational","11/24/2025 4:33:57 PM","41","Microsoft-Windows-WindowsUpdateClient","Information","An update was downloaded."
"CPHD-BQT7YB4","11/24/2025 5:09:16 PM","System","11/24/2025 5:09:14 PM","1074","User32","Information","The process systempropertiesadvanced.exe has initiated the restart of computer CPHD-BQT7YB4 on behalf of user CPHD-BQT7YB4\Cepheid-Techsupport for the following reason: Operating System: Reconfiguration (Planned) Reason Code: 0x84020004 Shutdown Type: restart Comment:"
"CPHD-BQT7YB4","11/24/2025 5:09:16 PM","System","11/24/2025 5:09:16 PM","6006","EventLog","Information","The Event log service was stopped."
"CPHD-BQT7YB4","11/24/2025 5:09:16 PM","System","11/24/2025 5:09:21 PM","13","Microsoft-Windows-Kernel-General","Information","The operating system is shutting down at system time ‎2025‎-‎11‎-‎24T16:09:21.556350800Z."
"CPHD-BQT7YB4","11/24/2025 5:09:16 PM","System","11/24/2025 5:09:42 PM","12","Microsoft-Windows-Kernel-General","Information","The operating system started at system time ‎2025‎-‎11‎-‎24T16:09:41.500000000Z."
"CPHD-BQT7YB4","11/24/2025 5:09:16 PM","Microsoft-Windows-Kernel-Boot/Operational","11/24/2025 5:09:42 PM","292","Microsoft-Windows-Kernel-Boot","Error","Failed to update the SBAT value in FW."
"CPHD-BQT7YB4","11/24/2025 5:09:16 PM","System","11/24/2025 5:09:48 PM","6005","EventLog","Information","The Event log service was started."
"CPHD-BQT7YB4","11/24/2025 5:09:16 PM","System","11/24/2025 5:09:48 PM","12","Microsoft-Windows-UserModePowerService","Information","Process C:\Windows\System32\DriverStore\FileRepository\ipf_cpu.inf_amd64_c493e10bcfd25250\ipf_uf.exe (process ID:3224) reset policy scheme from {07084296-1ee0-4afa-bf25-f667953ec23a} to {07084296-1ee0-4afa-bf25-f667953ec23a}"
"CPHD-BQT7YB4","11/24/2025 5:09:16 PM","System","11/24/2025 5:09:48 PM","12","Microsoft-Windows-UserModePowerService","Information","Process C:\Windows\System32\DriverStore\FileRepository\ipf_cpu.inf_amd64_c493e10bcfd25250\ipf_uf.exe (process ID:3224) reset policy scheme from {07084296-1ee0-4afa-bf25-f667953ec23a} to {07084296-1ee0-4afa-bf25-f667953ec23a}"
"CPHD-BQT7YB4","11/24/2025 5:09:16 PM","Microsoft-Windows-WindowsUpdateClient/Operational","11/24/2025 5:11:04 PM","41","Microsoft-Windows-WindowsUpdateClient","Information","An update was downloaded."
"CPHD-BQT7YB4","11/24/2025 5:09:16 PM","Microsoft-Windows-WindowsUpdateClient/Operational","11/24/2025 5:18:38 PM","41","Microsoft-Windows-WindowsUpdateClient","Information","An update was downloaded."
"CPHD-BQT7YB4","11/24/2025 5:09:16 PM","Microsoft-Windows-WindowsUpdateClient/Operational","11/24/2025 5:20:16 PM","41","Microsoft-Windows-WindowsUpdateClient","Information","An update was downloaded."
"CPHD-BQT7YB4","11/24/2025 5:09:16 PM","Microsoft-Windows-WindowsUpdateClient/Operational","11/24/2025 5:22:33 PM","41","Microsoft-Windows-WindowsUpdateClient","Information","An update was downloaded."
"CPHD-BQT7YB4","11/24/2025 5:09:21 PM","Microsoft-Windows-WindowsUpdateClient/Operational","11/24/2025 4:29:49 PM","41","Microsoft-Windows-WindowsUpdateClient","Information","An update was downloaded."
"CPHD-BQT7YB4","11/24/2025 5:09:21 PM","Microsoft-Windows-WindowsUpdateClient/Operational","11/24/2025 4:29:49 PM","41","Microsoft-Windows-WindowsUpdateClient","Information","An update was downloaded."
"CPHD-BQT7YB4","11/24/2025 5:09:21 PM","Microsoft-Windows-WindowsUpdateClient/Operational","11/24/2025 4:29:49 PM","41","Microsoft-Windows-WindowsUpdateClient","Information","An update was downloaded."
"CPHD-BQT7YB4","11/24/2025 5:09:21 PM","Microsoft-Windows-WindowsUpdateClient/Operational","11/24/2025 4:29:54 PM","41","Microsoft-Windows-WindowsUpdateClient","Information","An update was downloaded."
"CPHD-BQT7YB4","11/24/2025 5:09:21 PM","Microsoft-Windows-WindowsUpdateClient/Operational","11/24/2025 4:29:54 PM","41","Microsoft-Windows-WindowsUpdateClient","Information","An update was downloaded."
"CPHD-BQT7YB4","11/24/2025 5:09:21 PM","System","11/24/2025 4:29:56 PM","12","Microsoft-Windows-UserModePowerService","Information","Process C:\Windows\System32\DriverStore\FileRepository\ipf_cpu.inf_amd64_049e38a37c46edc4\ipf_uf.exe (process ID:7448) reset policy scheme from {07084296-1ee0-4afa-bf25-f667953ec23a} to {07084296-1ee0-4afa-bf25-f667953ec23a}"
"CPHD-BQT7YB4","11/24/2025 5:09:21 PM","System","11/24/2025 4:29:56 PM","12","Microsoft-Windows-UserModePowerService","Information","Process C:\Windows\System32\DriverStore\FileRepository\ipf_cpu.inf_amd64_049e38a37c46edc4\ipf_uf.exe (process ID:7448) reset policy scheme from {07084296-1ee0-4afa-bf25-f667953ec23a} to {07084296-1ee0-4afa-bf25-f667953ec23a}"
"CPHD-BQT7YB4","11/24/2025 5:09:21 PM","Microsoft-Windows-WindowsUpdateClient/Operational","11/24/2025 4:30:22 PM","41","Microsoft-Windows-WindowsUpdateClient","Information","An update was downloaded."
"CPHD-BQT7YB4","11/24/2025 5:09:21 PM","Microsoft-Windows-WindowsUpdateClient/Operational","11/24/2025 4:30:22 PM","41","Microsoft-Windows-WindowsUpdateClient","Information","An update was downloaded."
"CPHD-BQT7YB4","11/24/2025 5:09:21 PM","Microsoft-Windows-WindowsUpdateClient/Operational","11/24/2025 4:30:26 PM","41","Microsoft-Windows-WindowsUpdateClient","Information","An update was downloaded."
"CPHD-BQT7YB4","11/24/2025 5:09:21 PM","Microsoft-Windows-WindowsUpdateClient/Operational","11/24/2025 4:33:57 PM","41","Microsoft-Windows-WindowsUpdateClient","Information","An update was downloaded."
"CPHD-BQT7YB4","11/24/2025 5:09:21 PM","System","11/24/2025 5:09:14 PM","1074","User32","Information","The process systempropertiesadvanced.exe has initiated the restart of computer CPHD-BQT7YB4 on behalf of user CPHD-BQT7YB4\Cepheid-Techsupport for the following reason: Operating System: Reconfiguration (Planned) Reason Code: 0x84020004 Shutdown Type: restart Comment:"
"CPHD-BQT7YB4","11/24/2025 5:09:21 PM","System","11/24/2025 5:09:16 PM","6006","EventLog","Information","The Event log service was stopped."
"CPHD-BQT7YB4","11/24/2025 5:09:21 PM","System","11/24/2025 5:09:21 PM","13","Microsoft-Windows-Kernel-General","Information","The operating system is shutting down at system time ‎2025‎-‎11‎-‎24T16:09:21.556350800Z."
"CPHD-BQT7YB4","11/24/2025 5:09:21 PM","System","11/24/2025 5:09:42 PM","12","Microsoft-Windows-Kernel-General","Information","The operating system started at system time ‎2025‎-‎11‎-‎24T16:09:41.500000000Z."
"CPHD-BQT7YB4","11/24/2025 5:09:21 PM","Microsoft-Windows-Kernel-Boot/Operational","11/24/2025 5:09:42 PM","292","Microsoft-Windows-Kernel-Boot","Error","Failed to update the SBAT value in FW."
"CPHD-BQT7YB4","11/24/2025 5:09:21 PM","System","11/24/2025 5:09:48 PM","6005","EventLog","Information","The Event log service was started."
"CPHD-BQT7YB4","11/24/2025 5:09:21 PM","System","11/24/2025 5:09:48 PM","12","Microsoft-Windows-UserModePowerService","Information","Process C:\Windows\System32\DriverStore\FileRepository\ipf_cpu.inf_amd64_c493e10bcfd25250\ipf_uf.exe (process ID:3224) reset policy scheme from {07084296-1ee0-4afa-bf25-f667953ec23a} to {07084296-1ee0-4afa-bf25-f667953ec23a}"
"CPHD-BQT7YB4","11/24/2025 5:09:21 PM","System","11/24/2025 5:09:48 PM","12","Microsoft-Windows-UserModePowerService","Information","Process C:\Windows\System32\DriverStore\FileRepository\ipf_cpu.inf_amd64_c493e10bcfd25250\ipf_uf.exe (process ID:3224) reset policy scheme from {07084296-1ee0-4afa-bf25-f667953ec23a} to {07084296-1ee0-4afa-bf25-f667953ec23a}"
"CPHD-BQT7YB4","11/24/2025 5:09:21 PM","Microsoft-Windows-WindowsUpdateClient/Operational","11/24/2025 5:11:04 PM","41","Microsoft-Windows-WindowsUpdateClient","Information","An update was downloaded."
"CPHD-BQT7YB4","11/24/2025 5:09:21 PM","Microsoft-Windows-WindowsUpdateClient/Operational","11/24/2025 5:18:38 PM","41","Microsoft-Windows-WindowsUpdateClient","Information","An update was downloaded."
"CPHD-BQT7YB4","11/24/2025 5:09:21 PM","Microsoft-Windows-WindowsUpdateClient/Operational","11/24/2025 5:20:16 PM","41","Microsoft-Windows-WindowsUpdateClient","Information","An update was downloaded."
"CPHD-BQT7YB4","11/24/2025 5:09:21 PM","Microsoft-Windows-WindowsUpdateClient/Operational","11/24/2025 5:22:33 PM","41","Microsoft-Windows-WindowsUpdateClient","Information","An update was downloaded."
"CPHD-BQT7YB4","11/25/2025 12:26:18 AM","System","11/25/2025 12:26:01 AM","1074","User32","Information","The process C:\Windows\system32\svchost.exe (CPHD-BQT7YB4) has initiated the restart of computer CPHD-BQT7YB4 on behalf of user NT AUTHORITY\SYSTEM for the following reason: Operating System: Service pack (Planned) Reason Code: 0x80020010 Shutdown Type: restart Comment:"
"CPHD-BQT7YB4","11/25/2025 12:26:18 AM","System","11/25/2025 12:26:18 AM","6006","EventLog","Information","The Event log service was stopped."
"CPHD-BQT7YB4","11/25/2025 12:26:18 AM","System","11/25/2025 12:26:25 AM","13","Microsoft-Windows-Kernel-General","Information","The operating system is shutting down at system time ‎2025‎-‎11‎-‎24T23:26:25.053522600Z."
"CPHD-BQT7YB4","11/25/2025 12:26:18 AM","System","11/25/2025 12:26:45 AM","12","Microsoft-Windows-Kernel-General","Information","The operating system started at system time ‎2025‎-‎11‎-‎24T23:26:44.500000000Z."
"CPHD-BQT7YB4","11/25/2025 12:26:18 AM","Microsoft-Windows-Kernel-Boot/Operational","11/25/2025 12:26:45 AM","292","Microsoft-Windows-Kernel-Boot","Error","Failed to update the SBAT value in FW."
"CPHD-BQT7YB4","11/25/2025 12:26:18 AM","System","11/25/2025 12:26:50 AM","6005","EventLog","Information","The Event log service was started."
"CPHD-BQT7YB4","11/25/2025 12:26:18 AM","System","11/25/2025 12:26:50 AM","12","Microsoft-Windows-UserModePowerService","Information","Process C:\Windows\System32\DriverStore\FileRepository\ipf_cpu.inf_amd64_049e38a37c46edc4\ipf_uf.exe (process ID:3256) reset policy scheme from {07084296-1ee0-4afa-bf25-f667953ec23a} to {07084296-1ee0-4afa-bf25-f667953ec23a}"
"CPHD-BQT7YB4","11/25/2025 12:26:18 AM","System","11/25/2025 12:26:50 AM","12","Microsoft-Windows-UserModePowerService","Information","Process C:\Windows\System32\DriverStore\FileRepository\ipf_cpu.inf_amd64_049e38a37c46edc4\ipf_uf.exe (process ID:3256) reset policy scheme from {07084296-1ee0-4afa-bf25-f667953ec23a} to {07084296-1ee0-4afa-bf25-f667953ec23a}"
"CPHD-BQT7YB4","11/25/2025 12:26:25 AM","System","11/25/2025 12:26:01 AM","1074","User32","Information","The process C:\Windows\system32\svchost.exe (CPHD-BQT7YB4) has initiated the restart of computer CPHD-BQT7YB4 on behalf of user NT AUTHORITY\SYSTEM for the following reason: Operating System: Service pack (Planned) Reason Code: 0x80020010 Shutdown Type: restart Comment:"
"CPHD-BQT7YB4","11/25/2025 12:26:25 AM","System","11/25/2025 12:26:18 AM","6006","EventLog","Information","The Event log service was stopped."
"CPHD-BQT7YB4","11/25/2025 12:26:25 AM","System","11/25/2025 12:26:25 AM","13","Microsoft-Windows-Kernel-General","Information","The operating system is shutting down at system time ‎2025‎-‎11‎-‎24T23:26:25.053522600Z."
"CPHD-BQT7YB4","11/25/2025 12:26:25 AM","System","11/25/2025 12:26:45 AM","12","Microsoft-Windows-Kernel-General","Information","The operating system started at system time ‎2025‎-‎11‎-‎24T23:26:44.500000000Z."
"CPHD-BQT7YB4","11/25/2025 12:26:25 AM","Microsoft-Windows-Kernel-Boot/Operational","11/25/2025 12:26:45 AM","292","Microsoft-Windows-Kernel-Boot","Error","Failed to update the SBAT value in FW."
"CPHD-BQT7YB4","11/25/2025 12:26:25 AM","System","11/25/2025 12:26:50 AM","6005","EventLog","Information","The Event log service was started."
"CPHD-BQT7YB4","11/25/2025 12:26:25 AM","System","11/25/2025 12:26:50 AM","12","Microsoft-Windows-UserModePowerService","Information","Process C:\Windows\System32\DriverStore\FileRepository\ipf_cpu.inf_amd64_049e38a37c46edc4\ipf_uf.exe (process ID:3256) reset policy scheme from {07084296-1ee0-4afa-bf25-f667953ec23a} to {07084296-1ee0-4afa-bf25-f667953ec23a}"
"CPHD-BQT7YB4","11/25/2025 12:26:25 AM","System","11/25/2025 12:26:50 AM","12","Microsoft-Windows-UserModePowerService","Information","Process C:\Windows\System32\DriverStore\FileRepository\ipf_cpu.inf_amd64_049e38a37c46edc4\ipf_uf.exe (process ID:3256) reset policy scheme from {07084296-1ee0-4afa-bf25-f667953ec23a} to {07084296-1ee0-4afa-bf25-f667953ec23a}"
"CPHD-BQT7YB4","11/25/2025 4:00:27 PM","System","11/25/2025 4:00:23 PM","1074","User32","Information","The process systempropertiesadvanced.exe has initiated the restart of computer CPHD-BQT7YB4 on behalf of user CPHD-BQT7YB4\Cepheid-Techsupport for the following reason: Operating System: Reconfiguration (Planned) Reason Code: 0x84020004 Shutdown Type: restart Comment:"
"CPHD-BQT7YB4","11/25/2025 4:00:27 PM","System","11/25/2025 4:00:24 PM","1074","User32","Information","The process C:\Windows\system32\winlogon.exe (CPHD-BQT7YB4) has initiated the restart of computer CPHD-BQT7YB4 on behalf of user NT AUTHORITY\SYSTEM for the following reason: No title for this reason could be found Reason Code: 0x500ff Shutdown Type: restart Comment:"
"CPHD-BQT7YB4","11/25/2025 4:00:27 PM","System","11/25/2025 4:00:27 PM","6006","EventLog","Information","The Event log service was stopped."
"CPHD-BQT7YB4","11/25/2025 4:00:27 PM","System","11/25/2025 4:00:33 PM","13","Microsoft-Windows-Kernel-General","Information","The operating system is shutting down at system time ‎2025‎-‎11‎-‎25T15:00:33.315975700Z."
"CPHD-BQT7YB4","11/25/2025 4:00:27 PM","System","11/25/2025 4:00:48 PM","12","Microsoft-Windows-Kernel-General","Information","The operating system started at system time ‎2025‎-‎11‎-‎25T15:00:47.500000000Z."
"CPHD-BQT7YB4","11/25/2025 4:00:27 PM","Microsoft-Windows-Kernel-Boot/Operational","11/25/2025 4:00:48 PM","292","Microsoft-Windows-Kernel-Boot","Error","Failed to update the SBAT value in FW."
"CPHD-BQT7YB4","11/25/2025 4:00:27 PM","System","11/25/2025 4:00:53 PM","6005","EventLog","Information","The Event log service was started."
"CPHD-BQT7YB4","11/25/2025 4:00:27 PM","System","11/25/2025 4:00:54 PM","12","Microsoft-Windows-UserModePowerService","Information","Process C:\Windows\System32\DriverStore\FileRepository\ipf_cpu.inf_amd64_049e38a37c46edc4\ipf_uf.exe (process ID:3260) reset policy scheme from {07084296-1ee0-4afa-bf25-f667953ec23a} to {07084296-1ee0-4afa-bf25-f667953ec23a}"
"CPHD-BQT7YB4","11/25/2025 4:00:27 PM","System","11/25/2025 4:00:54 PM","12","Microsoft-Windows-UserModePowerService","Information","Process C:\Windows\System32\DriverStore\FileRepository\ipf_cpu.inf_amd64_049e38a37c46edc4\ipf_uf.exe (process ID:3260) reset policy scheme from {07084296-1ee0-4afa-bf25-f667953ec23a} to {07084296-1ee0-4afa-bf25-f667953ec23a}"
"CPHD-BQT7YB4","11/25/2025 4:00:27 PM","Microsoft-Windows-WindowsUpdateClient/Operational","11/25/2025 4:11:10 PM","41","Microsoft-Windows-WindowsUpdateClient","Information","An update was downloaded."
"CPHD-BQT7YB4","11/25/2025 4:00:27 PM","System","11/25/2025 4:58:32 PM","12","Microsoft-Windows-Kernel-General","Information","The operating system started at system time ‎2025‎-‎11‎-‎25T15:58:31.500000000Z."
"CPHD-BQT7YB4","11/25/2025 4:00:27 PM","Microsoft-Windows-Kernel-Boot/Operational","11/25/2025 4:58:32 PM","292","Microsoft-Windows-Kernel-Boot","Error","Failed to update the SBAT value in FW."
"CPHD-BQT7YB4","11/25/2025 4:00:27 PM","System","11/25/2025 4:58:56 PM","41","Microsoft-Windows-Kernel-Power","Critical","The system has rebooted without cleanly shutting down first. This error could be caused if the system stopped responding, crashed, or lost power unexpectedly."
"CPHD-BQT7YB4","11/25/2025 4:00:27 PM","System","11/25/2025 4:58:59 PM","6005","EventLog","Information","The Event log service was started."
"CPHD-BQT7YB4","11/25/2025 4:00:27 PM","System","11/25/2025 4:58:59 PM","6008","EventLog","Error","The previous system shutdown at 4:50:53 PM on ‎11/‎25/‎2025 was unexpected."
"CPHD-BQT7YB4","11/25/2025 4:00:27 PM","System","11/25/2025 4:59:00 PM","12","Microsoft-Windows-UserModePowerService","Information","Process C:\Windows\System32\DriverStore\FileRepository\ipf_cpu.inf_amd64_049e38a37c46edc4\ipf_uf.exe (process ID:3864) reset policy scheme from {07084296-1ee0-4afa-bf25-f667953ec23a} to {07084296-1ee0-4afa-bf25-f667953ec23a}"
"CPHD-BQT7YB4","11/25/2025 4:00:27 PM","System","11/25/2025 4:59:00 PM","12","Microsoft-Windows-UserModePowerService","Information","Process C:\Windows\System32\DriverStore\FileRepository\ipf_cpu.inf_amd64_049e38a37c46edc4\ipf_uf.exe (process ID:3864) reset policy scheme from {07084296-1ee0-4afa-bf25-f667953ec23a} to {07084296-1ee0-4afa-bf25-f667953ec23a}"
"CPHD-BQT7YB4","11/25/2025 4:00:33 PM","System","11/25/2025 4:00:23 PM","1074","User32","Information","The process systempropertiesadvanced.exe has initiated the restart of computer CPHD-BQT7YB4 on behalf of user CPHD-BQT7YB4\Cepheid-Techsupport for the following reason: Operating System: Reconfiguration (Planned) Reason Code: 0x84020004 Shutdown Type: restart Comment:"
"CPHD-BQT7YB4","11/25/2025 4:00:33 PM","System","11/25/2025 4:00:24 PM","1074","User32","Information","The process C:\Windows\system32\winlogon.exe (CPHD-BQT7YB4) has initiated the restart of computer CPHD-BQT7YB4 on behalf of user NT AUTHORITY\SYSTEM for the following reason: No title for this reason could be found Reason Code: 0x500ff Shutdown Type: restart Comment:"
"CPHD-BQT7YB4","11/25/2025 4:00:33 PM","System","11/25/2025 4:00:27 PM","6006","EventLog","Information","The Event log service was stopped."
"CPHD-BQT7YB4","11/25/2025 4:00:33 PM","System","11/25/2025 4:00:33 PM","13","Microsoft-Windows-Kernel-General","Information","The operating system is shutting down at system time ‎2025‎-‎11‎-‎25T15:00:33.315975700Z."
"CPHD-BQT7YB4","11/25/2025 4:00:33 PM","System","11/25/2025 4:00:48 PM","12","Microsoft-Windows-Kernel-General","Information","The operating system started at system time ‎2025‎-‎11‎-‎25T15:00:47.500000000Z."
"CPHD-BQT7YB4","11/25/2025 4:00:33 PM","Microsoft-Windows-Kernel-Boot/Operational","11/25/2025 4:00:48 PM","292","Microsoft-Windows-Kernel-Boot","Error","Failed to update the SBAT value in FW."
"CPHD-BQT7YB4","11/25/2025 4:00:33 PM","System","11/25/2025 4:00:53 PM","6005","EventLog","Information","The Event log service was started."
"CPHD-BQT7YB4","11/25/2025 4:00:33 PM","System","11/25/2025 4:00:54 PM","12","Microsoft-Windows-UserModePowerService","Information","Process C:\Windows\System32\DriverStore\FileRepository\ipf_cpu.inf_amd64_049e38a37c46edc4\ipf_uf.exe (process ID:3260) reset policy scheme from {07084296-1ee0-4afa-bf25-f667953ec23a} to {07084296-1ee0-4afa-bf25-f667953ec23a}"
"CPHD-BQT7YB4","11/25/2025 4:00:33 PM","System","11/25/2025 4:00:54 PM","12","Microsoft-Windows-UserModePowerService","Information","Process C:\Windows\System32\DriverStore\FileRepository\ipf_cpu.inf_amd64_049e38a37c46edc4\ipf_uf.exe (process ID:3260) reset policy scheme from {07084296-1ee0-4afa-bf25-f667953ec23a} to {07084296-1ee0-4afa-bf25-f667953ec23a}"
"CPHD-BQT7YB4","11/25/2025 4:00:33 PM","Microsoft-Windows-WindowsUpdateClient/Operational","11/25/2025 4:11:10 PM","41","Microsoft-Windows-WindowsUpdateClient","Information","An update was downloaded."
"CPHD-BQT7YB4","11/25/2025 4:00:33 PM","System","11/25/2025 4:58:32 PM","12","Microsoft-Windows-Kernel-General","Information","The operating system started at system time ‎2025‎-‎11‎-‎25T15:58:31.500000000Z."
"CPHD-BQT7YB4","11/25/2025 4:00:33 PM","Microsoft-Windows-Kernel-Boot/Operational","11/25/2025 4:58:32 PM","292","Microsoft-Windows-Kernel-Boot","Error","Failed to update the SBAT value in FW."
"CPHD-BQT7YB4","11/25/2025 4:00:33 PM","System","11/25/2025 4:58:56 PM","41","Microsoft-Windows-Kernel-Power","Critical","The system has rebooted without cleanly shutting down first. This error could be caused if the system stopped responding, crashed, or lost power unexpectedly."
"CPHD-BQT7YB4","11/25/2025 4:00:33 PM","System","11/25/2025 4:58:59 PM","6008","EventLog","Error","The previous system shutdown at 4:50:53 PM on ‎11/‎25/‎2025 was unexpected."
"CPHD-BQT7YB4","11/25/2025 4:00:33 PM","System","11/25/2025 4:58:59 PM","6005","EventLog","Information","The Event log service was started."
"CPHD-BQT7YB4","11/25/2025 4:00:33 PM","System","11/25/2025 4:59:00 PM","12","Microsoft-Windows-UserModePowerService","Information","Process C:\Windows\System32\DriverStore\FileRepository\ipf_cpu.inf_amd64_049e38a37c46edc4\ipf_uf.exe (process ID:3864) reset policy scheme from {07084296-1ee0-4afa-bf25-f667953ec23a} to {07084296-1ee0-4afa-bf25-f667953ec23a}"
"CPHD-BQT7YB4","11/25/2025 4:00:33 PM","System","11/25/2025 4:59:00 PM","12","Microsoft-Windows-UserModePowerService","Information","Process C:\Windows\System32\DriverStore\FileRepository\ipf_cpu.inf_amd64_049e38a37c46edc4\ipf_uf.exe (process ID:3864) reset policy scheme from {07084296-1ee0-4afa-bf25-f667953ec23a} to {07084296-1ee0-4afa-bf25-f667953ec23a}"
"CPHD-BQT7YB4","11/26/2025 8:12:53 AM","System","11/26/2025 8:12:47 AM","1074","User32","Information","The process systempropertiesadvanced.exe has initiated the restart of computer CPHD-BQT7YB4 on behalf of user CPHD-BQT7YB4\Cepheid-Techsupport for the following reason: Operating System: Reconfiguration (Planned) Reason Code: 0x84020004 Shutdown Type: restart Comment:"
"CPHD-BQT7YB4","11/26/2025 8:12:53 AM","System","11/26/2025 8:12:51 AM","1074","User32","Information","The process C:\Windows\system32\winlogon.exe (CPHD-BQT7YB4) has initiated the restart of computer CPHD-BQT7YB4 on behalf of user NT AUTHORITY\SYSTEM for the following reason: No title for this reason could be found Reason Code: 0x500ff Shutdown Type: restart Comment:"
"CPHD-BQT7YB4","11/26/2025 8:12:53 AM","System","11/26/2025 8:12:53 AM","6006","EventLog","Information","The Event log service was stopped."
"CPHD-BQT7YB4","11/26/2025 8:12:53 AM","System","11/26/2025 8:12:59 AM","13","Microsoft-Windows-Kernel-General","Information","The operating system is shutting down at system time ‎2025‎-‎11‎-‎26T07:12:59.026263500Z."
"CPHD-BQT7YB4","11/26/2025 8:12:53 AM","System","11/26/2025 8:13:33 AM","12","Microsoft-Windows-Kernel-General","Information","The operating system started at system time ‎2025‎-‎11‎-‎26T07:13:32.500000000Z."
"CPHD-BQT7YB4","11/26/2025 8:12:53 AM","Microsoft-Windows-Kernel-Boot/Operational","11/26/2025 8:13:33 AM","292","Microsoft-Windows-Kernel-Boot","Error","Failed to update the SBAT value in FW."
"CPHD-BQT7YB4","11/26/2025 8:12:53 AM","System","11/26/2025 8:14:01 AM","6005","EventLog","Information","The Event log service was started."
"CPHD-BQT7YB4","11/26/2025 8:12:53 AM","System","11/26/2025 8:14:01 AM","12","Microsoft-Windows-UserModePowerService","Information","Process C:\Windows\System32\DriverStore\FileRepository\ipf_cpu.inf_amd64_049e38a37c46edc4\ipf_uf.exe (process ID:3568) reset policy scheme from {07084296-1ee0-4afa-bf25-f667953ec23a} to {07084296-1ee0-4afa-bf25-f667953ec23a}"
"CPHD-BQT7YB4","11/26/2025 8:12:53 AM","System","11/26/2025 8:14:01 AM","12","Microsoft-Windows-UserModePowerService","Information","Process C:\Windows\System32\DriverStore\FileRepository\ipf_cpu.inf_amd64_049e38a37c46edc4\ipf_uf.exe (process ID:3568) reset policy scheme from {07084296-1ee0-4afa-bf25-f667953ec23a} to {07084296-1ee0-4afa-bf25-f667953ec23a}"
"CPHD-BQT7YB4","11/26/2025 8:12:53 AM","System","11/26/2025 9:19:11 AM","1074","User32","Information","The process C:\Windows\System32\RuntimeBroker.exe (CPHD-BQT7YB4) has initiated the power off of computer CPHD-BQT7YB4 on behalf of user SE\labuser_ipt for the following reason: Other (Unplanned) Reason Code: 0x0 Shutdown Type: power off Comment:"
"CPHD-BQT7YB4","11/26/2025 8:12:59 AM","System","11/26/2025 8:12:47 AM","1074","User32","Information","The process systempropertiesadvanced.exe has initiated the restart of computer CPHD-BQT7YB4 on behalf of user CPHD-BQT7YB4\Cepheid-Techsupport for the following reason: Operating System: Reconfiguration (Planned) Reason Code: 0x84020004 Shutdown Type: restart Comment:"
"CPHD-BQT7YB4","11/26/2025 8:12:59 AM","System","11/26/2025 8:12:51 AM","1074","User32","Information","The process C:\Windows\system32\winlogon.exe (CPHD-BQT7YB4) has initiated the restart of computer CPHD-BQT7YB4 on behalf of user NT AUTHORITY\SYSTEM for the following reason: No title for this reason could be found Reason Code: 0x500ff Shutdown Type: restart Comment:"
"CPHD-BQT7YB4","11/26/2025 8:12:59 AM","System","11/26/2025 8:12:53 AM","6006","EventLog","Information","The Event log service was stopped."
"CPHD-BQT7YB4","11/26/2025 8:12:59 AM","System","11/26/2025 8:12:59 AM","13","Microsoft-Windows-Kernel-General","Information","The operating system is shutting down at system time ‎2025‎-‎11‎-‎26T07:12:59.026263500Z."
"CPHD-BQT7YB4","11/26/2025 8:12:59 AM","System","11/26/2025 8:13:33 AM","12","Microsoft-Windows-Kernel-General","Information","The operating system started at system time ‎2025‎-‎11‎-‎26T07:13:32.500000000Z."
"CPHD-BQT7YB4","11/26/2025 8:12:59 AM","Microsoft-Windows-Kernel-Boot/Operational","11/26/2025 8:13:33 AM","292","Microsoft-Windows-Kernel-Boot","Error","Failed to update the SBAT value in FW."
"CPHD-BQT7YB4","11/26/2025 8:12:59 AM","System","11/26/2025 8:14:01 AM","6005","EventLog","Information","The Event log service was started."
"CPHD-BQT7YB4","11/26/2025 8:12:59 AM","System","11/26/2025 8:14:01 AM","12","Microsoft-Windows-UserModePowerService","Information","Process C:\Windows\System32\DriverStore\FileRepository\ipf_cpu.inf_amd64_049e38a37c46edc4\ipf_uf.exe (process ID:3568) reset policy scheme from {07084296-1ee0-4afa-bf25-f667953ec23a} to {07084296-1ee0-4afa-bf25-f667953ec23a}"
"CPHD-BQT7YB4","11/26/2025 8:12:59 AM","System","11/26/2025 8:14:01 AM","12","Microsoft-Windows-UserModePowerService","Information","Process C:\Windows\System32\DriverStore\FileRepository\ipf_cpu.inf_amd64_049e38a37c46edc4\ipf_uf.exe (process ID:3568) reset policy scheme from {07084296-1ee0-4afa-bf25-f667953ec23a} to {07084296-1ee0-4afa-bf25-f667953ec23a}"
"CPHD-BQT7YB4","11/26/2025 8:12:59 AM","System","11/26/2025 9:19:11 AM","1074","User32","Information","The process C:\Windows\System32\RuntimeBroker.exe (CPHD-BQT7YB4) has initiated the power off of computer CPHD-BQT7YB4 on behalf of user SE\labuser_ipt for the following reason: Other (Unplanned) Reason Code: 0x0 Shutdown Type: power off Comment:"
"CPHD-BQT7YB4","11/28/2025 6:33:54 AM","System","11/28/2025 6:10:38 AM","12","Microsoft-Windows-Kernel-General","Information","The operating system started at system time ‎2025‎-‎11‎-‎28T05:10:37.500000000Z."
"CPHD-BQT7YB4","11/28/2025 6:33:54 AM","Microsoft-Windows-Kernel-Boot/Operational","11/28/2025 6:10:38 AM","158","Microsoft-Windows-Kernel-Boot","Error","Error: BL_LOG_ERROR_RES_HW_CHANGE: Hardware or firmware settings have changes since hibernate. Status: {Incorrect Volume} The target file of a rename request is located on a different device than the source of the rename request."
"CPHD-BQT7YB4","11/28/2025 6:33:54 AM","Microsoft-Windows-Kernel-Boot/Operational","11/28/2025 6:10:38 AM","292","Microsoft-Windows-Kernel-Boot","Error","Failed to update the SBAT value in FW."
"CPHD-BQT7YB4","11/28/2025 6:33:54 AM","System","11/28/2025 6:11:03 AM","41","Microsoft-Windows-Kernel-Power","Critical","The system has rebooted without cleanly shutting down first. This error could be caused if the system stopped responding, crashed, or lost power unexpectedly."
"CPHD-BQT7YB4","11/28/2025 6:33:54 AM","System","11/28/2025 6:11:21 AM","6005","EventLog","Information","The Event log service was started."
"CPHD-BQT7YB4","11/28/2025 6:33:54 AM","System","11/28/2025 6:11:21 AM","6008","EventLog","Error","The previous system shutdown at 9:04:02 AM on ‎11/‎26/‎2025 was unexpected."
"CPHD-BQT7YB4","11/28/2025 6:33:54 AM","System","11/28/2025 6:11:21 AM","12","Microsoft-Windows-UserModePowerService","Information","Process C:\Windows\System32\DriverStore\FileRepository\ipf_cpu.inf_amd64_049e38a37c46edc4\ipf_uf.exe (process ID:4052) reset policy scheme from {07084296-1ee0-4afa-bf25-f667953ec23a} to {07084296-1ee0-4afa-bf25-f667953ec23a}"
"CPHD-BQT7YB4","11/28/2025 6:33:54 AM","System","11/28/2025 6:11:21 AM","12","Microsoft-Windows-UserModePowerService","Information","Process C:\Windows\System32\DriverStore\FileRepository\ipf_cpu.inf_amd64_049e38a37c46edc4\ipf_uf.exe (process ID:4052) reset policy scheme from {07084296-1ee0-4afa-bf25-f667953ec23a} to {07084296-1ee0-4afa-bf25-f667953ec23a}"
"CPHD-BQT7YB4","11/28/2025 6:33:54 AM","Microsoft-Windows-WindowsUpdateClient/Operational","11/28/2025 6:13:41 AM","41","Microsoft-Windows-WindowsUpdateClient","Information","An update was downloaded."
"CPHD-BQT7YB4","11/28/2025 6:33:54 AM","System","11/28/2025 6:33:51 AM","1074","User32","Information","The process C:\Windows\System32\RuntimeBroker.exe (CPHD-BQT7YB4) has initiated the restart of computer CPHD-BQT7YB4 on behalf of user SE\Labuser_IPT for the following reason: Other (Unplanned) Reason Code: 0x0 Shutdown Type: restart Comment:"
"CPHD-BQT7YB4","11/28/2025 6:33:54 AM","System","11/28/2025 6:33:54 AM","6006","EventLog","Information","The Event log service was stopped."
"CPHD-BQT7YB4","11/28/2025 6:33:54 AM","System","11/28/2025 6:33:59 AM","13","Microsoft-Windows-Kernel-General","Information","The operating system is shutting down at system time ‎2025‎-‎11‎-‎28T05:33:59.859529100Z."
"CPHD-BQT7YB4","11/28/2025 6:33:54 AM","System","11/28/2025 6:34:17 AM","12","Microsoft-Windows-Kernel-General","Information","The operating system started at system time ‎2025‎-‎11‎-‎28T05:34:16.500000000Z."
"CPHD-BQT7YB4","11/28/2025 6:33:54 AM","Microsoft-Windows-Kernel-Boot/Operational","11/28/2025 6:34:17 AM","292","Microsoft-Windows-Kernel-Boot","Error","Failed to update the SBAT value in FW."
"CPHD-BQT7YB4","11/28/2025 6:33:54 AM","System","11/28/2025 6:34:46 AM","6005","EventLog","Information","The Event log service was started."
"CPHD-BQT7YB4","11/28/2025 6:33:54 AM","System","11/28/2025 6:34:46 AM","12","Microsoft-Windows-UserModePowerService","Information","Process C:\Windows\System32\DriverStore\FileRepository\ipf_cpu.inf_amd64_049e38a37c46edc4\ipf_uf.exe (process ID:3672) reset policy scheme from {07084296-1ee0-4afa-bf25-f667953ec23a} to {07084296-1ee0-4afa-bf25-f667953ec23a}"
"CPHD-BQT7YB4","11/28/2025 6:33:54 AM","System","11/28/2025 6:34:46 AM","12","Microsoft-Windows-UserModePowerService","Information","Process C:\Windows\System32\DriverStore\FileRepository\ipf_cpu.inf_amd64_049e38a37c46edc4\ipf_uf.exe (process ID:3672) reset policy scheme from {07084296-1ee0-4afa-bf25-f667953ec23a} to {07084296-1ee0-4afa-bf25-f667953ec23a}"
"CPHD-BQT7YB4","11/28/2025 6:33:59 AM","System","11/28/2025 6:10:38 AM","12","Microsoft-Windows-Kernel-General","Information","The operating system started at system time ‎2025‎-‎11‎-‎28T05:10:37.500000000Z."
"CPHD-BQT7YB4","11/28/2025 6:33:59 AM","Microsoft-Windows-Kernel-Boot/Operational","11/28/2025 6:10:38 AM","158","Microsoft-Windows-Kernel-Boot","Error","Error: BL_LOG_ERROR_RES_HW_CHANGE: Hardware or firmware settings have changes since hibernate. Status: {Incorrect Volume} The target file of a rename request is located on a different device than the source of the rename request."
"CPHD-BQT7YB4","11/28/2025 6:33:59 AM","Microsoft-Windows-Kernel-Boot/Operational","11/28/2025 6:10:38 AM","292","Microsoft-Windows-Kernel-Boot","Error","Failed to update the SBAT value in FW."
"CPHD-BQT7YB4","11/28/2025 6:33:59 AM","System","11/28/2025 6:11:03 AM","41","Microsoft-Windows-Kernel-Power","Critical","The system has rebooted without cleanly shutting down first. This error could be caused if the system stopped responding, crashed, or lost power unexpectedly."
"CPHD-BQT7YB4","11/28/2025 6:33:59 AM","System","11/28/2025 6:11:21 AM","6005","EventLog","Information","The Event log service was started."
"CPHD-BQT7YB4","11/28/2025 6:33:59 AM","System","11/28/2025 6:11:21 AM","6008","EventLog","Error","The previous system shutdown at 9:04:02 AM on ‎11/‎26/‎2025 was unexpected."
"CPHD-BQT7YB4","11/28/2025 6:33:59 AM","System","11/28/2025 6:11:21 AM","12","Microsoft-Windows-UserModePowerService","Information","Process C:\Windows\System32\DriverStore\FileRepository\ipf_cpu.inf_amd64_049e38a37c46edc4\ipf_uf.exe (process ID:4052) reset policy scheme from {07084296-1ee0-4afa-bf25-f667953ec23a} to {07084296-1ee0-4afa-bf25-f667953ec23a}"
"CPHD-BQT7YB4","11/28/2025 6:33:59 AM","System","11/28/2025 6:11:21 AM","12","Microsoft-Windows-UserModePowerService","Information","Process C:\Windows\System32\DriverStore\FileRepository\ipf_cpu.inf_amd64_049e38a37c46edc4\ipf_uf.exe (process ID:4052) reset policy scheme from {07084296-1ee0-4afa-bf25-f667953ec23a} to {07084296-1ee0-4afa-bf25-f667953ec23a}"
"CPHD-BQT7YB4","11/28/2025 6:33:59 AM","Microsoft-Windows-WindowsUpdateClient/Operational","11/28/2025 6:13:41 AM","41","Microsoft-Windows-WindowsUpdateClient","Information","An update was downloaded."
"CPHD-BQT7YB4","11/28/2025 6:33:59 AM","System","11/28/2025 6:33:51 AM","1074","User32","Information","The process C:\Windows\System32\RuntimeBroker.exe (CPHD-BQT7YB4) has initiated the restart of computer CPHD-BQT7YB4 on behalf of user SE\Labuser_IPT for the following reason: Other (Unplanned) Reason Code: 0x0 Shutdown Type: restart Comment:"
"CPHD-BQT7YB4","11/28/2025 6:33:59 AM","System","11/28/2025 6:33:54 AM","6006","EventLog","Information","The Event log service was stopped."
"CPHD-BQT7YB4","11/28/2025 6:33:59 AM","System","11/28/2025 6:33:59 AM","13","Microsoft-Windows-Kernel-General","Information","The operating system is shutting down at system time ‎2025‎-‎11‎-‎28T05:33:59.859529100Z."
"CPHD-BQT7YB4","11/28/2025 6:33:59 AM","System","11/28/2025 6:34:17 AM","12","Microsoft-Windows-Kernel-General","Information","The operating system started at system time ‎2025‎-‎11‎-‎28T05:34:16.500000000Z."
"CPHD-BQT7YB4","11/28/2025 6:33:59 AM","Microsoft-Windows-Kernel-Boot/Operational","11/28/2025 6:34:17 AM","292","Microsoft-Windows-Kernel-Boot","Error","Failed to update the SBAT value in FW."
"CPHD-BQT7YB4","11/28/2025 6:33:59 AM","System","11/28/2025 6:34:46 AM","6005","EventLog","Information","The Event log service was started."
"CPHD-BQT7YB4","11/28/2025 6:33:59 AM","System","11/28/2025 6:34:46 AM","12","Microsoft-Windows-UserModePowerService","Information","Process C:\Windows\System32\DriverStore\FileRepository\ipf_cpu.inf_amd64_049e38a37c46edc4\ipf_uf.exe (process ID:3672) reset policy scheme from {07084296-1ee0-4afa-bf25-f667953ec23a} to {07084296-1ee0-4afa-bf25-f667953ec23a}"
"CPHD-BQT7YB4","11/28/2025 6:33:59 AM","System","11/28/2025 6:34:46 AM","12","Microsoft-Windows-UserModePowerService","Information","Process C:\Windows\System32\DriverStore\FileRepository\ipf_cpu.inf_amd64_049e38a37c46edc4\ipf_uf.exe (process ID:3672) reset policy scheme from {07084296-1ee0-4afa-bf25-f667953ec23a} to {07084296-1ee0-4afa-bf25-f667953ec23a}"
"CPHD-BQT7YB4","12/1/2025 12:30:29 PM","System","12/1/2025 12:30:28 PM","1074","User32","Information","The process C:\Windows\system32\winlogon.exe (CPHD-BQT7YB4) has initiated the power off of computer CPHD-BQT7YB4 on behalf of user NT AUTHORITY\SYSTEM for the following reason: No title for this reason could be found Reason Code: 0x500ff Shutdown Type: power off Comment:"
"CPHD-BQT7YB4","12/1/2025 12:30:29 PM","System","12/1/2025 12:30:29 PM","6006","EventLog","Information","The Event log service was stopped."
"CPHD-BQT7YB4","12/1/2025 12:30:29 PM","System","12/1/2025 12:30:35 PM","13","Microsoft-Windows-Kernel-General","Information","The operating system is shutting down at system time ‎2025‎-‎12‎-‎01T11:30:35.261584500Z."
"CPHD-BQT7YB4","12/1/2025 12:30:29 PM","System","12/1/2025 12:51:45 PM","12","Microsoft-Windows-Kernel-General","Information","The operating system started at system time ‎2025‎-‎12‎-‎01T11:51:44.500000000Z."
"CPHD-BQT7YB4","12/1/2025 12:30:29 PM","Microsoft-Windows-Kernel-Boot/Operational","12/1/2025 12:51:45 PM","292","Microsoft-Windows-Kernel-Boot","Error","Failed to update the SBAT value in FW."
"CPHD-BQT7YB4","12/1/2025 12:30:29 PM","System","12/1/2025 12:52:14 PM","6005","EventLog","Information","The Event log service was started."
"CPHD-BQT7YB4","12/1/2025 12:30:29 PM","System","12/1/2025 12:52:14 PM","12","Microsoft-Windows-UserModePowerService","Information","Process C:\Windows\System32\DriverStore\FileRepository\ipf_cpu.inf_amd64_049e38a37c46edc4\ipf_uf.exe (process ID:3748) reset policy scheme from {07084296-1ee0-4afa-bf25-f667953ec23a} to {07084296-1ee0-4afa-bf25-f667953ec23a}"
"CPHD-BQT7YB4","12/1/2025 12:30:29 PM","System","12/1/2025 12:52:15 PM","12","Microsoft-Windows-UserModePowerService","Information","Process C:\Windows\System32\DriverStore\FileRepository\ipf_cpu.inf_amd64_049e38a37c46edc4\ipf_uf.exe (process ID:3748) reset policy scheme from {07084296-1ee0-4afa-bf25-f667953ec23a} to {07084296-1ee0-4afa-bf25-f667953ec23a}"
"CPHD-BQT7YB4","12/1/2025 12:30:35 PM","System","12/1/2025 12:30:28 PM","1074","User32","Information","The process C:\Windows\system32\winlogon.exe (CPHD-BQT7YB4) has initiated the power off of computer CPHD-BQT7YB4 on behalf of user NT AUTHORITY\SYSTEM for the following reason: No title for this reason could be found Reason Code: 0x500ff Shutdown Type: power off Comment:"
"CPHD-BQT7YB4","12/1/2025 12:30:35 PM","System","12/1/2025 12:30:29 PM","6006","EventLog","Information","The Event log service was stopped."
"CPHD-BQT7YB4","12/1/2025 12:30:35 PM","System","12/1/2025 12:30:35 PM","13","Microsoft-Windows-Kernel-General","Information","The operating system is shutting down at system time ‎2025‎-‎12‎-‎01T11:30:35.261584500Z."
"CPHD-BQT7YB4","12/1/2025 12:30:35 PM","System","12/1/2025 12:51:45 PM","12","Microsoft-Windows-Kernel-General","Information","The operating system started at system time ‎2025‎-‎12‎-‎01T11:51:44.500000000Z."
"CPHD-BQT7YB4","12/1/2025 12:30:35 PM","Microsoft-Windows-Kernel-Boot/Operational","12/1/2025 12:51:45 PM","292","Microsoft-Windows-Kernel-Boot","Error","Failed to update the SBAT value in FW."
"CPHD-BQT7YB4","12/1/2025 12:30:35 PM","System","12/1/2025 12:52:14 PM","6005","EventLog","Information","The Event log service was started."
"CPHD-BQT7YB4","12/1/2025 12:30:35 PM","System","12/1/2025 12:52:14 PM","12","Microsoft-Windows-UserModePowerService","Information","Process C:\Windows\System32\DriverStore\FileRepository\ipf_cpu.inf_amd64_049e38a37c46edc4\ipf_uf.exe (process ID:3748) reset policy scheme from {07084296-1ee0-4afa-bf25-f667953ec23a} to {07084296-1ee0-4afa-bf25-f667953ec23a}"
"CPHD-BQT7YB4","12/1/2025 12:30:35 PM","System","12/1/2025 12:52:15 PM","12","Microsoft-Windows-UserModePowerService","Information","Process C:\Windows\System32\DriverStore\FileRepository\ipf_cpu.inf_amd64_049e38a37c46edc4\ipf_uf.exe (process ID:3748) reset policy scheme from {07084296-1ee0-4afa-bf25-f667953ec23a} to {07084296-1ee0-4afa-bf25-f667953ec23a}"
"CPHD-BQT7YB4","12/8/2025 7:18:22 AM","System","12/8/2025 7:18:21 AM","1074","User32","Information","The process C:\Windows\system32\winlogon.exe (CPHD-BQT7YB4) has initiated the power off of computer CPHD-BQT7YB4 on behalf of user NT AUTHORITY\SYSTEM for the following reason: No title for this reason could be found Reason Code: 0x500ff Shutdown Type: power off Comment:"
"CPHD-BQT7YB4","12/8/2025 7:18:22 AM","System","12/8/2025 7:18:22 AM","6006","EventLog","Information","The Event log service was stopped."
"CPHD-BQT7YB4","12/8/2025 7:18:22 AM","System","12/8/2025 7:18:28 AM","13","Microsoft-Windows-Kernel-General","Information","The operating system is shutting down at system time ‎2025‎-‎12‎-‎08T06:18:28.076462400Z."
"CPHD-BQT7YB4","12/8/2025 7:18:22 AM","System","12/8/2025 7:31:15 AM","12","Microsoft-Windows-Kernel-General","Information","The operating system started at system time ‎2025‎-‎12‎-‎08T06:31:13.500000000Z."
"CPHD-BQT7YB4","12/8/2025 7:18:22 AM","Microsoft-Windows-Kernel-Boot/Operational","12/8/2025 7:31:15 AM","292","Microsoft-Windows-Kernel-Boot","Error","Failed to update the SBAT value in FW."
"CPHD-BQT7YB4","12/8/2025 7:18:22 AM","System","12/8/2025 7:31:45 AM","6005","EventLog","Information","The Event log service was started."
"CPHD-BQT7YB4","12/8/2025 7:18:22 AM","System","12/8/2025 7:31:45 AM","12","Microsoft-Windows-UserModePowerService","Information","Process C:\Windows\System32\DriverStore\FileRepository\ipf_cpu.inf_amd64_049e38a37c46edc4\ipf_uf.exe (process ID:3740) reset policy scheme from {07084296-1ee0-4afa-bf25-f667953ec23a} to {07084296-1ee0-4afa-bf25-f667953ec23a}"
"CPHD-BQT7YB4","12/8/2025 7:18:22 AM","System","12/8/2025 7:31:46 AM","12","Microsoft-Windows-UserModePowerService","Information","Process C:\Windows\System32\DriverStore\FileRepository\ipf_cpu.inf_amd64_049e38a37c46edc4\ipf_uf.exe (process ID:3740) reset policy scheme from {07084296-1ee0-4afa-bf25-f667953ec23a} to {07084296-1ee0-4afa-bf25-f667953ec23a}"
"CPHD-BQT7YB4","12/8/2025 7:18:22 AM","Microsoft-Windows-WindowsUpdateClient/Operational","12/8/2025 7:45:53 AM","41","Microsoft-Windows-WindowsUpdateClient","Information","An update was downloaded."
"CPHD-BQT7YB4","12/8/2025 7:18:22 AM","Microsoft-Windows-WindowsUpdateClient/Operational","12/8/2025 7:45:53 AM","41","Microsoft-Windows-WindowsUpdateClient","Information","An update was downloaded."
"CPHD-BQT7YB4","12/8/2025 7:18:28 AM","System","12/8/2025 7:18:21 AM","1074","User32","Information","The process C:\Windows\system32\winlogon.exe (CPHD-BQT7YB4) has initiated the power off of computer CPHD-BQT7YB4 on behalf of user NT AUTHORITY\SYSTEM for the following reason: No title for this reason could be found Reason Code: 0x500ff Shutdown Type: power off Comment:"
"CPHD-BQT7YB4","12/8/2025 7:18:28 AM","System","12/8/2025 7:18:22 AM","6006","EventLog","Information","The Event log service was stopped."
"CPHD-BQT7YB4","12/8/2025 7:18:28 AM","System","12/8/2025 7:18:28 AM","13","Microsoft-Windows-Kernel-General","Information","The operating system is shutting down at system time ‎2025‎-‎12‎-‎08T06:18:28.076462400Z."
"CPHD-BQT7YB4","12/8/2025 7:18:28 AM","System","12/8/2025 7:31:15 AM","12","Microsoft-Windows-Kernel-General","Information","The operating system started at system time ‎2025‎-‎12‎-‎08T06:31:13.500000000Z."
"CPHD-BQT7YB4","12/8/2025 7:18:28 AM","Microsoft-Windows-Kernel-Boot/Operational","12/8/2025 7:31:15 AM","292","Microsoft-Windows-Kernel-Boot","Error","Failed to update the SBAT value in FW."
"CPHD-BQT7YB4","12/8/2025 7:18:28 AM","System","12/8/2025 7:31:45 AM","6005","EventLog","Information","The Event log service was started."
"CPHD-BQT7YB4","12/8/2025 7:18:28 AM","System","12/8/2025 7:31:45 AM","12","Microsoft-Windows-UserModePowerService","Information","Process C:\Windows\System32\DriverStore\FileRepository\ipf_cpu.inf_amd64_049e38a37c46edc4\ipf_uf.exe (process ID:3740) reset policy scheme from {07084296-1ee0-4afa-bf25-f667953ec23a} to {07084296-1ee0-4afa-bf25-f667953ec23a}"
"CPHD-BQT7YB4","12/8/2025 7:18:28 AM","System","12/8/2025 7:31:46 AM","12","Microsoft-Windows-UserModePowerService","Information","Process C:\Windows\System32\DriverStore\FileRepository\ipf_cpu.inf_amd64_049e38a37c46edc4\ipf_uf.exe (process ID:3740) reset policy scheme from {07084296-1ee0-4afa-bf25-f667953ec23a} to {07084296-1ee0-4afa-bf25-f667953ec23a}"
"CPHD-BQT7YB4","12/8/2025 7:18:28 AM","Microsoft-Windows-WindowsUpdateClient/Operational","12/8/2025 7:45:53 AM","41","Microsoft-Windows-WindowsUpdateClient","Information","An update was downloaded."
"CPHD-BQT7YB4","12/8/2025 7:18:28 AM","Microsoft-Windows-WindowsUpdateClient/Operational","12/8/2025 7:45:53 AM","41","Microsoft-Windows-WindowsUpdateClient","Information","An update was downloaded."
"CPHD-BQT7YB4","12/11/2025 12:36:21 AM","System","12/11/2025 12:36:01 AM","1074","User32","Information","The process C:\Windows\system32\svchost.exe (CPHD-BQT7YB4) has initiated the restart of computer CPHD-BQT7YB4 on behalf of user NT AUTHORITY\SYSTEM for the following reason: Operating System: Service pack (Planned) Reason Code: 0x80020010 Shutdown Type: restart Comment:"
"CPHD-BQT7YB4","12/11/2025 12:36:21 AM","System","12/11/2025 12:36:21 AM","6006","EventLog","Information","The Event log service was stopped."
"CPHD-BQT7YB4","12/11/2025 12:36:21 AM","System","12/11/2025 12:36:26 AM","13","Microsoft-Windows-Kernel-General","Information","The operating system is shutting down at system time ‎2025‎-‎12‎-‎10T23:36:26.920875100Z."
"CPHD-BQT7YB4","12/11/2025 12:36:21 AM","System","12/11/2025 12:36:42 AM","12","Microsoft-Windows-Kernel-General","Information","The operating system started at system time ‎2025‎-‎12‎-‎10T23:36:41.500000000Z."
"CPHD-BQT7YB4","12/11/2025 12:36:21 AM","Microsoft-Windows-Kernel-Boot/Operational","12/11/2025 12:36:42 AM","292","Microsoft-Windows-Kernel-Boot","Error","Failed to update the SBAT value in FW."
"CPHD-BQT7YB4","12/11/2025 12:36:21 AM","System","12/11/2025 12:37:11 AM","6005","EventLog","Information","The Event log service was started."
"CPHD-BQT7YB4","12/11/2025 12:36:21 AM","System","12/11/2025 12:37:12 AM","12","Microsoft-Windows-UserModePowerService","Information","Process C:\Windows\System32\DriverStore\FileRepository\ipf_cpu.inf_amd64_049e38a37c46edc4\ipf_uf.exe (process ID:3636) reset policy scheme from {07084296-1ee0-4afa-bf25-f667953ec23a} to {07084296-1ee0-4afa-bf25-f667953ec23a}"
"CPHD-BQT7YB4","12/11/2025 12:36:21 AM","System","12/11/2025 12:37:12 AM","12","Microsoft-Windows-UserModePowerService","Information","Process C:\Windows\System32\DriverStore\FileRepository\ipf_cpu.inf_amd64_049e38a37c46edc4\ipf_uf.exe (process ID:3636) reset policy scheme from {07084296-1ee0-4afa-bf25-f667953ec23a} to {07084296-1ee0-4afa-bf25-f667953ec23a}"
"CPHD-BQT7YB4","12/11/2025 12:36:26 AM","System","12/11/2025 12:36:01 AM","1074","User32","Information","The process C:\Windows\system32\svchost.exe (CPHD-BQT7YB4) has initiated the restart of computer CPHD-BQT7YB4 on behalf of user NT AUTHORITY\SYSTEM for the following reason: Operating System: Service pack (Planned) Reason Code: 0x80020010 Shutdown Type: restart Comment:"
"CPHD-BQT7YB4","12/11/2025 12:36:26 AM","System","12/11/2025 12:36:21 AM","6006","EventLog","Information","The Event log service was stopped."
"CPHD-BQT7YB4","12/11/2025 12:36:26 AM","System","12/11/2025 12:36:26 AM","13","Microsoft-Windows-Kernel-General","Information","The operating system is shutting down at system time ‎2025‎-‎12‎-‎10T23:36:26.920875100Z."
"CPHD-BQT7YB4","12/11/2025 12:36:26 AM","System","12/11/2025 12:36:42 AM","12","Microsoft-Windows-Kernel-General","Information","The operating system started at system time ‎2025‎-‎12‎-‎10T23:36:41.500000000Z."
"CPHD-BQT7YB4","12/11/2025 12:36:26 AM","Microsoft-Windows-Kernel-Boot/Operational","12/11/2025 12:36:42 AM","292","Microsoft-Windows-Kernel-Boot","Error","Failed to update the SBAT value in FW."
"CPHD-BQT7YB4","12/11/2025 12:36:26 AM","System","12/11/2025 12:37:11 AM","6005","EventLog","Information","The Event log service was started."
"CPHD-BQT7YB4","12/11/2025 12:36:26 AM","System","12/11/2025 12:37:12 AM","12","Microsoft-Windows-UserModePowerService","Information","Process C:\Windows\System32\DriverStore\FileRepository\ipf_cpu.inf_amd64_049e38a37c46edc4\ipf_uf.exe (process ID:3636) reset policy scheme from {07084296-1ee0-4afa-bf25-f667953ec23a} to {07084296-1ee0-4afa-bf25-f667953ec23a}"
"CPHD-BQT7YB4","12/11/2025 12:36:26 AM","System","12/11/2025 12:37:12 AM","12","Microsoft-Windows-UserModePowerService","Information","Process C:\Windows\System32\DriverStore\FileRepository\ipf_cpu.inf_amd64_049e38a37c46edc4\ipf_uf.exe (process ID:3636) reset policy scheme from {07084296-1ee0-4afa-bf25-f667953ec23a} to {07084296-1ee0-4afa-bf25-f667953ec23a}"
"CPHD-BQT7YB4","12/22/2025 7:33:29 AM","System","12/22/2025 7:33:28 AM","1074","User32","Information","The process C:\Windows\system32\winlogon.exe (CPHD-BQT7YB4) has initiated the power off of computer CPHD-BQT7YB4 on behalf of user NT AUTHORITY\SYSTEM for the following reason: No title for this reason could be found Reason Code: 0x500ff Shutdown Type: power off Comment:"
"CPHD-BQT7YB4","12/22/2025 7:33:29 AM","System","12/22/2025 7:33:29 AM","6006","EventLog","Information","The Event log service was stopped."
"CPHD-BQT7YB4","12/22/2025 7:33:29 AM","System","12/22/2025 7:33:34 AM","13","Microsoft-Windows-Kernel-General","Information","The operating system is shutting down at system time ‎2025‎-‎12‎-‎22T06:33:34.969484200Z."
"CPHD-BQT7YB4","12/22/2025 7:33:29 AM","System","12/22/2025 7:43:44 AM","12","Microsoft-Windows-Kernel-General","Information","The operating system started at system time ‎2025‎-‎12‎-‎22T06:43:42.500000000Z."
"CPHD-BQT7YB4","12/22/2025 7:33:29 AM","Microsoft-Windows-Kernel-Boot/Operational","12/22/2025 7:43:44 AM","292","Microsoft-Windows-Kernel-Boot","Error","Failed to update the SBAT value in FW."
"CPHD-BQT7YB4","12/22/2025 7:33:29 AM","System","12/22/2025 7:44:14 AM","6005","EventLog","Information","The Event log service was started."
"CPHD-BQT7YB4","12/22/2025 7:33:29 AM","System","12/22/2025 7:44:14 AM","12","Microsoft-Windows-UserModePowerService","Information","Process C:\Windows\System32\DriverStore\FileRepository\ipf_cpu.inf_amd64_049e38a37c46edc4\ipf_uf.exe (process ID:3700) reset policy scheme from {07084296-1ee0-4afa-bf25-f667953ec23a} to {07084296-1ee0-4afa-bf25-f667953ec23a}"
"CPHD-BQT7YB4","12/22/2025 7:33:29 AM","System","12/22/2025 7:44:15 AM","12","Microsoft-Windows-UserModePowerService","Information","Process C:\Windows\System32\DriverStore\FileRepository\ipf_cpu.inf_amd64_049e38a37c46edc4\ipf_uf.exe (process ID:3700) reset policy scheme from {07084296-1ee0-4afa-bf25-f667953ec23a} to {07084296-1ee0-4afa-bf25-f667953ec23a}"
"CPHD-BQT7YB4","12/22/2025 7:33:34 AM","System","12/22/2025 7:33:28 AM","1074","User32","Information","The process C:\Windows\system32\winlogon.exe (CPHD-BQT7YB4) has initiated the power off of computer CPHD-BQT7YB4 on behalf of user NT AUTHORITY\SYSTEM for the following reason: No title for this reason could be found Reason Code: 0x500ff Shutdown Type: power off Comment:"
"CPHD-BQT7YB4","12/22/2025 7:33:34 AM","System","12/22/2025 7:33:29 AM","6006","EventLog","Information","The Event log service was stopped."
"CPHD-BQT7YB4","12/22/2025 7:33:34 AM","System","12/22/2025 7:33:34 AM","13","Microsoft-Windows-Kernel-General","Information","The operating system is shutting down at system time ‎2025‎-‎12‎-‎22T06:33:34.969484200Z."
"CPHD-BQT7YB4","12/22/2025 7:33:34 AM","System","12/22/2025 7:43:44 AM","12","Microsoft-Windows-Kernel-General","Information","The operating system started at system time ‎2025‎-‎12‎-‎22T06:43:42.500000000Z."
"CPHD-BQT7YB4","12/22/2025 7:33:34 AM","Microsoft-Windows-Kernel-Boot/Operational","12/22/2025 7:43:44 AM","292","Microsoft-Windows-Kernel-Boot","Error","Failed to update the SBAT value in FW."
"CPHD-BQT7YB4","12/22/2025 7:33:34 AM","System","12/22/2025 7:44:14 AM","6005","EventLog","Information","The Event log service was started."
"CPHD-BQT7YB4","12/22/2025 7:33:34 AM","System","12/22/2025 7:44:14 AM","12","Microsoft-Windows-UserModePowerService","Information","Process C:\Windows\System32\DriverStore\FileRepository\ipf_cpu.inf_amd64_049e38a37c46edc4\ipf_uf.exe (process ID:3700) reset policy scheme from {07084296-1ee0-4afa-bf25-f667953ec23a} to {07084296-1ee0-4afa-bf25-f667953ec23a}"
"CPHD-BQT7YB4","12/22/2025 7:33:34 AM","System","12/22/2025 7:44:15 AM","12","Microsoft-Windows-UserModePowerService","Information","Process C:\Windows\System32\DriverStore\FileRepository\ipf_cpu.inf_amd64_049e38a37c46edc4\ipf_uf.exe (process ID:3700) reset policy scheme from {07084296-1ee0-4afa-bf25-f667953ec23a} to {07084296-1ee0-4afa-bf25-f667953ec23a}"
"CPHD-BQT7YB4","12/30/2025 8:41:21 AM","System","12/30/2025 8:41:19 AM","1074","User32","Information","The process C:\Windows\system32\winlogon.exe (CPHD-BQT7YB4) has initiated the power off of computer CPHD-BQT7YB4 on behalf of user NT AUTHORITY\SYSTEM for the following reason: No title for this reason could be found Reason Code: 0x500ff Shutdown Type: power off Comment:"
"CPHD-BQT7YB4","12/30/2025 8:41:21 AM","System","12/30/2025 8:41:21 AM","6006","EventLog","Information","The Event log service was stopped."
"CPHD-BQT7YB4","12/30/2025 8:41:21 AM","System","12/30/2025 8:41:26 AM","13","Microsoft-Windows-Kernel-General","Information","The operating system is shutting down at system time ‎2025‎-‎12‎-‎30T07:41:26.658373500Z."
"CPHD-BQT7YB4","12/30/2025 8:41:21 AM","System","12/30/2025 8:49:08 AM","12","Microsoft-Windows-Kernel-General","Information","The operating system started at system time ‎2025‎-‎12‎-‎30T07:49:06.500000000Z."
"CPHD-BQT7YB4","12/30/2025 8:41:21 AM","Microsoft-Windows-Kernel-Boot/Operational","12/30/2025 8:49:08 AM","292","Microsoft-Windows-Kernel-Boot","Error","Failed to update the SBAT value in FW."
"CPHD-BQT7YB4","12/30/2025 8:41:21 AM","System","12/30/2025 8:49:38 AM","6005","EventLog","Information","The Event log service was started."
"CPHD-BQT7YB4","12/30/2025 8:41:21 AM","System","12/30/2025 8:49:38 AM","12","Microsoft-Windows-UserModePowerService","Information","Process C:\Windows\System32\DriverStore\FileRepository\ipf_cpu.inf_amd64_049e38a37c46edc4\ipf_uf.exe (process ID:3792) reset policy scheme from {07084296-1ee0-4afa-bf25-f667953ec23a} to {07084296-1ee0-4afa-bf25-f667953ec23a}"
"CPHD-BQT7YB4","12/30/2025 8:41:21 AM","System","12/30/2025 8:49:38 AM","12","Microsoft-Windows-UserModePowerService","Information","Process C:\Windows\System32\DriverStore\FileRepository\ipf_cpu.inf_amd64_049e38a37c46edc4\ipf_uf.exe (process ID:3792) reset policy scheme from {07084296-1ee0-4afa-bf25-f667953ec23a} to {07084296-1ee0-4afa-bf25-f667953ec23a}"
"CPHD-BQT7YB4","12/30/2025 8:41:26 AM","System","12/30/2025 8:41:19 AM","1074","User32","Information","The process C:\Windows\system32\winlogon.exe (CPHD-BQT7YB4) has initiated the power off of computer CPHD-BQT7YB4 on behalf of user NT AUTHORITY\SYSTEM for the following reason: No title for this reason could be found Reason Code: 0x500ff Shutdown Type: power off Comment:"
"CPHD-BQT7YB4","12/30/2025 8:41:26 AM","System","12/30/2025 8:41:21 AM","6006","EventLog","Information","The Event log service was stopped."
"CPHD-BQT7YB4","12/30/2025 8:41:26 AM","System","12/30/2025 8:41:26 AM","13","Microsoft-Windows-Kernel-General","Information","The operating system is shutting down at system time ‎2025‎-‎12‎-‎30T07:41:26.658373500Z."
"CPHD-BQT7YB4","12/30/2025 8:41:26 AM","System","12/30/2025 8:49:08 AM","12","Microsoft-Windows-Kernel-General","Information","The operating system started at system time ‎2025‎-‎12‎-‎30T07:49:06.500000000Z."
"CPHD-BQT7YB4","12/30/2025 8:41:26 AM","Microsoft-Windows-Kernel-Boot/Operational","12/30/2025 8:49:08 AM","292","Microsoft-Windows-Kernel-Boot","Error","Failed to update the SBAT value in FW."
"CPHD-BQT7YB4","12/30/2025 8:41:26 AM","System","12/30/2025 8:49:38 AM","6005","EventLog","Information","The Event log service was started."
"CPHD-BQT7YB4","12/30/2025 8:41:26 AM","System","12/30/2025 8:49:38 AM","12","Microsoft-Windows-UserModePowerService","Information","Process C:\Windows\System32\DriverStore\FileRepository\ipf_cpu.inf_amd64_049e38a37c46edc4\ipf_uf.exe (process ID:3792) reset policy scheme from {07084296-1ee0-4afa-bf25-f667953ec23a} to {07084296-1ee0-4afa-bf25-f667953ec23a}"
"CPHD-BQT7YB4","12/30/2025 8:41:26 AM","System","12/30/2025 8:49:38 AM","12","Microsoft-Windows-UserModePowerService","Information","Process C:\Windows\System32\DriverStore\FileRepository\ipf_cpu.inf_amd64_049e38a37c46edc4\ipf_uf.exe (process ID:3792) reset policy scheme from {07084296-1ee0-4afa-bf25-f667953ec23a} to {07084296-1ee0-4afa-bf25-f667953ec23a}"
"CPHD-BQT7YB4","1/5/2026 7:03:50 PM","System","1/5/2026 7:03:49 PM","1074","User32","Information","The process C:\Windows\system32\winlogon.exe (CPHD-BQT7YB4) has initiated the power off of computer CPHD-BQT7YB4 on behalf of user NT AUTHORITY\SYSTEM for the following reason: No title for this reason could be found Reason Code: 0x500ff Shutdown Type: power off Comment:"
"CPHD-BQT7YB4","1/5/2026 7:03:50 PM","System","1/5/2026 7:03:50 PM","6006","EventLog","Information","The Event log service was stopped."
"CPHD-BQT7YB4","1/5/2026 7:03:50 PM","System","1/5/2026 7:03:56 PM","13","Microsoft-Windows-Kernel-General","Information","The operating system is shutting down at system time ‎2026‎-‎01‎-‎05T18:03:56.125022200Z."
"CPHD-BQT7YB4","1/5/2026 7:03:50 PM","System","1/5/2026 7:07:36 PM","12","Microsoft-Windows-Kernel-General","Information","The operating system started at system time ‎2026‎-‎01‎-‎05T18:07:35.500000000Z."
"CPHD-BQT7YB4","1/5/2026 7:03:50 PM","Microsoft-Windows-Kernel-Boot/Operational","1/5/2026 7:07:36 PM","292","Microsoft-Windows-Kernel-Boot","Error","Failed to update the SBAT value in FW."
"CPHD-BQT7YB4","1/5/2026 7:03:50 PM","System","1/5/2026 7:08:05 PM","6005","EventLog","Information","The Event log service was started."
"CPHD-BQT7YB4","1/5/2026 7:03:50 PM","System","1/5/2026 7:08:05 PM","12","Microsoft-Windows-UserModePowerService","Information","Process C:\Windows\System32\DriverStore\FileRepository\ipf_cpu.inf_amd64_049e38a37c46edc4\ipf_uf.exe (process ID:3780) reset policy scheme from {07084296-1ee0-4afa-bf25-f667953ec23a} to {07084296-1ee0-4afa-bf25-f667953ec23a}"
"CPHD-BQT7YB4","1/5/2026 7:03:50 PM","System","1/5/2026 7:08:05 PM","12","Microsoft-Windows-UserModePowerService","Information","Process C:\Windows\System32\DriverStore\FileRepository\ipf_cpu.inf_amd64_049e38a37c46edc4\ipf_uf.exe (process ID:3780) reset policy scheme from {07084296-1ee0-4afa-bf25-f667953ec23a} to {07084296-1ee0-4afa-bf25-f667953ec23a}"
"CPHD-BQT7YB4","1/5/2026 7:03:56 PM","System","1/5/2026 7:03:49 PM","1074","User32","Information","The process C:\Windows\system32\winlogon.exe (CPHD-BQT7YB4) has initiated the power off of computer CPHD-BQT7YB4 on behalf of user NT AUTHORITY\SYSTEM for the following reason: No title for this reason could be found Reason Code: 0x500ff Shutdown Type: power off Comment:"
"CPHD-BQT7YB4","1/5/2026 7:03:56 PM","System","1/5/2026 7:03:50 PM","6006","EventLog","Information","The Event log service was stopped."
"CPHD-BQT7YB4","1/5/2026 7:03:56 PM","System","1/5/2026 7:03:56 PM","13","Microsoft-Windows-Kernel-General","Information","The operating system is shutting down at system time ‎2026‎-‎01‎-‎05T18:03:56.125022200Z."
"CPHD-BQT7YB4","1/5/2026 7:03:56 PM","System","1/5/2026 7:07:36 PM","12","Microsoft-Windows-Kernel-General","Information","The operating system started at system time ‎2026‎-‎01‎-‎05T18:07:35.500000000Z."
"CPHD-BQT7YB4","1/5/2026 7:03:56 PM","Microsoft-Windows-Kernel-Boot/Operational","1/5/2026 7:07:36 PM","292","Microsoft-Windows-Kernel-Boot","Error","Failed to update the SBAT value in FW."
"CPHD-BQT7YB4","1/5/2026 7:03:56 PM","System","1/5/2026 7:08:05 PM","6005","EventLog","Information","The Event log service was started."
"CPHD-BQT7YB4","1/5/2026 7:03:56 PM","System","1/5/2026 7:08:05 PM","12","Microsoft-Windows-UserModePowerService","Information","Process C:\Windows\System32\DriverStore\FileRepository\ipf_cpu.inf_amd64_049e38a37c46edc4\ipf_uf.exe (process ID:3780) reset policy scheme from {07084296-1ee0-4afa-bf25-f667953ec23a} to {07084296-1ee0-4afa-bf25-f667953ec23a}"
"CPHD-BQT7YB4","1/5/2026 7:03:56 PM","System","1/5/2026 7:08:05 PM","12","Microsoft-Windows-UserModePowerService","Information","Process C:\Windows\System32\DriverStore\FileRepository\ipf_cpu.inf_amd64_049e38a37c46edc4\ipf_uf.exe (process ID:3780) reset policy scheme from {07084296-1ee0-4afa-bf25-f667953ec23a} to {07084296-1ee0-4afa-bf25-f667953ec23a}"
"CPHD-BQT7YB4","1/7/2026 4:05:55 PM","System","1/7/2026 4:05:54 PM","1074","User32","Information","The process C:\Windows\system32\winlogon.exe (CPHD-BQT7YB4) has initiated the power off of computer CPHD-BQT7YB4 on behalf of user NT AUTHORITY\SYSTEM for the following reason: No title for this reason could be found Reason Code: 0x500ff Shutdown Type: power off Comment:"
"CPHD-BQT7YB4","1/7/2026 4:05:55 PM","System","1/7/2026 4:05:55 PM","6006","EventLog","Information","The Event log service was stopped."
"CPHD-BQT7YB4","1/7/2026 4:05:55 PM","System","1/7/2026 4:06:00 PM","13","Microsoft-Windows-Kernel-General","Information","The operating system is shutting down at system time ‎2026‎-‎01‎-‎07T15:06:00.817249500Z."
"CPHD-BQT7YB4","1/7/2026 4:05:55 PM","System","1/7/2026 4:51:47 PM","12","Microsoft-Windows-Kernel-General","Information","The operating system started at system time ‎2026‎-‎01‎-‎07T15:51:45.500000000Z."
"CPHD-BQT7YB4","1/7/2026 4:05:55 PM","Microsoft-Windows-Kernel-Boot/Operational","1/7/2026 4:51:47 PM","292","Microsoft-Windows-Kernel-Boot","Error","Failed to update the SBAT value in FW."
"CPHD-BQT7YB4","1/7/2026 4:05:55 PM","System","1/7/2026 4:52:17 PM","6005","EventLog","Information","The Event log service was started."
"CPHD-BQT7YB4","1/7/2026 4:05:55 PM","System","1/7/2026 4:52:17 PM","12","Microsoft-Windows-UserModePowerService","Information","Process C:\Windows\System32\DriverStore\FileRepository\ipf_cpu.inf_amd64_049e38a37c46edc4\ipf_uf.exe (process ID:3780) reset policy scheme from {07084296-1ee0-4afa-bf25-f667953ec23a} to {07084296-1ee0-4afa-bf25-f667953ec23a}"
"CPHD-BQT7YB4","1/7/2026 4:05:55 PM","System","1/7/2026 4:52:17 PM","12","Microsoft-Windows-UserModePowerService","Information","Process C:\Windows\System32\DriverStore\FileRepository\ipf_cpu.inf_amd64_049e38a37c46edc4\ipf_uf.exe (process ID:3780) reset policy scheme from {07084296-1ee0-4afa-bf25-f667953ec23a} to {07084296-1ee0-4afa-bf25-f667953ec23a}"
"CPHD-BQT7YB4","1/7/2026 4:06:00 PM","System","1/7/2026 4:05:54 PM","1074","User32","Information","The process C:\Windows\system32\winlogon.exe (CPHD-BQT7YB4) has initiated the power off of computer CPHD-BQT7YB4 on behalf of user NT AUTHORITY\SYSTEM for the following reason: No title for this reason could be found Reason Code: 0x500ff Shutdown Type: power off Comment:"
"CPHD-BQT7YB4","1/7/2026 4:06:00 PM","System","1/7/2026 4:05:55 PM","6006","EventLog","Information","The Event log service was stopped."
"CPHD-BQT7YB4","1/7/2026 4:06:00 PM","System","1/7/2026 4:06:00 PM","13","Microsoft-Windows-Kernel-General","Information","The operating system is shutting down at system time ‎2026‎-‎01‎-‎07T15:06:00.817249500Z."
"CPHD-BQT7YB4","1/7/2026 4:06:00 PM","System","1/7/2026 4:51:47 PM","12","Microsoft-Windows-Kernel-General","Information","The operating system started at system time ‎2026‎-‎01‎-‎07T15:51:45.500000000Z."
"CPHD-BQT7YB4","1/7/2026 4:06:00 PM","Microsoft-Windows-Kernel-Boot/Operational","1/7/2026 4:51:47 PM","292","Microsoft-Windows-Kernel-Boot","Error","Failed to update the SBAT value in FW."
"CPHD-BQT7YB4","1/7/2026 4:06:00 PM","System","1/7/2026 4:52:17 PM","6005","EventLog","Information","The Event log service was started."
"CPHD-BQT7YB4","1/7/2026 4:06:00 PM","System","1/7/2026 4:52:17 PM","12","Microsoft-Windows-UserModePowerService","Information","Process C:\Windows\System32\DriverStore\FileRepository\ipf_cpu.inf_amd64_049e38a37c46edc4\ipf_uf.exe (process ID:3780) reset policy scheme from {07084296-1ee0-4afa-bf25-f667953ec23a} to {07084296-1ee0-4afa-bf25-f667953ec23a}"
"CPHD-BQT7YB4","1/7/2026 4:06:00 PM","System","1/7/2026 4:52:17 PM","12","Microsoft-Windows-UserModePowerService","Information","Process C:\Windows\System32\DriverStore\FileRepository\ipf_cpu.inf_amd64_049e38a37c46edc4\ipf_uf.exe (process ID:3780) reset policy scheme from {07084296-1ee0-4afa-bf25-f667953ec23a} to {07084296-1ee0-4afa-bf25-f667953ec23a}"
"CPHD-BQT7YB4","1/8/2026 9:18:08 PM","System","1/8/2026 9:18:06 PM","1074","User32","Information","The process C:\Windows\system32\winlogon.exe (CPHD-BQT7YB4) has initiated the power off of computer CPHD-BQT7YB4 on behalf of user NT AUTHORITY\SYSTEM for the following reason: No title for this reason could be found Reason Code: 0x500ff Shutdown Type: power off Comment:"
"CPHD-BQT7YB4","1/8/2026 9:18:08 PM","System","1/8/2026 9:18:08 PM","6006","EventLog","Information","The Event log service was stopped."
"CPHD-BQT7YB4","1/8/2026 9:18:08 PM","System","1/8/2026 9:18:13 PM","13","Microsoft-Windows-Kernel-General","Information","The operating system is shutting down at system time ‎2026‎-‎01‎-‎08T20:18:13.488476700Z."
"CPHD-BQT7YB4","1/8/2026 9:18:08 PM","System","1/8/2026 9:23:52 PM","12","Microsoft-Windows-Kernel-General","Information","The operating system started at system time ‎2026‎-‎01‎-‎08T20:23:51.500000000Z."
"CPHD-BQT7YB4","1/8/2026 9:18:08 PM","Microsoft-Windows-Kernel-Boot/Operational","1/8/2026 9:23:52 PM","292","Microsoft-Windows-Kernel-Boot","Error","Failed to update the SBAT value in FW."
"CPHD-BQT7YB4","1/8/2026 9:18:08 PM","System","1/8/2026 9:24:22 PM","6005","EventLog","Information","The Event log service was started."
"CPHD-BQT7YB4","1/8/2026 9:18:08 PM","System","1/8/2026 9:24:23 PM","12","Microsoft-Windows-UserModePowerService","Information","Process C:\Windows\System32\DriverStore\FileRepository\ipf_cpu.inf_amd64_049e38a37c46edc4\ipf_uf.exe (process ID:3744) reset policy scheme from {07084296-1ee0-4afa-bf25-f667953ec23a} to {07084296-1ee0-4afa-bf25-f667953ec23a}"
"CPHD-BQT7YB4","1/8/2026 9:18:08 PM","System","1/8/2026 9:24:23 PM","12","Microsoft-Windows-UserModePowerService","Information","Process C:\Windows\System32\DriverStore\FileRepository\ipf_cpu.inf_amd64_049e38a37c46edc4\ipf_uf.exe (process ID:3744) reset policy scheme from {07084296-1ee0-4afa-bf25-f667953ec23a} to {07084296-1ee0-4afa-bf25-f667953ec23a}"
"CPHD-BQT7YB4","1/8/2026 9:18:13 PM","System","1/8/2026 9:18:06 PM","1074","User32","Information","The process C:\Windows\system32\winlogon.exe (CPHD-BQT7YB4) has initiated the power off of computer CPHD-BQT7YB4 on behalf of user NT AUTHORITY\SYSTEM for the following reason: No title for this reason could be found Reason Code: 0x500ff Shutdown Type: power off Comment:"
"CPHD-BQT7YB4","1/8/2026 9:18:13 PM","System","1/8/2026 9:18:08 PM","6006","EventLog","Information","The Event log service was stopped."
"CPHD-BQT7YB4","1/8/2026 9:18:13 PM","System","1/8/2026 9:18:13 PM","13","Microsoft-Windows-Kernel-General","Information","The operating system is shutting down at system time ‎2026‎-‎01‎-‎08T20:18:13.488476700Z."
"CPHD-BQT7YB4","1/8/2026 9:18:13 PM","System","1/8/2026 9:23:52 PM","12","Microsoft-Windows-Kernel-General","Information","The operating system started at system time ‎2026‎-‎01‎-‎08T20:23:51.500000000Z."
"CPHD-BQT7YB4","1/8/2026 9:18:13 PM","Microsoft-Windows-Kernel-Boot/Operational","1/8/2026 9:23:52 PM","292","Microsoft-Windows-Kernel-Boot","Error","Failed to update the SBAT value in FW."
"CPHD-BQT7YB4","1/8/2026 9:18:13 PM","System","1/8/2026 9:24:22 PM","6005","EventLog","Information","The Event log service was started."
"CPHD-BQT7YB4","1/8/2026 9:18:13 PM","System","1/8/2026 9:24:23 PM","12","Microsoft-Windows-UserModePowerService","Information","Process C:\Windows\System32\DriverStore\FileRepository\ipf_cpu.inf_amd64_049e38a37c46edc4\ipf_uf.exe (process ID:3744) reset policy scheme from {07084296-1ee0-4afa-bf25-f667953ec23a} to {07084296-1ee0-4afa-bf25-f667953ec23a}"
"CPHD-BQT7YB4","1/8/2026 9:18:13 PM","System","1/8/2026 9:24:23 PM","12","Microsoft-Windows-UserModePowerService","Information","Process C:\Windows\System32\DriverStore\FileRepository\ipf_cpu.inf_amd64_049e38a37c46edc4\ipf_uf.exe (process ID:3744) reset policy scheme from {07084296-1ee0-4afa-bf25-f667953ec23a} to {07084296-1ee0-4afa-bf25-f667953ec23a}"
"CPHD-BQT7YB4","1/13/2026 8:15:13 AM","System","1/13/2026 8:15:12 AM","1074","User32","Information","The process C:\Windows\system32\winlogon.exe (CPHD-BQT7YB4) has initiated the power off of computer CPHD-BQT7YB4 on behalf of user NT AUTHORITY\SYSTEM for the following reason: No title for this reason could be found Reason Code: 0x500ff Shutdown Type: power off Comment:"
"CPHD-BQT7YB4","1/13/2026 8:15:13 AM","System","1/13/2026 8:15:13 AM","6006","EventLog","Information","The Event log service was stopped."
"CPHD-BQT7YB4","1/13/2026 8:15:13 AM","System","1/13/2026 8:15:19 AM","13","Microsoft-Windows-Kernel-General","Information","The operating system is shutting down at system time ‎2026‎-‎01‎-‎13T07:15:19.151619700Z."
"CPHD-BQT7YB4","1/13/2026 8:15:13 AM","System","1/13/2026 8:34:58 AM","12","Microsoft-Windows-Kernel-General","Information","The operating system started at system time ‎2026‎-‎01‎-‎13T07:34:57.500000000Z."
"CPHD-BQT7YB4","1/13/2026 8:15:13 AM","Microsoft-Windows-Kernel-Boot/Operational","1/13/2026 8:34:58 AM","292","Microsoft-Windows-Kernel-Boot","Error","Failed to update the SBAT value in FW."
"CPHD-BQT7YB4","1/13/2026 8:15:13 AM","System","1/13/2026 8:35:27 AM","6005","EventLog","Information","The Event log service was started."
"CPHD-BQT7YB4","1/13/2026 8:15:13 AM","System","1/13/2026 8:35:27 AM","12","Microsoft-Windows-UserModePowerService","Information","Process C:\Windows\System32\DriverStore\FileRepository\ipf_cpu.inf_amd64_049e38a37c46edc4\ipf_uf.exe (process ID:3692) reset policy scheme from {07084296-1ee0-4afa-bf25-f667953ec23a} to {07084296-1ee0-4afa-bf25-f667953ec23a}"
"CPHD-BQT7YB4","1/13/2026 8:15:13 AM","System","1/13/2026 8:35:27 AM","12","Microsoft-Windows-UserModePowerService","Information","Process C:\Windows\System32\DriverStore\FileRepository\ipf_cpu.inf_amd64_049e38a37c46edc4\ipf_uf.exe (process ID:3692) reset policy scheme from {07084296-1ee0-4afa-bf25-f667953ec23a} to {07084296-1ee0-4afa-bf25-f667953ec23a}"
"CPHD-BQT7YB4","1/13/2026 8:15:19 AM","System","1/13/2026 8:15:12 AM","1074","User32","Information","The process C:\Windows\system32\winlogon.exe (CPHD-BQT7YB4) has initiated the power off of computer CPHD-BQT7YB4 on behalf of user NT AUTHORITY\SYSTEM for the following reason: No title for this reason could be found Reason Code: 0x500ff Shutdown Type: power off Comment:"
"CPHD-BQT7YB4","1/13/2026 8:15:19 AM","System","1/13/2026 8:15:13 AM","6006","EventLog","Information","The Event log service was stopped."
"CPHD-BQT7YB4","1/13/2026 8:15:19 AM","System","1/13/2026 8:15:19 AM","13","Microsoft-Windows-Kernel-General","Information","The operating system is shutting down at system time ‎2026‎-‎01‎-‎13T07:15:19.151619700Z."
"CPHD-BQT7YB4","1/13/2026 8:15:19 AM","System","1/13/2026 8:34:58 AM","12","Microsoft-Windows-Kernel-General","Information","The operating system started at system time ‎2026‎-‎01‎-‎13T07:34:57.500000000Z."
"CPHD-BQT7YB4","1/13/2026 8:15:19 AM","Microsoft-Windows-Kernel-Boot/Operational","1/13/2026 8:34:58 AM","292","Microsoft-Windows-Kernel-Boot","Error","Failed to update the SBAT value in FW."
"CPHD-BQT7YB4","1/13/2026 8:15:19 AM","System","1/13/2026 8:35:27 AM","6005","EventLog","Information","The Event log service was started."
"CPHD-BQT7YB4","1/13/2026 8:15:19 AM","System","1/13/2026 8:35:27 AM","12","Microsoft-Windows-UserModePowerService","Information","Process C:\Windows\System32\DriverStore\FileRepository\ipf_cpu.inf_amd64_049e38a37c46edc4\ipf_uf.exe (process ID:3692) reset policy scheme from {07084296-1ee0-4afa-bf25-f667953ec23a} to {07084296-1ee0-4afa-bf25-f667953ec23a}"
"CPHD-BQT7YB4","1/13/2026 8:15:19 AM","System","1/13/2026 8:35:27 AM","12","Microsoft-Windows-UserModePowerService","Information","Process C:\Windows\System32\DriverStore\FileRepository\ipf_cpu.inf_amd64_049e38a37c46edc4\ipf_uf.exe (process ID:3692) reset policy scheme from {07084296-1ee0-4afa-bf25-f667953ec23a} to {07084296-1ee0-4afa-bf25-f667953ec23a}"
"CPHD-BQT7YB4","1/14/2026 6:49:25 PM","System","1/14/2026 6:49:01 PM","1074","User32","Information","The process C:\Windows\system32\svchost.exe (CPHD-BQT7YB4) has initiated the restart of computer CPHD-BQT7YB4 on behalf of user NT AUTHORITY\SYSTEM for the following reason: Operating System: Service pack (Planned) Reason Code: 0x80020010 Shutdown Type: restart Comment:"
"CPHD-BQT7YB4","1/14/2026 6:49:25 PM","System","1/14/2026 6:49:25 PM","6006","EventLog","Information","The Event log service was stopped."
"CPHD-BQT7YB4","1/14/2026 6:49:25 PM","System","1/14/2026 6:49:31 PM","13","Microsoft-Windows-Kernel-General","Information","The operating system is shutting down at system time ‎2026‎-‎01‎-‎14T17:49:31.085573700Z."
"CPHD-BQT7YB4","1/14/2026 6:49:25 PM","System","1/14/2026 6:49:47 PM","12","Microsoft-Windows-Kernel-General","Information","The operating system started at system time ‎2026‎-‎01‎-‎14T17:49:45.500000000Z."
"CPHD-BQT7YB4","1/14/2026 6:49:25 PM","Microsoft-Windows-Kernel-Boot/Operational","1/14/2026 6:49:47 PM","292","Microsoft-Windows-Kernel-Boot","Error","Failed to update the SBAT value in FW."
"CPHD-BQT7YB4","1/14/2026 6:49:25 PM","System","1/14/2026 6:50:19 PM","6005","EventLog","Information","The Event log service was started."
"CPHD-BQT7YB4","1/14/2026 6:49:25 PM","System","1/14/2026 6:50:19 PM","12","Microsoft-Windows-UserModePowerService","Information","Process C:\Windows\System32\DriverStore\FileRepository\ipf_cpu.inf_amd64_049e38a37c46edc4\ipf_uf.exe (process ID:3664) reset policy scheme from {07084296-1ee0-4afa-bf25-f667953ec23a} to {07084296-1ee0-4afa-bf25-f667953ec23a}"
"CPHD-BQT7YB4","1/14/2026 6:49:25 PM","System","1/14/2026 6:50:20 PM","12","Microsoft-Windows-UserModePowerService","Information","Process C:\Windows\System32\DriverStore\FileRepository\ipf_cpu.inf_amd64_049e38a37c46edc4\ipf_uf.exe (process ID:3664) reset policy scheme from {07084296-1ee0-4afa-bf25-f667953ec23a} to {07084296-1ee0-4afa-bf25-f667953ec23a}"
"CPHD-BQT7YB4","1/14/2026 6:49:31 PM","System","1/14/2026 6:49:01 PM","1074","User32","Information","The process C:\Windows\system32\svchost.exe (CPHD-BQT7YB4) has initiated the restart of computer CPHD-BQT7YB4 on behalf of user NT AUTHORITY\SYSTEM for the following reason: Operating System: Service pack (Planned) Reason Code: 0x80020010 Shutdown Type: restart Comment:"
"CPHD-BQT7YB4","1/14/2026 6:49:31 PM","System","1/14/2026 6:49:25 PM","6006","EventLog","Information","The Event log service was stopped."
"CPHD-BQT7YB4","1/14/2026 6:49:31 PM","System","1/14/2026 6:49:31 PM","13","Microsoft-Windows-Kernel-General","Information","The operating system is shutting down at system time ‎2026‎-‎01‎-‎14T17:49:31.085573700Z."
"CPHD-BQT7YB4","1/14/2026 6:49:31 PM","System","1/14/2026 6:49:47 PM","12","Microsoft-Windows-Kernel-General","Information","The operating system started at system time ‎2026‎-‎01‎-‎14T17:49:45.500000000Z."
"CPHD-BQT7YB4","1/14/2026 6:49:31 PM","Microsoft-Windows-Kernel-Boot/Operational","1/14/2026 6:49:47 PM","292","Microsoft-Windows-Kernel-Boot","Error","Failed to update the SBAT value in FW."
"CPHD-BQT7YB4","1/14/2026 6:49:31 PM","System","1/14/2026 6:50:19 PM","6005","EventLog","Information","The Event log service was started."
"CPHD-BQT7YB4","1/14/2026 6:49:31 PM","System","1/14/2026 6:50:19 PM","12","Microsoft-Windows-UserModePowerService","Information","Process C:\Windows\System32\DriverStore\FileRepository\ipf_cpu.inf_amd64_049e38a37c46edc4\ipf_uf.exe (process ID:3664) reset policy scheme from {07084296-1ee0-4afa-bf25-f667953ec23a} to {07084296-1ee0-4afa-bf25-f667953ec23a}"
"CPHD-BQT7YB4","1/14/2026 6:49:31 PM","System","1/14/2026 6:50:20 PM","12","Microsoft-Windows-UserModePowerService","Information","Process C:\Windows\System32\DriverStore\FileRepository\ipf_cpu.inf_amd64_049e38a37c46edc4\ipf_uf.exe (process ID:3664) reset policy scheme from {07084296-1ee0-4afa-bf25-f667953ec23a} to {07084296-1ee0-4afa-bf25-f667953ec23a}"
