﻿Enabled,AssayExact,AssayPattern,AssayFamily,SpecimenOnly,AllowedPrefixes,PrefixMode,AllowedTestTypes,EnforcePrefix,EnforceTestType,EnforceSuffixParity,ParityForX,PosTokens,NegTokens,MTB_SpecialMode,Notes
TRUE,Xpert C.difficile G3,,C.DIFF,TRUE,NEG|CELLNAMN,CELLNAMN,Specimen,FALSE,FALSE,AUTO,AUTO,POSITIVE|DETECTED,NEGATIVE|NOT DETECTED,FALSE,
TRUE,Xpert C.difficile BT,,C.DIFF BT,TRUE,NEG|CELLNAMN,CELLNAMN,Specimen,FALSE,FALSE,AUTO,AUTO,POSITIVE|DETECTED,NEGATIVE|NOT DETECTED,FALSE,
TRUE,Xpert C.diff-Epi,,C.DIFF EP,TRUE,NEG|CELLNAMN,CELLNAMN,Specimen,FALSE,FALSE,AUTO,AUTO,POSITIVE|DETECTED,NEGATIVE|NOT DETECTED,FALSE,
TRUE,Xpert-C. difficile G2,,C.DIFF G2,TRUE,NEG|CELLNAMN,CELLNAMN,Specimen,FALSE,FALSE,AUTO,AUTO,POSITIVE|DETECTED,NEGATIVE|NOT DETECTED,FALSE,
TRUE,Xpert C.difficile G3,,C.DIFF JP,TRUE,NEG|CELLNAMN,CELLNAMN,Specimen,FALSE,FALSE,AUTO,AUTO,POSITIVE|DETECTED,NEGATIVE|NOT DETECTED,FALSE,
TRUE,CARBA-R RUO,,CARBA,FALSE,CELLNAMN,CELLNAMN,Negative Control 1|Positive Control 1|Positive Control 2,FALSE,TRUE,AUTO,AUTO,POSITIVE|DETECTED,NEGATIVE|NOT DETECTED,FALSE,
TRUE,Carba-R BEU IUO,,CARBA,FALSE,CELLNAMN,CELLNAMN,Negative Control 1|Positive Control 1|Positive Control 2,FALSE,TRUE,AUTO,AUTO,POSITIVE|DETECTED,NEGATIVE|NOT DETECTED,FALSE,
TRUE,Carba-R BEU RUO,,CARBA,FALSE,CELLNAMN,CELLNAMN,Negative Control 1|Positive Control 1|Positive Control 2,FALSE,TRUE,AUTO,AUTO,POSITIVE|DETECTED,NEGATIVE|NOT DETECTED,FALSE,
TRUE,Xpert_Carba-R,,CARBA,FALSE,CELLNAMN,CELLNAMN,Negative Control 1|Positive Control 1|Positive Control 2,FALSE,TRUE,AUTO,AUTO,POSITIVE|DETECTED,NEGATIVE|NOT DETECTED,FALSE,
TRUE,CARBA-R IUO,,CARBA IMP1,FALSE,CELLNAMN,CELLNAMN,Negative Control 1|Positive Control 1|Positive Control 2,FALSE,TRUE,AUTO,AUTO,POSITIVE|DETECTED,NEGATIVE|NOT DETECTED,FALSE,
TRUE,Xpert Carba-R,,CARBA IMP1,FALSE,CELLNAMN,CELLNAMN,Negative Control 1|Positive Control 1|Positive Control 2,FALSE,TRUE,AUTO,AUTO,POSITIVE|DETECTED,NEGATIVE|NOT DETECTED,FALSE,
TRUE,LCE009 Xpress SARS-CoV-2 plus,,COVID plus,FALSE,NEG|CELLNAMN,CELLNAMN,Negative Control 1|Positive Control 1,FALSE,TRUE,AUTO,AUTO,POSITIVE|DETECTED,NEGATIVE|NOT DETECTED,FALSE,
TRUE,Xpert Xpress CoV-2 plus,,COVID plus,FALSE,NEG|CELLNAMN,CELLNAMN,Negative Control 1|Positive Control 1,FALSE,TRUE,AUTO,AUTO,POSITIVE|DETECTED,NEGATIVE|NOT DETECTED,FALSE,
TRUE,Xpert Xpress CoV-2 plus IVD,,COVID plus,FALSE,NEG|CELLNAMN,CELLNAMN,Negative Control 1|Positive Control 1,FALSE,TRUE,AUTO,AUTO,POSITIVE|DETECTED,NEGATIVE|NOT DETECTED,FALSE,
TRUE,Xpress CoV-2 plus IUO,,COVID plus,FALSE,NEG|CELLNAMN,CELLNAMN,Negative Control 1|Positive Control 1,FALSE,TRUE,AUTO,AUTO,POSITIVE|DETECTED,NEGATIVE|NOT DETECTED,FALSE,
TRUE,Xpress CoV-2 plus RUO,,COVID plus,FALSE,NEG|CELLNAMN,CELLNAMN,Negative Control 1|Positive Control 1,FALSE,TRUE,AUTO,AUTO,POSITIVE|DETECTED,NEGATIVE|NOT DETECTED,FALSE,
TRUE,Xpert CT_CE,,CT,TRUE,CELLNAMN,CELLNAMN,Specimen,FALSE,FALSE,AUTO,AUTO,POSITIVE|DETECTED,NEGATIVE|NOT DETECTED,FALSE,
TRUE,Xpert CT_NG,,CTNG,TRUE,CELLNAMN,CELLNAMN,Specimen,FALSE,FALSE,AUTO,AUTO,POSITIVE|DETECTED,NEGATIVE|NOT DETECTED,FALSE,
TRUE,Xpert CT_NG,,CTNG JP,TRUE,CELLNAMN,CELLNAMN,Specimen,FALSE,FALSE,AUTO,AUTO,POSITIVE|DETECTED,NEGATIVE|NOT DETECTED,FALSE,
TRUE,Ebola RUO,,EBOLA,FALSE,CELLNAMN,CELLNAMN,Negative Control 1|Positive Control 1|Positive Control 2,FALSE,TRUE,AUTO,AUTO,POSITIVE|DETECTED,NEGATIVE|NOT DETECTED,FALSE,
TRUE,Xpert Ebola CE-IVD,,EBOLA,FALSE,CELLNAMN,CELLNAMN,Negative Control 1|Positive Control 1|Positive Control 2,FALSE,TRUE,AUTO,AUTO,POSITIVE|DETECTED,NEGATIVE|NOT DETECTED,FALSE,
TRUE,Xpert Ebola EUA,,EBOLA,FALSE,CELLNAMN,CELLNAMN,Negative Control 1|Positive Control 1|Positive Control 2,FALSE,TRUE,AUTO,AUTO,POSITIVE|DETECTED,NEGATIVE|NOT DETECTED,FALSE,
TRUE,Xpress Flu IPT_EAT off,,FLU,FALSE,POS|CELLNAMN,CELLNAMN,Negative Control 1|Positive Control 1|Positive Control 2,FALSE,TRUE,AUTO,AUTO,POSITIVE|DETECTED,NEGATIVE|NOT DETECTED,FALSE,
TRUE,XP Flu-RSV RUO,,FLU RSV,FALSE,POS|CELLNAMN,CELLNAMN,Negative Control 1|Positive Control 1|Positive Control 2,FALSE,TRUE,AUTO,AUTO,POSITIVE|DETECTED,NEGATIVE|NOT DETECTED,FALSE,
TRUE,Xpert Xpress Flu-RSV,,FLU RSV,FALSE,POS|CELLNAMN,CELLNAMN,Negative Control 1|Positive Control 1|Positive Control 2,FALSE,TRUE,AUTO,AUTO,POSITIVE|DETECTED,NEGATIVE|NOT DETECTED,FALSE,
TRUE,SARS-CoV-2_Flu_RSV plus IUO,,FLUVID plus,FALSE,NEG|POS,NEG_POS,Negative Control 1|Positive Control 1,TRUE,TRUE,AUTO,AUTO,POSITIVE|DETECTED,NEGATIVE|NOT DETECTED,FALSE,
TRUE,SARS-CoV-2_Flu_RSV plus RUO,,FLUVID plus,FALSE,NEG|POS,NEG_POS,Negative Control 1|Positive Control 1,TRUE,TRUE,AUTO,AUTO,POSITIVE|DETECTED,NEGATIVE|NOT DETECTED,FALSE,
TRUE,SARS-CoV-2_Flu_RSV_plus,,FLUVID plus,FALSE,NEG|POS,NEG_POS,Negative Control 1|Positive Control 1,TRUE,TRUE,AUTO,AUTO,POSITIVE|DETECTED,NEGATIVE|NOT DETECTED,FALSE,
TRUE,Xpress SARS-CoV-2 Flu RSV plus,,FLUVID plus,FALSE,NEG|POS,NEG_POS,Negative Control 1|Positive Control 1,TRUE,TRUE,AUTO,AUTO,POSITIVE|DETECTED,NEGATIVE|NOT DETECTED,FALSE,
TRUE,Xpress SARS-CoV-2_Flu_RSV plus,,FLUVID plus,FALSE,NEG|POS,NEG_POS,Negative Control 1|Positive Control 1,TRUE,TRUE,AUTO,AUTO,POSITIVE|DETECTED,NEGATIVE|NOT DETECTED,FALSE,
TRUE,GBS LB RUO,,GBS,TRUE,CELLNAMN,CELLNAMN,Specimen,FALSE,FALSE,AUTO,AUTO,POSITIVE|DETECTED,NEGATIVE|NOT DETECTED,FALSE,
TRUE,GBS LB XC IUO,,GBS,TRUE,CELLNAMN,CELLNAMN,Specimen,FALSE,FALSE,AUTO,AUTO,POSITIVE|DETECTED,NEGATIVE|NOT DETECTED,FALSE,
TRUE,Xpert GBS LB XC,,GBS,TRUE,CELLNAMN,CELLNAMN,Specimen,FALSE,FALSE,AUTO,AUTO,POSITIVE|DETECTED,NEGATIVE|NOT DETECTED,FALSE,
TRUE,Xpert Xpress GBS,,GBS,TRUE,NEG|CELLNAMN,CELLNAMN,Specimen,FALSE,FALSE,AUTO,AUTO,POSITIVE|DETECTED,NEGATIVE|NOT DETECTED,FALSE,
TRUE,Xpert Xpress GBS RUO,,GBS,TRUE,NEG|CELLNAMN,CELLNAMN,Specimen,FALSE,FALSE,AUTO,AUTO,POSITIVE|DETECTED,NEGATIVE|NOT DETECTED,FALSE,
TRUE,Xpress GBS IUO,,GBS,TRUE,NEG|CELLNAMN,CELLNAMN,Specimen,FALSE,FALSE,AUTO,AUTO,POSITIVE|DETECTED,NEGATIVE|NOT DETECTED,FALSE,
TRUE,Xpress GBS RUO,,GBS,TRUE,NEG|CELLNAMN,CELLNAMN,Specimen,FALSE,FALSE,AUTO,AUTO,POSITIVE|DETECTED,NEGATIVE|NOT DETECTED,FALSE,
TRUE,GI Panel IUO,,GI Panel,TRUE,NEG|CELLNAMN,CELLNAMN,Specimen,FALSE,FALSE,AUTO,AUTO,POSITIVE|DETECTED,NEGATIVE|NOT DETECTED,FALSE,
TRUE,GI Panel RUO,,GI Panel,TRUE,NEG|CELLNAMN,CELLNAMN,Specimen,FALSE,FALSE,AUTO,AUTO,POSITIVE|DETECTED,NEGATIVE|NOT DETECTED,FALSE,
TRUE,Xpert GI Panel,,GI Panel,TRUE,NEG|CELLNAMN,CELLNAMN,Specimen,FALSE,FALSE,AUTO,AUTO,POSITIVE|DETECTED,NEGATIVE|NOT DETECTED,FALSE,
TRUE,Xpert GI Panel CE-IVD,,GI Panel,TRUE,NEG|CELLNAMN,CELLNAMN,Specimen,FALSE,FALSE,AUTO,AUTO,POSITIVE|DETECTED,NEGATIVE|NOT DETECTED,FALSE,
TRUE,Xpert HBV Viral Load,,HBV*,FALSE,CELLNAMN|POS,CELLNAMN,Negative Control 1|Positive Control 1|Positive Control 2,FALSE,TRUE,AUTO,AUTO,POSITIVE|DETECTED,NEGATIVE|NOT DETECTED,FALSE,
TRUE,HCV IUO,,HCV,FALSE,CELLNAMN,CELLNAMN,Negative Control 1|Positive Control 1,FALSE,TRUE,AUTO,AUTO,POSITIVE|DETECTED,NEGATIVE|NOT DETECTED,FALSE,
TRUE,Xpert HCV PQC,,HCV,FALSE,CELLNAMN,CELLNAMN,Negative Control 1|Positive Control 1,FALSE,TRUE,AUTO,AUTO,POSITIVE|DETECTED,NEGATIVE|NOT DETECTED,FALSE,
TRUE,HCV VL WB RUO,,HCV FS*,FALSE,CELLNAMN,CELLNAMN,Negative Control 1|Positive Control 1|Positive Control 2,FALSE,TRUE,AUTO,AUTO,POSITIVE|DETECTED,NEGATIVE|NOT DETECTED,FALSE,
TRUE,Xpert HCV VL Fingerstick,,HCV FS*,FALSE,CELLNAMN,CELLNAMN,Negative Control 1|Positive Control 1|Positive Control 2,FALSE,TRUE,AUTO,AUTO,POSITIVE|DETECTED,NEGATIVE|NOT DETECTED,FALSE,
TRUE,HCV Viral Load RUO,,HCV VL*,FALSE,CELLNAMN,CELLNAMN,Negative Control 1|Positive Control 1|Positive Control 2,FALSE,TRUE,AUTO,AUTO,POSITIVE|DETECTED,NEGATIVE|NOT DETECTED,FALSE,
TRUE,Xpert_HCV Viral Load,,HCV VL*,FALSE,CELLNAMN,CELLNAMN,Negative Control 1|Positive Control 1|Positive Control 2,FALSE,TRUE,AUTO,AUTO,POSITIVE|DETECTED,NEGATIVE|NOT DETECTED,FALSE,
TRUE,HIV-1 Qual XC DBS IUO,,HIV QA XC,TRUE,CELLNAMN,CELLNAMN,Specimen,FALSE,FALSE,AUTO,AUTO,POSITIVE|DETECTED,NEGATIVE|NOT DETECTED,FALSE,
TRUE,HIV-1 Qual XC DBS RUO,,HIV QA XC,TRUE,CELLNAMN,CELLNAMN,Specimen,FALSE,FALSE,AUTO,AUTO,POSITIVE|DETECTED,NEGATIVE|NOT DETECTED,FALSE,
TRUE,Xpert HIV-1 Qual XC PQC,,HIV QA XC,TRUE,CELLNAMN,CELLNAMN,Specimen,FALSE,FALSE,AUTO,AUTO,POSITIVE|DETECTED,NEGATIVE|NOT DETECTED,FALSE,
TRUE,Xpert HIV-1 Qual XC PQC RUO,,HIV QA XC,TRUE,CELLNAMN,CELLNAMN,Specimen,FALSE,FALSE,AUTO,AUTO,POSITIVE|DETECTED,NEGATIVE|NOT DETECTED,FALSE,
TRUE,HIV-1 Viral Load XC IUO,,HIV VL XC,FALSE,CELLNAMN,CELLNAMN,Negative Control 1|Positive Control 1|Positive Control 2,FALSE,TRUE,AUTO,AUTO,POSITIVE|DETECTED,NEGATIVE|NOT DETECTED,FALSE,
TRUE,HIV-1 Viral Load XC RUO,,HIV VL XC,FALSE,CELLNAMN,CELLNAMN,Negative Control 1|Positive Control 1|Positive Control 2,FALSE,TRUE,AUTO,AUTO,POSITIVE|DETECTED,NEGATIVE|NOT DETECTED,FALSE,
TRUE,Xpert HIV-1 Viral Load XC,,HIV VL XC,FALSE,CELLNAMN,CELLNAMN,Negative Control 1|Positive Control 1|Positive Control 2,FALSE,TRUE,AUTO,AUTO,POSITIVE|DETECTED,NEGATIVE|NOT DETECTED,FALSE,
TRUE,HIV-1 Viral Load RUO,,HIV VL*,FALSE,CELLNAMN,CELLNAMN,Negative Control 1|Positive Control 1|Positive Control 2,FALSE,TRUE,AUTO,AUTO,POSITIVE|DETECTED,NEGATIVE|NOT DETECTED,FALSE,
TRUE,Xpert_HIV-1 Viral Load,,HIV VL*,FALSE,CELLNAMN,CELLNAMN,Negative Control 1|Positive Control 1|Positive Control 2,FALSE,TRUE,AUTO,AUTO,POSITIVE|DETECTED,NEGATIVE|NOT DETECTED,FALSE,
TRUE,HPV HR AND GENOTYPE RUO ASSAY,,HPV,FALSE,NEG|CELLNAMN,CELLNAMN,Negative Control 1|Positive Control 1|Positive Control 2,FALSE,TRUE,AUTO,AUTO,POSITIVE|DETECTED,NEGATIVE|NOT DETECTED,FALSE,
TRUE,Xpert HPV HR,,HPV,FALSE,NEG|CELLNAMN,CELLNAMN,Negative Control 1|Positive Control 1|Positive Control 2,FALSE,TRUE,AUTO,AUTO,POSITIVE|DETECTED,NEGATIVE|NOT DETECTED,FALSE,
TRUE,Xpert HPV v2 HR,,HPV,FALSE,NEG|CELLNAMN,CELLNAMN,Negative Control 1|Positive Control 1|Positive Control 2,FALSE,TRUE,AUTO,AUTO,POSITIVE|DETECTED,NEGATIVE|NOT DETECTED,FALSE,
TRUE,MRSA NxG IUO,,MRSA NxG,FALSE,CELLNAMN,CELLNAMN,Negative Control 1|Positive Control 1|Positive Control 2,FALSE,TRUE,AUTO,AUTO,POSITIVE|DETECTED,NEGATIVE|NOT DETECTED,FALSE,
TRUE,MRSA NxG RUO,,MRSA NxG,FALSE,CELLNAMN,CELLNAMN,Negative Control 1|Positive Control 1|Positive Control 2,FALSE,TRUE,AUTO,AUTO,POSITIVE|DETECTED,NEGATIVE|NOT DETECTED,FALSE,
TRUE,Xpert MRSA NxG,,MRSA NxG,FALSE,CELLNAMN,CELLNAMN,Negative Control 1|Positive Control 1|Positive Control 2,FALSE,TRUE,AUTO,AUTO,POSITIVE|DETECTED,NEGATIVE|NOT DETECTED,FALSE,
TRUE,MRSA-SA ETA,,MRSA SA,TRUE,NEG|CELLNAMN,CELLNAMN,Specimen,FALSE,FALSE,AUTO,AUTO,POSITIVE|DETECTED,NEGATIVE|NOT DETECTED,FALSE,
TRUE,Xpert MRSA-SA BC G3,,MRSA SA,TRUE,NEG|CELLNAMN,CELLNAMN,Specimen,FALSE,FALSE,AUTO,AUTO,POSITIVE|DETECTED,NEGATIVE|NOT DETECTED,FALSE,
TRUE,Xpert MRSA-SA SSTI G3,,MRSA SA,TRUE,NEG|CELLNAMN,CELLNAMN,Specimen,FALSE,FALSE,AUTO,AUTO,POSITIVE|DETECTED,NEGATIVE|NOT DETECTED,FALSE,
TRUE,Xpert MRSA_SA_BC,,MRSA SA,TRUE,NEG|CELLNAMN,CELLNAMN,Specimen,FALSE,FALSE,AUTO,AUTO,POSITIVE|DETECTED,NEGATIVE|NOT DETECTED,FALSE,
TRUE,Xpert MRSA_SA_BC_CE,,MRSA SA,TRUE,NEG|CELLNAMN,CELLNAMN,Specimen,FALSE,FALSE,AUTO,AUTO,POSITIVE|DETECTED,NEGATIVE|NOT DETECTED,FALSE,
TRUE,Xpert SA Nasal Complete G3,,MRSA SA,TRUE,NEG|CELLNAMN,CELLNAMN,Specimen,FALSE,FALSE,AUTO,AUTO,POSITIVE|DETECTED,NEGATIVE|NOT DETECTED,FALSE,
TRUE,Xpert MTB-RIF Assay G4,,MTB,TRUE,NEG|CELLNAMN,CELLNAMN,Specimen,FALSE,FALSE,AUTO,AUTO,POSITIVE|DETECTED,NEGATIVE|NOT DETECTED,TRUE,
TRUE,Xpert MTB-RIF US IVD,,MTB,TRUE,NEG|CELLNAMN,CELLNAMN,Specimen,FALSE,FALSE,AUTO,AUTO,POSITIVE|DETECTED,NEGATIVE|NOT DETECTED,TRUE,
TRUE,Xpert MTB-RIF JP IVD,,MTB JP,TRUE,NEG|CELLNAMN,CELLNAMN,Specimen,FALSE,FALSE,AUTO,AUTO,POSITIVE|DETECTED,NEGATIVE|NOT DETECTED,TRUE,
TRUE,MTB-RIF Ultra v2 RUO,,MTB U,FALSE,NEG|CELLNAMN,CELLNAMN,Negative Control 1|Positive Control 1|Positive Control 2,FALSE,TRUE,AUTO,AUTO,POSITIVE|DETECTED,NEGATIVE|NOT DETECTED,TRUE,
TRUE,Xpert MTB-RIF Ultra,,MTB U,FALSE,NEG|CELLNAMN,CELLNAMN,Negative Control 1|Positive Control 1|Positive Control 2,FALSE,TRUE,AUTO,AUTO,POSITIVE|DETECTED,NEGATIVE|NOT DETECTED,TRUE,
TRUE,MTB-XDR IUO,,MTB XDR,FALSE,NEG|CELLNAMN,CELLNAMN,Negative Control 1|Positive Control 1|Positive Control 2,FALSE,TRUE,AUTO,AUTO,POSITIVE|DETECTED,NEGATIVE|NOT DETECTED,TRUE,
TRUE,MTB-XDR RUO,,MTB XDR,FALSE,NEG|CELLNAMN,CELLNAMN,Negative Control 1|Positive Control 1|Positive Control 2,FALSE,TRUE,AUTO,AUTO,POSITIVE|DETECTED,NEGATIVE|NOT DETECTED,TRUE,
TRUE,Xpert MTB-XDR,,MTB XDR,FALSE,NEG|CELLNAMN,CELLNAMN,Negative Control 1|Positive Control 1|Positive Control 2,FALSE,TRUE,AUTO,AUTO,POSITIVE|DETECTED,NEGATIVE|NOT DETECTED,TRUE,
TRUE,Xpert Norovirus,,NORO,FALSE,CELLNAMN,CELLNAMN,Negative Control 1|Positive Control 1|Positive Control 2,FALSE,TRUE,AUTO,AUTO,POSITIVE|DETECTED,NEGATIVE|NOT DETECTED,FALSE,
TRUE,Respiratory Panel IUO,,Resp Panel,TRUE,CELLNAMN,CELLNAMN,Specimen,FALSE,FALSE,AUTO,AUTO,POSITIVE|DETECTED,NEGATIVE|NOT DETECTED,FALSE,
TRUE,Respiratory Panel RUO,,Resp Panel,TRUE,CELLNAMN,CELLNAMN,Specimen,FALSE,FALSE,AUTO,AUTO,POSITIVE|DETECTED,NEGATIVE|NOT DETECTED,FALSE,
TRUE,Respiratory panel,,Resp Panel,TRUE,CELLNAMN,CELLNAMN,Specimen,FALSE,FALSE,AUTO,AUTO,POSITIVE|DETECTED,NEGATIVE|NOT DETECTED,FALSE,
TRUE,Respiratory panel CE-IVD,,Resp Panel,TRUE,CELLNAMN,CELLNAMN,Specimen,FALSE,FALSE,AUTO,AUTO,POSITIVE|DETECTED,NEGATIVE|NOT DETECTED,FALSE,
TRUE,Respiratory panel UKCA-IVD,,Resp Panel,TRUE,CELLNAMN,CELLNAMN,Specimen,FALSE,FALSE,AUTO,AUTO,POSITIVE|DETECTED,NEGATIVE|NOT DETECTED,FALSE,
TRUE,Xpert Xpress SARS-CoV-2,,SARS,FALSE,NEG|CELLNAMN,CELLNAMN,Negative Control 1|Positive Control 1,FALSE,TRUE,AUTO,AUTO,POSITIVE|DETECTED,NEGATIVE|NOT DETECTED,FALSE,
TRUE,Xpert Xpress SARS-CoV-2 CE-IVD,,SARS,FALSE,NEG|CELLNAMN,CELLNAMN,Negative Control 1|Positive Control 1,FALSE,TRUE,AUTO,AUTO,POSITIVE|DETECTED,NEGATIVE|NOT DETECTED,FALSE,
TRUE,Xpert Xpress Strep A,,STREPA,FALSE,CELLNAMN,CELLNAMN,Negative Control 1|Positive Control 1|Positive Control 2,FALSE,TRUE,AUTO,AUTO,POSITIVE|DETECTED,NEGATIVE|NOT DETECTED,FALSE,
TRUE,Xpert Xpress_Strep A,,STREPA,FALSE,CELLNAMN,CELLNAMN,Negative Control 1|Positive Control 1|Positive Control 2,FALSE,TRUE,AUTO,AUTO,POSITIVE|DETECTED,NEGATIVE|NOT DETECTED,FALSE,
TRUE,TAP Panel IUO,,TAP Panel,TRUE,CELLNAMN,CELLNAMN,Specimen,FALSE,FALSE,AUTO,AUTO,POSITIVE|DETECTED,NEGATIVE|NOT DETECTED,FALSE,
TRUE,TAP Panel RUO,,TAP Panel,TRUE,CELLNAMN,CELLNAMN,Specimen,FALSE,FALSE,AUTO,AUTO,POSITIVE|DETECTED,NEGATIVE|NOT DETECTED,FALSE,
TRUE,Xpert TAP Panel,,TAP Panel,TRUE,CELLNAMN,CELLNAMN,Specimen,FALSE,FALSE,AUTO,AUTO,POSITIVE|DETECTED,NEGATIVE|NOT DETECTED,FALSE,
TRUE,Xpert vanA vanB,,VAN AB,FALSE,NEG|CELLNAMN,CELLNAMN,Negative Control 1|Positive Control 1,FALSE,TRUE,AUTO,AUTO,POSITIVE|DETECTED,NEGATIVE|NOT DETECTED,FALSE,
