INF,Computer,ShutdownTime_Local,StartupTime_Local,Downtime_Min,Meta1074Present,InitiatorProcess,InitiatorUser,ReasonCode,ShutdownType,StaffIncidentMatch,StaffIncidentDeltaMin,ImpactSeverity,ImpactRationale
INF6,CPHD-93WLV94,2026-01-02 09:43:16,2026-01-02 09:51:30,8.23,Yes,C:\Windows\system32\winlogon.exe,NT AUTHORITY\SYSTEM,0x500ff,power off,No,,MEDIUM,During typical working hours
INF1,CPHD-2MYMZ44,2026-01-05 07:28:02,2026-01-05 07:38:49,10.78,Yes,C:\Windows\system32\winlogon.exe,NT AUTHORITY\SYSTEM,0x500ff,power off,No,,MEDIUM,During typical working hours
INF3,CPHD-B94KQ54,2026-01-05 07:40:03,2026-01-05 07:47:49,7.77,Yes,C:\Windows\system32\winlogon.exe,NT AUTHORITY\SYSTEM,0x500ff,power off,No,,MEDIUM,During typical working hours
INF6,CPHD-93WLV94,2026-01-05 18:15:49,2026-01-05 18:34:40,18.85,Yes,C:\Windows\system32\winlogon.exe,NT AUTHORITY\SYSTEM,0x500ff,power off,No,,MEDIUM,During typical working hours; Long downtime (>=15 min)
INF8,CPHD-BQT7YB4,2026-01-05 19:03:56,2026-01-05 19:07:36,3.67,Yes,C:\Windows\system32\winlogon.exe,NT AUTHORITY\SYSTEM,0x500ff,power off,No,,MEDIUM,During typical working hours
INF8,CPHD-BQT7YB4,2026-01-07 16:06:00,2026-01-07 16:51:47,45.78,Yes,C:\Windows\system32\winlogon.exe,NT AUTHORITY\SYSTEM,0x500ff,power off,No,,MEDIUM,During typical working hours; Long downtime (>=15 min)
INF6,CPHD-93WLV94,2026-01-08 02:06:25,2026-01-08 03:38:49,92.4,Yes,C:\Windows\system32\winlogon.exe,NT AUTHORITY\SYSTEM,0x500ff,power off,No,,MEDIUM,Long downtime (>=15 min)
INF6,CPHD-93WLV94,2026-01-08 08:12:05,2026-01-08 08:15:15,3.17,Yes,C:\Windows\system32\winlogon.exe,NT AUTHORITY\SYSTEM,0x500ff,power off,No,,MEDIUM,During typical working hours
INF8,CPHD-BQT7YB4,2026-01-08 21:18:13,2026-01-08 21:23:52,5.65,Yes,C:\Windows\system32\winlogon.exe,NT AUTHORITY\SYSTEM,0x500ff,power off,No,,MEDIUM,During typical working hours
INF3,CPHD-B94KQ54,2026-01-12 07:59:06,2026-01-12 08:06:27,7.35,Yes,C:\Windows\system32\winlogon.exe,NT AUTHORITY\SYSTEM,0x500ff,power off,No,,MEDIUM,During typical working hours
INF1,CPHD-2MYMZ44,2026-01-12 16:46:16,2026-01-12 16:49:25,3.15,Yes,C:\Windows\system32\winlogon.exe,NT AUTHORITY\SYSTEM,0x500ff,power off,No,,MEDIUM,During typical working hours
INF8,CPHD-BQT7YB4,2026-01-13 08:15:19,2026-01-13 08:34:58,19.65,Yes,C:\Windows\system32\winlogon.exe,NT AUTHORITY\SYSTEM,0x500ff,power off,No,,MEDIUM,During typical working hours; Long downtime (>=15 min)
INF1,CPHD-2MYMZ44,2026-01-14 08:21:44,2026-01-14 08:32:37,10.88,Yes,C:\Windows\system32\winlogon.exe,NT AUTHORITY\SYSTEM,0x500ff,power off,No,,MEDIUM,During typical working hours
INF8,CPHD-BQT7YB4,2026-01-14 18:49:31,2026-01-14 18:49:47,0.27,Yes,C:\Windows\system32\svchost.exe,NT AUTHORITY\SYSTEM,0x80020010,restart,No,,MEDIUM,During typical working hours
INF5,CPHD-5RT7YB4,2026-01-15 00:07:30,2026-01-15 00:07:45,0.25,Yes,C:\Windows\system32\svchost.exe,NT AUTHORITY\SYSTEM,0x80020010,restart,No,,LOW,
INF5,CPHD-5RT7YB4,2026-01-15 13:58:29,2026-01-15 14:12:52,14.38,Yes,C:\Windows\system32\winlogon.exe,NT AUTHORITY\SYSTEM,0x500ff,power off,No,,MEDIUM,During typical working hours
INF6,CPHD-93WLV94,2026-01-15 23:03:23,2026-01-15 23:03:42,0.32,No,,,,,Yes,3.4,HIGH,Matches staff incident (reported by staff: tests aborted); closest edge ~3.4 min; During typical working hours; No 1074 initiator record (could be abrupt or export gap)
