,LocalTime,UtcTime,Source,Type,Device,Details,AnchorId,Klient,MatcharPersonalrapport,MatcharSchemalagd,Veckodag,Timme,Datum,KlusterDatumTimme,Orsak (tolkad),Sannolik Trigger
126,2026-01-02 09:43:10,2026-01-02 08:43:10,Windows,Win 1074 User32,System(Get-EventLog),"Information - The process C:\Windows\system32\winlogon.exe (CPHD-93WLV94) has initiated the power off of computer CPHD-93WLV94 on behalf of user NT AUTHORITY\SYSTEM for the following reason: No title for this reason could be found
 Reason Code: 0x500ff
 Shutdown Type: power off
 Comment: ",,INF6,False,False,Friday,9,2026-01-02,2026-01-02 09:00,Planerad omstart (Event 1074),Trolig användarinitierad omstart
127,2026-01-02 09:43:10,2026-01-02 08:43:10,Windows,Win 6006 EventLog,System(Get-EventLog),Information - The Event log service was stopped.,,INF6,False,False,Friday,9,2026-01-02,2026-01-02 09:00,Systemtjänst stoppad (Event 6006),Ej fastställt
128,2026-01-02 09:43:10,2026-01-02 08:43:10,Windows,Win 1074 User32,System,"Information - The process C:\Windows\system32\winlogon.exe (CPHD-93WLV94) has initiated the power off of computer CPHD-93WLV94 on behalf of user NT AUTHORITY\SYSTEM for the following reason: No title for this reason could be found
 Reason Code: 0x500ff
 Shutdown Type: power off
 Comment: ",,INF6,False,False,Friday,9,2026-01-02,2026-01-02 09:00,Planerad omstart (Event 1074),Trolig användarinitierad omstart
129,2026-01-02 09:43:10,2026-01-02 08:43:10,Windows,Win 6006 EventLog,System,Information - The Event log service was stopped.,,INF6,False,False,Friday,9,2026-01-02,2026-01-02 09:00,Systemtjänst stoppad (Event 6006),Ej fastställt
137,2026-01-02 09:51:36,2026-01-02 08:51:36,Windows,Win 6005 EventLog,System(Get-EventLog),Information - The Event log service was started.,,INF6,False,False,Friday,9,2026-01-02,2026-01-02 09:00,Annat,Ej fastställt
140,2026-01-02 09:51:36,2026-01-02 08:51:36,Windows,Win 6005 EventLog,System,Information - The Event log service was started.,,INF6,False,False,Friday,9,2026-01-02,2026-01-02 09:00,Annat,Ej fastställt
0,2026-01-05 07:27:52,2026-01-05 06:27:52,Windows,Win 1074 User32,System(Get-EventLog),"Information - The process C:\Windows\system32\winlogon.exe (CPHD-2MYMZ44) has initiated the power off of computer CPHD-2MYMZ44 on behalf of user NT AUTHORITY\SYSTEM for the following reason: No title for this reason could be found
 Reason Code: 0x500ff
 Shutdown Type: power off
 Comment: ",,INF1,False,False,Monday,7,2026-01-05,2026-01-05 07:00,Planerad omstart (Event 1074),Trolig användarinitierad omstart
1,2026-01-05 07:27:52,2026-01-05 06:27:52,Windows,Win 1074 User32,System,"Information - The process C:\Windows\system32\winlogon.exe (CPHD-2MYMZ44) has initiated the power off of computer CPHD-2MYMZ44 on behalf of user NT AUTHORITY\SYSTEM for the following reason: No title for this reason could be found
 Reason Code: 0x500ff
 Shutdown Type: power off
 Comment: ",,INF1,False,False,Monday,7,2026-01-05,2026-01-05 07:00,Planerad omstart (Event 1074),Trolig användarinitierad omstart
3,2026-01-05 07:27:56,2026-01-05 06:27:56,Windows,Win 6006 EventLog,System,Information - The Event log service was stopped.,,INF1,False,False,Monday,7,2026-01-05,2026-01-05 07:00,Systemtjänst stoppad (Event 6006),Ej fastställt
2,2026-01-05 07:27:56,2026-01-05 06:27:56,Windows,Win 6006 EventLog,System(Get-EventLog),Information - The Event log service was stopped.,,INF1,False,False,Monday,7,2026-01-05,2026-01-05 07:00,Systemtjänst stoppad (Event 6006),Ej fastställt
14,2026-01-05 07:39:18,2026-01-05 06:39:18,Windows,Win 6005 EventLog,System,Information - The Event log service was started.,,INF1,False,False,Monday,7,2026-01-05,2026-01-05 07:00,Annat,Ej fastställt
12,2026-01-05 07:39:18,2026-01-05 06:39:18,Windows,Win 6005 EventLog,System(Get-EventLog),Information - The Event log service was started.,,INF1,False,False,Monday,7,2026-01-05,2026-01-05 07:00,Annat,Ej fastställt
55,2026-01-05 07:39:57,2026-01-05 06:39:57,Windows,Win 6006 EventLog,System(Get-EventLog),Information - The Event log service was stopped.,,INF3,False,False,Monday,7,2026-01-05,2026-01-05 07:00,Systemtjänst stoppad (Event 6006),Ej fastställt
57,2026-01-05 07:39:57,2026-01-05 06:39:57,Windows,Win 6006 EventLog,System,Information - The Event log service was stopped.,,INF3,False,False,Monday,7,2026-01-05,2026-01-05 07:00,Systemtjänst stoppad (Event 6006),Ej fastställt
54,2026-01-05 07:39:57,2026-01-05 06:39:57,Windows,Win 1074 User32,System(Get-EventLog),"Information - The process C:\Windows\system32\winlogon.exe (CPHD-B94KQ54) has initiated the power off of computer CPHD-B94KQ54 on behalf of user NT AUTHORITY\SYSTEM for the following reason: No title for this reason could be found
 Reason Code: 0x500ff
 Shutdown Type: power off
 Comment: ",,INF3,False,False,Monday,7,2026-01-05,2026-01-05 07:00,Planerad omstart (Event 1074),Trolig användarinitierad omstart
56,2026-01-05 07:39:57,2026-01-05 06:39:57,Windows,Win 1074 User32,System,"Information - The process C:\Windows\system32\winlogon.exe (CPHD-B94KQ54) has initiated the power off of computer CPHD-B94KQ54 on behalf of user NT AUTHORITY\SYSTEM for the following reason: No title for this reason could be found
 Reason Code: 0x500ff
 Shutdown Type: power off
 Comment: ",,INF3,False,False,Monday,7,2026-01-05,2026-01-05 07:00,Planerad omstart (Event 1074),Trolig användarinitierad omstart
69,2026-01-05 07:48:18,2026-01-05 06:48:18,Windows,Win 6005 EventLog,System,Information - The Event log service was started.,,INF3,False,False,Monday,7,2026-01-05,2026-01-05 07:00,Annat,Ej fastställt
65,2026-01-05 07:48:18,2026-01-05 06:48:18,Windows,Win 6005 EventLog,System(Get-EventLog),Information - The Event log service was started.,,INF3,False,False,Monday,7,2026-01-05,2026-01-05 07:00,Annat,Ej fastställt
145,2026-01-05 18:15:42,2026-01-05 17:15:42,Windows,Win 1074 User32,System,"Information - The process C:\Windows\system32\winlogon.exe (CPHD-93WLV94) has initiated the power off of computer CPHD-93WLV94 on behalf of user NT AUTHORITY\SYSTEM for the following reason: No title for this reason could be found
 Reason Code: 0x500ff
 Shutdown Type: power off
 Comment: ",,INF6,False,False,Monday,18,2026-01-05,2026-01-05 18:00,Planerad omstart (Event 1074),Trolig användarinitierad omstart
144,2026-01-05 18:15:42,2026-01-05 17:15:42,Windows,Win 1074 User32,System(Get-EventLog),"Information - The process C:\Windows\system32\winlogon.exe (CPHD-93WLV94) has initiated the power off of computer CPHD-93WLV94 on behalf of user NT AUTHORITY\SYSTEM for the following reason: No title for this reason could be found
 Reason Code: 0x500ff
 Shutdown Type: power off
 Comment: ",,INF6,False,False,Monday,18,2026-01-05,2026-01-05 18:00,Planerad omstart (Event 1074),Trolig användarinitierad omstart
147,2026-01-05 18:15:43,2026-01-05 17:15:43,Windows,Win 6006 EventLog,System,Information - The Event log service was stopped.,,INF6,False,False,Monday,18,2026-01-05,2026-01-05 18:00,Systemtjänst stoppad (Event 6006),Ej fastställt
146,2026-01-05 18:15:43,2026-01-05 17:15:43,Windows,Win 6006 EventLog,System(Get-EventLog),Information - The Event log service was stopped.,,INF6,False,False,Monday,18,2026-01-05,2026-01-05 18:00,Systemtjänst stoppad (Event 6006),Ej fastställt
155,2026-01-05 18:34:45,2026-01-05 17:34:45,Windows,Win 6005 EventLog,System(Get-EventLog),Information - The Event log service was started.,,INF6,False,False,Monday,18,2026-01-05,2026-01-05 18:00,Annat,Ej fastställt
156,2026-01-05 18:34:45,2026-01-05 17:34:45,Windows,Win 6005 EventLog,System,Information - The Event log service was started.,,INF6,False,False,Monday,18,2026-01-05,2026-01-05 18:00,Annat,Ej fastställt
219,2026-01-05 19:03:49,2026-01-05 18:03:49,Windows,Win 1074 User32,System,"Information - The process C:\Windows\system32\winlogon.exe (CPHD-BQT7YB4) has initiated the power off of computer CPHD-BQT7YB4 on behalf of user NT AUTHORITY\SYSTEM for the following reason: No title for this reason could be found
 Reason Code: 0x500ff
 Shutdown Type: power off
 Comment: ",,INF8,False,False,Monday,19,2026-01-05,2026-01-05 19:00,Planerad omstart (Event 1074),Trolig användarinitierad omstart
218,2026-01-05 19:03:49,2026-01-05 18:03:49,Windows,Win 1074 User32,System(Get-EventLog),"Information - The process C:\Windows\system32\winlogon.exe (CPHD-BQT7YB4) has initiated the power off of computer CPHD-BQT7YB4 on behalf of user NT AUTHORITY\SYSTEM for the following reason: No title for this reason could be found
 Reason Code: 0x500ff
 Shutdown Type: power off
 Comment: ",,INF8,False,False,Monday,19,2026-01-05,2026-01-05 19:00,Planerad omstart (Event 1074),Trolig användarinitierad omstart
221,2026-01-05 19:03:50,2026-01-05 18:03:50,Windows,Win 6006 EventLog,System,Information - The Event log service was stopped.,,INF8,False,False,Monday,19,2026-01-05,2026-01-05 19:00,Systemtjänst stoppad (Event 6006),Ej fastställt
220,2026-01-05 19:03:50,2026-01-05 18:03:50,Windows,Win 6006 EventLog,System(Get-EventLog),Information - The Event log service was stopped.,,INF8,False,False,Monday,19,2026-01-05,2026-01-05 19:00,Systemtjänst stoppad (Event 6006),Ej fastställt
232,2026-01-05 19:08:05,2026-01-05 18:08:05,Windows,Win 6005 EventLog,System,Information - The Event log service was started.,,INF8,False,False,Monday,19,2026-01-05,2026-01-05 19:00,Annat,Ej fastställt
231,2026-01-05 19:08:05,2026-01-05 18:08:05,Windows,Win 6005 EventLog,System(Get-EventLog),Information - The Event log service was started.,,INF8,False,False,Monday,19,2026-01-05,2026-01-05 19:00,Annat,Ej fastställt
37,2026-01-14 08:21:32,2026-01-14 07:21:32,Windows,Win 1074 User32,System,"Information - The process C:\Windows\system32\winlogon.exe (CPHD-2MYMZ44) has initiated the power off of computer CPHD-2MYMZ44 on behalf of user NT AUTHORITY\SYSTEM for the following reason: No title for this reason could be found
 Reason Code: 0x500ff
 Shutdown Type: power off
 Comment: ",,INF1,False,False,Wednesday,8,2026-01-14,2026-01-14 08:00,Planerad omstart (Event 1074),Trolig användarinitierad omstart
36,2026-01-14 08:21:32,2026-01-14 07:21:32,Windows,Win 1074 User32,System(Get-EventLog),"Information - The process C:\Windows\system32\winlogon.exe (CPHD-2MYMZ44) has initiated the power off of computer CPHD-2MYMZ44 on behalf of user NT AUTHORITY\SYSTEM for the following reason: No title for this reason could be found
 Reason Code: 0x500ff
 Shutdown Type: power off
 Comment: ",,INF1,False,False,Wednesday,8,2026-01-14,2026-01-14 08:00,Planerad omstart (Event 1074),Trolig användarinitierad omstart
38,2026-01-14 08:21:39,2026-01-14 07:21:39,Windows,Win 6006 EventLog,System(Get-EventLog),Information - The Event log service was stopped.,,INF1,False,False,Wednesday,8,2026-01-14,2026-01-14 08:00,Systemtjänst stoppad (Event 6006),Ej fastställt
39,2026-01-14 08:21:39,2026-01-14 07:21:39,Windows,Win 6006 EventLog,System,Information - The Event log service was stopped.,,INF1,False,False,Wednesday,8,2026-01-14,2026-01-14 08:00,Systemtjänst stoppad (Event 6006),Ej fastställt
47,2026-01-14 08:33:06,2026-01-14 07:33:06,Windows,Win 6005 EventLog,System(Get-EventLog),Information - The Event log service was started.,,INF1,False,False,Wednesday,8,2026-01-14,2026-01-14 08:00,Annat,Ej fastställt
48,2026-01-14 08:33:06,2026-01-14 07:33:06,Windows,Win 6005 EventLog,System,Information - The Event log service was started.,,INF1,False,False,Wednesday,8,2026-01-14,2026-01-14 08:00,Annat,Ej fastställt
