,Klient,Tidpunkt,Källa,DiffMin,TätKluster
492, ,2026-01-05 06:35:00,SamtidigaOmstarter,,False
500, ,2026-01-05 06:35:00,SamtidigaOmstarter,0.0,True
508, ,2026-01-05 06:35:00,SamtidigaOmstarter,0.0,True
516, ,2026-01-05 06:35:00,SamtidigaOmstarter,0.0,True
524, ,2026-01-05 06:35:00,SamtidigaOmstarter,0.0,True
485,',2026-01-05 06:35:00,SamtidigaOmstarter,,False
490,',2026-01-05 06:35:00,SamtidigaOmstarter,0.0,True
493,',2026-01-05 06:35:00,SamtidigaOmstarter,0.0,True
498,',2026-01-05 06:35:00,SamtidigaOmstarter,0.0,True
501,',2026-01-05 06:35:00,SamtidigaOmstarter,0.0,True
506,',2026-01-05 06:35:00,SamtidigaOmstarter,0.0,True
509,',2026-01-05 06:35:00,SamtidigaOmstarter,0.0,True
514,',2026-01-05 06:35:00,SamtidigaOmstarter,0.0,True
517,',2026-01-05 06:35:00,SamtidigaOmstarter,0.0,True
522,',2026-01-05 06:35:00,SamtidigaOmstarter,0.0,True
525,',2026-01-05 06:35:00,SamtidigaOmstarter,0.0,True
530,',2026-01-05 06:35:00,SamtidigaOmstarter,0.0,True
491,",",2026-01-05 06:35:00,SamtidigaOmstarter,,False
499,",",2026-01-05 06:35:00,SamtidigaOmstarter,0.0,True
507,",",2026-01-05 06:35:00,SamtidigaOmstarter,0.0,True
515,",",2026-01-05 06:35:00,SamtidigaOmstarter,0.0,True
523,",",2026-01-05 06:35:00,SamtidigaOmstarter,0.0,True
489,1,2026-01-05 06:35:00,SamtidigaOmstarter,,False
497,1,2026-01-05 06:35:00,SamtidigaOmstarter,0.0,True
505,3,2026-01-05 06:35:00,SamtidigaOmstarter,,False
513,3,2026-01-05 06:35:00,SamtidigaOmstarter,0.0,True
521,3,2026-01-05 06:35:00,SamtidigaOmstarter,0.0,True
529,3,2026-01-05 06:35:00,SamtidigaOmstarter,0.0,True
488,F,2026-01-05 06:35:00,SamtidigaOmstarter,,False
496,F,2026-01-05 06:35:00,SamtidigaOmstarter,0.0,True
504,F,2026-01-05 06:35:00,SamtidigaOmstarter,0.0,True
512,F,2026-01-05 06:35:00,SamtidigaOmstarter,0.0,True
520,F,2026-01-05 06:35:00,SamtidigaOmstarter,0.0,True
528,F,2026-01-05 06:35:00,SamtidigaOmstarter,0.0,True
486,I,2026-01-05 06:35:00,SamtidigaOmstarter,,False
494,I,2026-01-05 06:35:00,SamtidigaOmstarter,0.0,True
502,I,2026-01-05 06:35:00,SamtidigaOmstarter,0.0,True
510,I,2026-01-05 06:35:00,SamtidigaOmstarter,0.0,True
518,I,2026-01-05 06:35:00,SamtidigaOmstarter,0.0,True
526,I,2026-01-05 06:35:00,SamtidigaOmstarter,0.0,True
1,INF1,2026-01-05 06:27:52,GeneXpert-kritisk,,False
220,INF1,2026-01-05 06:27:52,RebootEvents,0.0,True
221,INF1,2026-01-05 06:27:52,RebootEvents,0.0,True
348,INF1,2026-01-05 06:27:52,Timeline,0.0,True
349,INF1,2026-01-05 06:27:52,Timeline,0.0,True
350,INF1,2026-01-05 06:27:56,Timeline,0.06666666666666667,True
223,INF1,2026-01-05 06:27:56,RebootEvents,0.0,True
351,INF1,2026-01-05 06:27:56,Timeline,0.0,True
3,INF1,2026-01-05 06:27:56,GeneXpert-kritisk,0.0,True
222,INF1,2026-01-05 06:27:56,RebootEvents,0.0,True
5,INF1,2026-01-05 06:28:01,GeneXpert-kritisk,0.08333333333333333,True
224,INF1,2026-01-05 06:28:01,RebootEvents,0.0,True
225,INF1,2026-01-05 06:28:01,RebootEvents,0.0,True
352,INF1,2026-01-05 06:28:01,Timeline,0.0,True
353,INF1,2026-01-05 06:28:01,Timeline,0.0,True
7,INF1,2026-01-05 06:28:02,GeneXpert-kritisk,0.016666666666666666,True
9,INF1,2026-01-05 06:38:49,GeneXpert-kritisk,10.783333333333333,False
355,INF1,2026-01-05 06:39:18,Timeline,0.48333333333333334,True
227,INF1,2026-01-05 06:39:18,RebootEvents,0.0,True
354,INF1,2026-01-05 06:39:18,Timeline,0.0,True
11,INF1,2026-01-05 06:39:18,GeneXpert-kritisk,0.0,True
226,INF1,2026-01-05 06:39:18,RebootEvents,0.0,True
13,INF1,2026-01-05 06:39:19,GeneXpert-kritisk,0.016666666666666666,True
0,INF1,2026-01-05 07:27:52,GeneXpert-kritisk,48.55,False
2,INF1,2026-01-05 07:27:56,GeneXpert-kritisk,0.06666666666666667,True
4,INF1,2026-01-05 07:28:01,GeneXpert-kritisk,0.08333333333333333,True
6,INF1,2026-01-05 07:28:02,GeneXpert-kritisk,0.016666666666666666,True
8,INF1,2026-01-05 07:38:49,GeneXpert-kritisk,10.783333333333333,False
10,INF1,2026-01-05 07:39:18,GeneXpert-kritisk,0.48333333333333334,True
12,INF1,2026-01-05 07:39:19,GeneXpert-kritisk,0.016666666666666666,True
357,INF1,2026-01-12 15:46:08,Timeline,10566.816666666668,False
356,INF1,2026-01-12 15:46:08,Timeline,0.0,True
15,INF1,2026-01-12 15:46:08,GeneXpert-kritisk,0.0,True
292,INF1,2026-01-12 15:46:08,RebootEvents,0.0,True
293,INF1,2026-01-12 15:46:08,RebootEvents,0.0,True
358,INF1,2026-01-12 15:46:10,Timeline,0.03333333333333333,True
17,INF1,2026-01-12 15:46:10,GeneXpert-kritisk,0.0,True
294,INF1,2026-01-12 15:46:10,RebootEvents,0.0,True
295,INF1,2026-01-12 15:46:10,RebootEvents,0.0,True
359,INF1,2026-01-12 15:46:10,Timeline,0.0,True
361,INF1,2026-01-12 15:46:15,Timeline,0.08333333333333333,True
297,INF1,2026-01-12 15:46:15,RebootEvents,0.0,True
360,INF1,2026-01-12 15:46:15,Timeline,0.0,True
19,INF1,2026-01-12 15:46:15,GeneXpert-kritisk,0.0,True
296,INF1,2026-01-12 15:46:15,RebootEvents,0.0,True
21,INF1,2026-01-12 15:46:16,GeneXpert-kritisk,0.016666666666666666,True
23,INF1,2026-01-12 15:49:25,GeneXpert-kritisk,3.15,True
25,INF1,2026-01-12 15:49:55,GeneXpert-kritisk,0.5,True
298,INF1,2026-01-12 15:49:55,RebootEvents,0.0,True
299,INF1,2026-01-12 15:49:55,RebootEvents,0.0,True
362,INF1,2026-01-12 15:49:55,Timeline,0.0,True
363,INF1,2026-01-12 15:49:55,Timeline,0.0,True
27,INF1,2026-01-12 15:49:56,GeneXpert-kritisk,0.016666666666666666,True
14,INF1,2026-01-12 16:46:08,GeneXpert-kritisk,56.2,False
16,INF1,2026-01-12 16:46:10,GeneXpert-kritisk,0.03333333333333333,True
18,INF1,2026-01-12 16:46:15,GeneXpert-kritisk,0.08333333333333333,True
20,INF1,2026-01-12 16:46:16,GeneXpert-kritisk,0.016666666666666666,True
22,INF1,2026-01-12 16:49:25,GeneXpert-kritisk,3.15,True
24,INF1,2026-01-12 16:49:55,GeneXpert-kritisk,0.5,True
26,INF1,2026-01-12 16:49:56,GeneXpert-kritisk,0.016666666666666666,True
364,INF1,2026-01-14 07:21:32,Timeline,2311.6,False
311,INF1,2026-01-14 07:21:32,RebootEvents,0.0,True
365,INF1,2026-01-14 07:21:32,Timeline,0.0,True
29,INF1,2026-01-14 07:21:32,GeneXpert-kritisk,0.0,True
310,INF1,2026-01-14 07:21:32,RebootEvents,0.0,True
367,INF1,2026-01-14 07:21:39,Timeline,0.11666666666666667,True
366,INF1,2026-01-14 07:21:39,Timeline,0.0,True
31,INF1,2026-01-14 07:21:39,GeneXpert-kritisk,0.0,True
312,INF1,2026-01-14 07:21:39,RebootEvents,0.0,True
313,INF1,2026-01-14 07:21:39,RebootEvents,0.0,True
33,INF1,2026-01-14 07:21:44,GeneXpert-kritisk,0.08333333333333333,True
314,INF1,2026-01-14 07:21:44,RebootEvents,0.0,True
315,INF1,2026-01-14 07:21:44,RebootEvents,0.0,True
368,INF1,2026-01-14 07:21:44,Timeline,0.0,True
369,INF1,2026-01-14 07:21:44,Timeline,0.0,True
35,INF1,2026-01-14 07:32:37,GeneXpert-kritisk,10.883333333333333,False
371,INF1,2026-01-14 07:33:06,Timeline,0.48333333333333334,True
370,INF1,2026-01-14 07:33:06,Timeline,0.0,True
37,INF1,2026-01-14 07:33:06,GeneXpert-kritisk,0.0,True
316,INF1,2026-01-14 07:33:06,RebootEvents,0.0,True
317,INF1,2026-01-14 07:33:06,RebootEvents,0.0,True
39,INF1,2026-01-14 07:33:07,GeneXpert-kritisk,0.016666666666666666,True
28,INF1,2026-01-14 08:21:32,GeneXpert-kritisk,48.416666666666664,False
30,INF1,2026-01-14 08:21:39,GeneXpert-kritisk,0.11666666666666667,True
32,INF1,2026-01-14 08:21:44,GeneXpert-kritisk,0.08333333333333333,True
34,INF1,2026-01-14 08:32:37,GeneXpert-kritisk,10.883333333333333,False
36,INF1,2026-01-14 08:33:06,GeneXpert-kritisk,0.48333333333333334,True
38,INF1,2026-01-14 08:33:07,GeneXpert-kritisk,0.016666666666666666,True
41,INF3,2026-01-05 06:39:57,GeneXpert-kritisk,,False
228,INF3,2026-01-05 06:39:57,RebootEvents,0.0,True
229,INF3,2026-01-05 06:39:57,RebootEvents,0.0,True
230,INF3,2026-01-05 06:39:57,RebootEvents,0.0,True
231,INF3,2026-01-05 06:39:57,RebootEvents,0.0,True
372,INF3,2026-01-05 06:39:57,Timeline,0.0,True
373,INF3,2026-01-05 06:39:57,Timeline,0.0,True
374,INF3,2026-01-05 06:39:57,Timeline,0.0,True
375,INF3,2026-01-05 06:39:57,Timeline,0.0,True
376,INF3,2026-01-05 06:40:02,Timeline,0.08333333333333333,True
233,INF3,2026-01-05 06:40:02,RebootEvents,0.0,True
377,INF3,2026-01-05 06:40:02,Timeline,0.0,True
43,INF3,2026-01-05 06:40:02,GeneXpert-kritisk,0.0,True
232,INF3,2026-01-05 06:40:02,RebootEvents,0.0,True
45,INF3,2026-01-05 06:40:03,GeneXpert-kritisk,0.016666666666666666,True
47,INF3,2026-01-05 06:47:49,GeneXpert-kritisk,7.766666666666667,True
49,INF3,2026-01-05 06:48:18,GeneXpert-kritisk,0.48333333333333334,True
234,INF3,2026-01-05 06:48:18,RebootEvents,0.0,True
235,INF3,2026-01-05 06:48:18,RebootEvents,0.0,True
378,INF3,2026-01-05 06:48:18,Timeline,0.0,True
379,INF3,2026-01-05 06:48:18,Timeline,0.0,True
40,INF3,2026-01-05 07:39:57,GeneXpert-kritisk,51.65,False
42,INF3,2026-01-05 07:40:02,GeneXpert-kritisk,0.08333333333333333,True
44,INF3,2026-01-05 07:40:03,GeneXpert-kritisk,0.016666666666666666,True
46,INF3,2026-01-05 07:47:49,GeneXpert-kritisk,7.766666666666667,True
48,INF3,2026-01-05 07:48:18,GeneXpert-kritisk,0.48333333333333334,True
381,INF3,2026-01-12 06:59:00,Timeline,10030.7,False
380,INF3,2026-01-12 06:59:00,Timeline,0.0,True
51,INF3,2026-01-12 06:59:00,GeneXpert-kritisk,0.0,True
284,INF3,2026-01-12 06:59:00,RebootEvents,0.0,True
285,INF3,2026-01-12 06:59:00,RebootEvents,0.0,True
53,INF3,2026-01-12 06:59:01,GeneXpert-kritisk,0.016666666666666666,True
286,INF3,2026-01-12 06:59:01,RebootEvents,0.0,True
287,INF3,2026-01-12 06:59:01,RebootEvents,0.0,True
382,INF3,2026-01-12 06:59:01,Timeline,0.0,True
383,INF3,2026-01-12 06:59:01,Timeline,0.0,True
55,INF3,2026-01-12 06:59:06,GeneXpert-kritisk,0.08333333333333333,True
288,INF3,2026-01-12 06:59:06,RebootEvents,0.0,True
289,INF3,2026-01-12 06:59:06,RebootEvents,0.0,True
384,INF3,2026-01-12 06:59:06,Timeline,0.0,True
385,INF3,2026-01-12 06:59:06,Timeline,0.0,True
57,INF3,2026-01-12 07:06:27,GeneXpert-kritisk,7.35,True
59,INF3,2026-01-12 07:06:56,GeneXpert-kritisk,0.48333333333333334,True
290,INF3,2026-01-12 07:06:56,RebootEvents,0.0,True
291,INF3,2026-01-12 07:06:56,RebootEvents,0.0,True
386,INF3,2026-01-12 07:06:56,Timeline,0.0,True
387,INF3,2026-01-12 07:06:56,Timeline,0.0,True
61,INF3,2026-01-12 07:06:57,GeneXpert-kritisk,0.016666666666666666,True
50,INF3,2026-01-12 07:59:00,GeneXpert-kritisk,52.05,False
52,INF3,2026-01-12 07:59:01,GeneXpert-kritisk,0.016666666666666666,True
54,INF3,2026-01-12 07:59:06,GeneXpert-kritisk,0.08333333333333333,True
56,INF3,2026-01-12 08:06:27,GeneXpert-kritisk,7.35,True
58,INF3,2026-01-12 08:06:56,GeneXpert-kritisk,0.48333333333333334,True
60,INF3,2026-01-12 08:06:57,GeneXpert-kritisk,0.016666666666666666,True
63,INF5,2026-01-14 23:07:01,GeneXpert-kritisk,,False
326,INF5,2026-01-14 23:07:01,RebootEvents,0.0,True
327,INF5,2026-01-14 23:07:01,RebootEvents,0.0,True
388,INF5,2026-01-14 23:07:01,Timeline,0.0,True
389,INF5,2026-01-14 23:07:01,Timeline,0.0,True
65,INF5,2026-01-14 23:07:24,GeneXpert-kritisk,0.38333333333333336,True
328,INF5,2026-01-14 23:07:24,RebootEvents,0.0,True
329,INF5,2026-01-14 23:07:24,RebootEvents,0.0,True
390,INF5,2026-01-14 23:07:24,Timeline,0.0,True
391,INF5,2026-01-14 23:07:24,Timeline,0.0,True
392,INF5,2026-01-14 23:07:29,Timeline,0.08333333333333333,True
331,INF5,2026-01-14 23:07:29,RebootEvents,0.0,True
393,INF5,2026-01-14 23:07:29,Timeline,0.0,True
67,INF5,2026-01-14 23:07:29,GeneXpert-kritisk,0.0,True
330,INF5,2026-01-14 23:07:29,RebootEvents,0.0,True
69,INF5,2026-01-14 23:07:30,GeneXpert-kritisk,0.016666666666666666,True
71,INF5,2026-01-14 23:07:45,GeneXpert-kritisk,0.25,True
73,INF5,2026-01-14 23:08:14,GeneXpert-kritisk,0.48333333333333334,True
332,INF5,2026-01-14 23:08:14,RebootEvents,0.0,True
333,INF5,2026-01-14 23:08:14,RebootEvents,0.0,True
394,INF5,2026-01-14 23:08:14,Timeline,0.0,True
395,INF5,2026-01-14 23:08:14,Timeline,0.0,True
75,INF5,2026-01-14 23:08:15,GeneXpert-kritisk,0.016666666666666666,True
62,INF5,2026-01-15 00:07:01,GeneXpert-kritisk,58.766666666666666,False
64,INF5,2026-01-15 00:07:24,GeneXpert-kritisk,0.38333333333333336,True
66,INF5,2026-01-15 00:07:29,GeneXpert-kritisk,0.08333333333333333,True
68,INF5,2026-01-15 00:07:30,GeneXpert-kritisk,0.016666666666666666,True
70,INF5,2026-01-15 00:07:45,GeneXpert-kritisk,0.25,True
72,INF5,2026-01-15 00:08:14,GeneXpert-kritisk,0.48333333333333334,True
74,INF5,2026-01-15 00:08:15,GeneXpert-kritisk,0.016666666666666666,True
77,INF5,2026-01-15 12:58:22,GeneXpert-kritisk,770.1166666666667,False
334,INF5,2026-01-15 12:58:22,RebootEvents,0.0,True
335,INF5,2026-01-15 12:58:22,RebootEvents,0.0,True
396,INF5,2026-01-15 12:58:22,Timeline,0.0,True
397,INF5,2026-01-15 12:58:22,Timeline,0.0,True
79,INF5,2026-01-15 12:58:23,GeneXpert-kritisk,0.016666666666666666,True
336,INF5,2026-01-15 12:58:23,RebootEvents,0.0,True
337,INF5,2026-01-15 12:58:23,RebootEvents,0.0,True
398,INF5,2026-01-15 12:58:23,Timeline,0.0,True
399,INF5,2026-01-15 12:58:23,Timeline,0.0,True
400,INF5,2026-01-15 12:58:28,Timeline,0.08333333333333333,True
339,INF5,2026-01-15 12:58:28,RebootEvents,0.0,True
401,INF5,2026-01-15 12:58:28,Timeline,0.0,True
81,INF5,2026-01-15 12:58:28,GeneXpert-kritisk,0.0,True
338,INF5,2026-01-15 12:58:28,RebootEvents,0.0,True
83,INF5,2026-01-15 12:58:29,GeneXpert-kritisk,0.016666666666666666,True
85,INF5,2026-01-15 13:12:52,GeneXpert-kritisk,14.383333333333333,False
402,INF5,2026-01-15 13:13:19,Timeline,0.45,True
341,INF5,2026-01-15 13:13:19,RebootEvents,0.0,True
403,INF5,2026-01-15 13:13:19,Timeline,0.0,True
87,INF5,2026-01-15 13:13:19,GeneXpert-kritisk,0.0,True
340,INF5,2026-01-15 13:13:19,RebootEvents,0.0,True
89,INF5,2026-01-15 13:13:20,GeneXpert-kritisk,0.016666666666666666,True
76,INF5,2026-01-15 13:58:22,GeneXpert-kritisk,45.03333333333333,False
78,INF5,2026-01-15 13:58:23,GeneXpert-kritisk,0.016666666666666666,True
80,INF5,2026-01-15 13:58:28,GeneXpert-kritisk,0.08333333333333333,True
82,INF5,2026-01-15 13:58:29,GeneXpert-kritisk,0.016666666666666666,True
84,INF5,2026-01-15 14:12:52,GeneXpert-kritisk,14.383333333333333,False
86,INF5,2026-01-15 14:13:19,GeneXpert-kritisk,0.45,True
88,INF5,2026-01-15 14:13:20,GeneXpert-kritisk,0.016666666666666666,True
91,INF6,2026-01-02 08:43:10,GeneXpert-kritisk,,False
406,INF6,2026-01-02 08:43:10,Timeline,0.0,True
405,INF6,2026-01-02 08:43:10,Timeline,0.0,True
404,INF6,2026-01-02 08:43:10,Timeline,0.0,True
407,INF6,2026-01-02 08:43:10,Timeline,0.0,True
214,INF6,2026-01-02 08:43:10,RebootEvents,0.0,True
213,INF6,2026-01-02 08:43:10,RebootEvents,0.0,True
212,INF6,2026-01-02 08:43:10,RebootEvents,0.0,True
215,INF6,2026-01-02 08:43:10,RebootEvents,0.0,True
93,INF6,2026-01-02 08:43:15,GeneXpert-kritisk,0.08333333333333333,True
216,INF6,2026-01-02 08:43:15,RebootEvents,0.0,True
217,INF6,2026-01-02 08:43:15,RebootEvents,0.0,True
408,INF6,2026-01-02 08:43:15,Timeline,0.0,True
409,INF6,2026-01-02 08:43:15,Timeline,0.0,True
95,INF6,2026-01-02 08:43:16,GeneXpert-kritisk,0.016666666666666666,True
97,INF6,2026-01-02 08:51:30,GeneXpert-kritisk,8.233333333333333,True
411,INF6,2026-01-02 08:51:36,Timeline,0.1,True
410,INF6,2026-01-02 08:51:36,Timeline,0.0,True
99,INF6,2026-01-02 08:51:36,GeneXpert-kritisk,0.0,True
218,INF6,2026-01-02 08:51:36,RebootEvents,0.0,True
219,INF6,2026-01-02 08:51:36,RebootEvents,0.0,True
90,INF6,2026-01-02 09:43:10,GeneXpert-kritisk,51.56666666666667,False
92,INF6,2026-01-02 09:43:15,GeneXpert-kritisk,0.08333333333333333,True
94,INF6,2026-01-02 09:43:16,GeneXpert-kritisk,0.016666666666666666,True
96,INF6,2026-01-02 09:51:30,GeneXpert-kritisk,8.233333333333333,True
98,INF6,2026-01-02 09:51:36,GeneXpert-kritisk,0.1,True
101,INF6,2026-01-05 17:15:42,GeneXpert-kritisk,4764.1,False
236,INF6,2026-01-05 17:15:42,RebootEvents,0.0,True
237,INF6,2026-01-05 17:15:42,RebootEvents,0.0,True
412,INF6,2026-01-05 17:15:42,Timeline,0.0,True
413,INF6,2026-01-05 17:15:42,Timeline,0.0,True
415,INF6,2026-01-05 17:15:43,Timeline,0.016666666666666666,True
414,INF6,2026-01-05 17:15:43,Timeline,0.0,True
239,INF6,2026-01-05 17:15:43,RebootEvents,0.0,True
238,INF6,2026-01-05 17:15:43,RebootEvents,0.0,True
103,INF6,2026-01-05 17:15:43,GeneXpert-kritisk,0.0,True
105,INF6,2026-01-05 17:15:48,GeneXpert-kritisk,0.08333333333333333,True
240,INF6,2026-01-05 17:15:48,RebootEvents,0.0,True
241,INF6,2026-01-05 17:15:48,RebootEvents,0.0,True
416,INF6,2026-01-05 17:15:48,Timeline,0.0,True
417,INF6,2026-01-05 17:15:48,Timeline,0.0,True
107,INF6,2026-01-05 17:15:49,GeneXpert-kritisk,0.016666666666666666,True
109,INF6,2026-01-05 17:34:40,GeneXpert-kritisk,18.85,False
111,INF6,2026-01-05 17:34:45,GeneXpert-kritisk,0.08333333333333333,True
242,INF6,2026-01-05 17:34:45,RebootEvents,0.0,True
243,INF6,2026-01-05 17:34:45,RebootEvents,0.0,True
418,INF6,2026-01-05 17:34:45,Timeline,0.0,True
419,INF6,2026-01-05 17:34:45,Timeline,0.0,True
113,INF6,2026-01-05 17:34:46,GeneXpert-kritisk,0.016666666666666666,True
100,INF6,2026-01-05 18:15:42,GeneXpert-kritisk,40.93333333333333,False
102,INF6,2026-01-05 18:15:43,GeneXpert-kritisk,0.016666666666666666,True
104,INF6,2026-01-05 18:15:48,GeneXpert-kritisk,0.08333333333333333,True
106,INF6,2026-01-05 18:15:49,GeneXpert-kritisk,0.016666666666666666,True
108,INF6,2026-01-05 18:34:40,GeneXpert-kritisk,18.85,False
110,INF6,2026-01-05 18:34:45,GeneXpert-kritisk,0.08333333333333333,True
112,INF6,2026-01-05 18:34:46,GeneXpert-kritisk,0.016666666666666666,True
421,INF6,2026-01-08 01:06:18,Timeline,3271.5333333333333,False
261,INF6,2026-01-08 01:06:18,RebootEvents,0.0,True
420,INF6,2026-01-08 01:06:18,Timeline,0.0,True
115,INF6,2026-01-08 01:06:18,GeneXpert-kritisk,0.0,True
260,INF6,2026-01-08 01:06:18,RebootEvents,0.0,True
117,INF6,2026-01-08 01:06:19,GeneXpert-kritisk,0.016666666666666666,True
262,INF6,2026-01-08 01:06:19,RebootEvents,0.0,True
263,INF6,2026-01-08 01:06:19,RebootEvents,0.0,True
422,INF6,2026-01-08 01:06:19,Timeline,0.0,True
423,INF6,2026-01-08 01:06:19,Timeline,0.0,True
424,INF6,2026-01-08 01:06:24,Timeline,0.08333333333333333,True
265,INF6,2026-01-08 01:06:24,RebootEvents,0.0,True
425,INF6,2026-01-08 01:06:24,Timeline,0.0,True
119,INF6,2026-01-08 01:06:24,GeneXpert-kritisk,0.0,True
264,INF6,2026-01-08 01:06:24,RebootEvents,0.0,True
121,INF6,2026-01-08 01:06:25,GeneXpert-kritisk,0.016666666666666666,True
114,INF6,2026-01-08 02:06:18,GeneXpert-kritisk,59.88333333333333,False
116,INF6,2026-01-08 02:06:19,GeneXpert-kritisk,0.016666666666666666,True
118,INF6,2026-01-08 02:06:24,GeneXpert-kritisk,0.08333333333333333,True
120,INF6,2026-01-08 02:06:25,GeneXpert-kritisk,0.016666666666666666,True
123,INF6,2026-01-08 02:38:49,GeneXpert-kritisk,32.4,False
125,INF6,2026-01-08 02:38:55,GeneXpert-kritisk,0.1,True
266,INF6,2026-01-08 02:38:55,RebootEvents,0.0,True
267,INF6,2026-01-08 02:38:55,RebootEvents,0.0,True
426,INF6,2026-01-08 02:38:55,Timeline,0.0,True
427,INF6,2026-01-08 02:38:55,Timeline,0.0,True
127,INF6,2026-01-08 02:38:56,GeneXpert-kritisk,0.016666666666666666,True
122,INF6,2026-01-08 03:38:49,GeneXpert-kritisk,59.88333333333333,False
124,INF6,2026-01-08 03:38:55,GeneXpert-kritisk,0.1,True
126,INF6,2026-01-08 03:38:56,GeneXpert-kritisk,0.016666666666666666,True
129,INF6,2026-01-08 07:12:00,GeneXpert-kritisk,213.06666666666666,False
430,INF6,2026-01-08 07:12:00,Timeline,0.0,True
429,INF6,2026-01-08 07:12:00,Timeline,0.0,True
428,INF6,2026-01-08 07:12:00,Timeline,0.0,True
431,INF6,2026-01-08 07:12:00,Timeline,0.0,True
270,INF6,2026-01-08 07:12:00,RebootEvents,0.0,True
269,INF6,2026-01-08 07:12:00,RebootEvents,0.0,True
268,INF6,2026-01-08 07:12:00,RebootEvents,0.0,True
271,INF6,2026-01-08 07:12:00,RebootEvents,0.0,True
131,INF6,2026-01-08 07:12:05,GeneXpert-kritisk,0.08333333333333333,True
272,INF6,2026-01-08 07:12:05,RebootEvents,0.0,True
273,INF6,2026-01-08 07:12:05,RebootEvents,0.0,True
432,INF6,2026-01-08 07:12:05,Timeline,0.0,True
433,INF6,2026-01-08 07:12:05,Timeline,0.0,True
133,INF6,2026-01-08 07:15:15,GeneXpert-kritisk,3.1666666666666665,True
434,INF6,2026-01-08 07:15:21,Timeline,0.1,True
275,INF6,2026-01-08 07:15:21,RebootEvents,0.0,True
435,INF6,2026-01-08 07:15:21,Timeline,0.0,True
135,INF6,2026-01-08 07:15:21,GeneXpert-kritisk,0.0,True
274,INF6,2026-01-08 07:15:21,RebootEvents,0.0,True
128,INF6,2026-01-08 08:12:00,GeneXpert-kritisk,56.65,False
130,INF6,2026-01-08 08:12:05,GeneXpert-kritisk,0.08333333333333333,True
132,INF6,2026-01-08 08:15:15,GeneXpert-kritisk,3.1666666666666665,True
134,INF6,2026-01-08 08:15:21,GeneXpert-kritisk,0.1,True
137,INF6,2026-01-13 19:45:15,GeneXpert-kritisk,7889.9,False
308,INF6,2026-01-13 19:45:15,RebootEvents,0.0,True
309,INF6,2026-01-13 19:45:15,RebootEvents,0.0,True
436,INF6,2026-01-13 19:45:15,Timeline,0.0,True
437,INF6,2026-01-13 19:45:15,Timeline,0.0,True
139,INF6,2026-01-13 19:45:17,GeneXpert-kritisk,0.03333333333333333,True
136,INF6,2026-01-13 20:45:15,GeneXpert-kritisk,59.96666666666667,False
138,INF6,2026-01-13 20:45:17,GeneXpert-kritisk,0.03333333333333333,True
438,INF6,2026-01-15 22:03:17,Timeline,2958.0,False
343,INF6,2026-01-15 22:03:17,RebootEvents,0.0,True
439,INF6,2026-01-15 22:03:17,Timeline,0.0,True
141,INF6,2026-01-15 22:03:17,GeneXpert-kritisk,0.0,True
342,INF6,2026-01-15 22:03:17,RebootEvents,0.0,True
143,INF6,2026-01-15 22:03:22,GeneXpert-kritisk,0.08333333333333333,True
344,INF6,2026-01-15 22:03:22,RebootEvents,0.0,True
345,INF6,2026-01-15 22:03:22,RebootEvents,0.0,True
440,INF6,2026-01-15 22:03:22,Timeline,0.0,True
441,INF6,2026-01-15 22:03:22,Timeline,0.0,True
145,INF6,2026-01-15 22:03:23,GeneXpert-kritisk,0.016666666666666666,True
147,INF6,2026-01-15 22:03:42,GeneXpert-kritisk,0.31666666666666665,True
443,INF6,2026-01-15 22:03:50,Timeline,0.13333333333333333,True
442,INF6,2026-01-15 22:03:50,Timeline,0.0,True
346,INF6,2026-01-15 22:03:50,RebootEvents,0.0,True
149,INF6,2026-01-15 22:03:50,GeneXpert-kritisk,0.0,True
347,INF6,2026-01-15 22:03:50,RebootEvents,0.0,True
151,INF6,2026-01-15 22:03:51,GeneXpert-kritisk,0.016666666666666666,True
140,INF6,2026-01-15 23:03:17,GeneXpert-kritisk,59.43333333333333,False
142,INF6,2026-01-15 23:03:22,GeneXpert-kritisk,0.08333333333333333,True
144,INF6,2026-01-15 23:03:23,GeneXpert-kritisk,0.016666666666666666,True
146,INF6,2026-01-15 23:03:42,GeneXpert-kritisk,0.31666666666666665,True
148,INF6,2026-01-15 23:03:50,GeneXpert-kritisk,0.13333333333333333,True
150,INF6,2026-01-15 23:03:51,GeneXpert-kritisk,0.016666666666666666,True
153,INF8,2026-01-05 18:03:49,GeneXpert-kritisk,,False
244,INF8,2026-01-05 18:03:49,RebootEvents,0.0,True
245,INF8,2026-01-05 18:03:49,RebootEvents,0.0,True
444,INF8,2026-01-05 18:03:49,Timeline,0.0,True
445,INF8,2026-01-05 18:03:49,Timeline,0.0,True
446,INF8,2026-01-05 18:03:50,Timeline,0.016666666666666666,True
247,INF8,2026-01-05 18:03:50,RebootEvents,0.0,True
447,INF8,2026-01-05 18:03:50,Timeline,0.0,True
155,INF8,2026-01-05 18:03:50,GeneXpert-kritisk,0.0,True
246,INF8,2026-01-05 18:03:50,RebootEvents,0.0,True
157,INF8,2026-01-05 18:03:55,GeneXpert-kritisk,0.08333333333333333,True
248,INF8,2026-01-05 18:03:55,RebootEvents,0.0,True
249,INF8,2026-01-05 18:03:55,RebootEvents,0.0,True
448,INF8,2026-01-05 18:03:55,Timeline,0.0,True
449,INF8,2026-01-05 18:03:55,Timeline,0.0,True
159,INF8,2026-01-05 18:03:56,GeneXpert-kritisk,0.016666666666666666,True
161,INF8,2026-01-05 18:07:36,GeneXpert-kritisk,3.6666666666666665,True
451,INF8,2026-01-05 18:08:05,Timeline,0.48333333333333334,True
450,INF8,2026-01-05 18:08:05,Timeline,0.0,True
163,INF8,2026-01-05 18:08:05,GeneXpert-kritisk,0.0,True
250,INF8,2026-01-05 18:08:05,RebootEvents,0.0,True
251,INF8,2026-01-05 18:08:05,RebootEvents,0.0,True
152,INF8,2026-01-05 19:03:49,GeneXpert-kritisk,55.733333333333334,False
154,INF8,2026-01-05 19:03:50,GeneXpert-kritisk,0.016666666666666666,True
156,INF8,2026-01-05 19:03:55,GeneXpert-kritisk,0.08333333333333333,True
158,INF8,2026-01-05 19:03:56,GeneXpert-kritisk,0.016666666666666666,True
160,INF8,2026-01-05 19:07:36,GeneXpert-kritisk,3.6666666666666665,True
162,INF8,2026-01-05 19:08:05,GeneXpert-kritisk,0.48333333333333334,True
165,INF8,2026-01-07 15:05:54,GeneXpert-kritisk,2637.8166666666666,False
252,INF8,2026-01-07 15:05:54,RebootEvents,0.0,True
253,INF8,2026-01-07 15:05:54,RebootEvents,0.0,True
452,INF8,2026-01-07 15:05:54,Timeline,0.0,True
453,INF8,2026-01-07 15:05:54,Timeline,0.0,True
455,INF8,2026-01-07 15:05:55,Timeline,0.016666666666666666,True
454,INF8,2026-01-07 15:05:55,Timeline,0.0,True
254,INF8,2026-01-07 15:05:55,RebootEvents,0.0,True
167,INF8,2026-01-07 15:05:55,GeneXpert-kritisk,0.0,True
255,INF8,2026-01-07 15:05:55,RebootEvents,0.0,True
169,INF8,2026-01-07 15:06:00,GeneXpert-kritisk,0.08333333333333333,True
256,INF8,2026-01-07 15:06:00,RebootEvents,0.0,True
257,INF8,2026-01-07 15:06:00,RebootEvents,0.0,True
456,INF8,2026-01-07 15:06:00,Timeline,0.0,True
457,INF8,2026-01-07 15:06:00,Timeline,0.0,True
171,INF8,2026-01-07 15:51:47,GeneXpert-kritisk,45.78333333333333,False
173,INF8,2026-01-07 15:52:17,GeneXpert-kritisk,0.5,True
258,INF8,2026-01-07 15:52:17,RebootEvents,0.0,True
259,INF8,2026-01-07 15:52:17,RebootEvents,0.0,True
458,INF8,2026-01-07 15:52:17,Timeline,0.0,True
459,INF8,2026-01-07 15:52:17,Timeline,0.0,True
164,INF8,2026-01-07 16:05:54,GeneXpert-kritisk,13.616666666666667,False
166,INF8,2026-01-07 16:05:55,GeneXpert-kritisk,0.016666666666666666,True
168,INF8,2026-01-07 16:06:00,GeneXpert-kritisk,0.08333333333333333,True
170,INF8,2026-01-07 16:51:47,GeneXpert-kritisk,45.78333333333333,False
172,INF8,2026-01-07 16:52:17,GeneXpert-kritisk,0.5,True
175,INF8,2026-01-08 20:18:06,GeneXpert-kritisk,1645.8166666666666,False
276,INF8,2026-01-08 20:18:06,RebootEvents,0.0,True
277,INF8,2026-01-08 20:18:06,RebootEvents,0.0,True
460,INF8,2026-01-08 20:18:06,Timeline,0.0,True
461,INF8,2026-01-08 20:18:06,Timeline,0.0,True
177,INF8,2026-01-08 20:18:08,GeneXpert-kritisk,0.03333333333333333,True
278,INF8,2026-01-08 20:18:08,RebootEvents,0.0,True
279,INF8,2026-01-08 20:18:08,RebootEvents,0.0,True
462,INF8,2026-01-08 20:18:08,Timeline,0.0,True
463,INF8,2026-01-08 20:18:08,Timeline,0.0,True
281,INF8,2026-01-08 20:18:13,RebootEvents,0.08333333333333333,True
464,INF8,2026-01-08 20:18:13,Timeline,0.0,True
179,INF8,2026-01-08 20:18:13,GeneXpert-kritisk,0.0,True
280,INF8,2026-01-08 20:18:13,RebootEvents,0.0,True
465,INF8,2026-01-08 20:18:13,Timeline,0.0,True
181,INF8,2026-01-08 20:23:52,GeneXpert-kritisk,5.65,True
183,INF8,2026-01-08 20:24:22,GeneXpert-kritisk,0.5,True
282,INF8,2026-01-08 20:24:22,RebootEvents,0.0,True
283,INF8,2026-01-08 20:24:22,RebootEvents,0.0,True
466,INF8,2026-01-08 20:24:22,Timeline,0.0,True
467,INF8,2026-01-08 20:24:22,Timeline,0.0,True
185,INF8,2026-01-08 20:24:23,GeneXpert-kritisk,0.016666666666666666,True
174,INF8,2026-01-08 21:18:06,GeneXpert-kritisk,53.71666666666667,False
176,INF8,2026-01-08 21:18:08,GeneXpert-kritisk,0.03333333333333333,True
178,INF8,2026-01-08 21:18:13,GeneXpert-kritisk,0.08333333333333333,True
180,INF8,2026-01-08 21:23:52,GeneXpert-kritisk,5.65,True
182,INF8,2026-01-08 21:24:22,GeneXpert-kritisk,0.5,True
184,INF8,2026-01-08 21:24:23,GeneXpert-kritisk,0.016666666666666666,True
468,INF8,2026-01-13 07:15:12,Timeline,6350.816666666667,False
301,INF8,2026-01-13 07:15:12,RebootEvents,0.0,True
469,INF8,2026-01-13 07:15:12,Timeline,0.0,True
187,INF8,2026-01-13 07:15:12,GeneXpert-kritisk,0.0,True
300,INF8,2026-01-13 07:15:12,RebootEvents,0.0,True
189,INF8,2026-01-13 07:15:13,GeneXpert-kritisk,0.016666666666666666,True
302,INF8,2026-01-13 07:15:13,RebootEvents,0.0,True
303,INF8,2026-01-13 07:15:13,RebootEvents,0.0,True
470,INF8,2026-01-13 07:15:13,Timeline,0.0,True
471,INF8,2026-01-13 07:15:13,Timeline,0.0,True
473,INF8,2026-01-13 07:15:18,Timeline,0.08333333333333333,True
472,INF8,2026-01-13 07:15:18,Timeline,0.0,True
305,INF8,2026-01-13 07:15:18,RebootEvents,0.0,True
191,INF8,2026-01-13 07:15:18,GeneXpert-kritisk,0.0,True
304,INF8,2026-01-13 07:15:18,RebootEvents,0.0,True
193,INF8,2026-01-13 07:15:19,GeneXpert-kritisk,0.016666666666666666,True
195,INF8,2026-01-13 07:34:58,GeneXpert-kritisk,19.65,False
474,INF8,2026-01-13 07:35:27,Timeline,0.48333333333333334,True
197,INF8,2026-01-13 07:35:27,GeneXpert-kritisk,0.0,True
306,INF8,2026-01-13 07:35:27,RebootEvents,0.0,True
307,INF8,2026-01-13 07:35:27,RebootEvents,0.0,True
475,INF8,2026-01-13 07:35:27,Timeline,0.0,True
186,INF8,2026-01-13 08:15:12,GeneXpert-kritisk,39.75,False
188,INF8,2026-01-13 08:15:13,GeneXpert-kritisk,0.016666666666666666,True
190,INF8,2026-01-13 08:15:18,GeneXpert-kritisk,0.08333333333333333,True
192,INF8,2026-01-13 08:15:19,GeneXpert-kritisk,0.016666666666666666,True
194,INF8,2026-01-13 08:34:58,GeneXpert-kritisk,19.65,False
196,INF8,2026-01-13 08:35:27,GeneXpert-kritisk,0.48333333333333334,True
477,INF8,2026-01-14 17:49:01,Timeline,1993.5666666666666,False
319,INF8,2026-01-14 17:49:01,RebootEvents,0.0,True
476,INF8,2026-01-14 17:49:01,Timeline,0.0,True
199,INF8,2026-01-14 17:49:01,GeneXpert-kritisk,0.0,True
318,INF8,2026-01-14 17:49:01,RebootEvents,0.0,True
201,INF8,2026-01-14 17:49:25,GeneXpert-kritisk,0.4,True
320,INF8,2026-01-14 17:49:25,RebootEvents,0.0,True
321,INF8,2026-01-14 17:49:25,RebootEvents,0.0,True
478,INF8,2026-01-14 17:49:25,Timeline,0.0,True
479,INF8,2026-01-14 17:49:25,Timeline,0.0,True
481,INF8,2026-01-14 17:49:29,Timeline,0.06666666666666667,True
480,INF8,2026-01-14 17:49:29,Timeline,0.0,True
323,INF8,2026-01-14 17:49:29,RebootEvents,0.0,True
322,INF8,2026-01-14 17:49:29,RebootEvents,0.0,True
203,INF8,2026-01-14 17:49:29,GeneXpert-kritisk,0.0,True
205,INF8,2026-01-14 17:49:31,GeneXpert-kritisk,0.03333333333333333,True
207,INF8,2026-01-14 17:49:47,GeneXpert-kritisk,0.26666666666666666,True
482,INF8,2026-01-14 17:50:19,Timeline,0.5333333333333333,True
325,INF8,2026-01-14 17:50:19,RebootEvents,0.0,True
483,INF8,2026-01-14 17:50:19,Timeline,0.0,True
209,INF8,2026-01-14 17:50:19,GeneXpert-kritisk,0.0,True
324,INF8,2026-01-14 17:50:19,RebootEvents,0.0,True
211,INF8,2026-01-14 17:50:20,GeneXpert-kritisk,0.016666666666666666,True
198,INF8,2026-01-14 18:49:01,GeneXpert-kritisk,58.68333333333333,False
200,INF8,2026-01-14 18:49:25,GeneXpert-kritisk,0.4,True
202,INF8,2026-01-14 18:49:29,GeneXpert-kritisk,0.06666666666666667,True
204,INF8,2026-01-14 18:49:31,GeneXpert-kritisk,0.03333333333333333,True
206,INF8,2026-01-14 18:49:47,GeneXpert-kritisk,0.26666666666666666,True
208,INF8,2026-01-14 18:50:19,GeneXpert-kritisk,0.5333333333333333,True
210,INF8,2026-01-14 18:50:20,GeneXpert-kritisk,0.016666666666666666,True
487,N,2026-01-05 06:35:00,SamtidigaOmstarter,,False
495,N,2026-01-05 06:35:00,SamtidigaOmstarter,0.0,True
503,N,2026-01-05 06:35:00,SamtidigaOmstarter,0.0,True
511,N,2026-01-05 06:35:00,SamtidigaOmstarter,0.0,True
519,N,2026-01-05 06:35:00,SamtidigaOmstarter,0.0,True
527,N,2026-01-05 06:35:00,SamtidigaOmstarter,0.0,True
484,[,2026-01-05 06:35:00,SamtidigaOmstarter,,False
531,],2026-01-05 06:35:00,SamtidigaOmstarter,,False
