,LocalTime,UtcTime,Source,Type,Device,Details,AnchorId,Klient
126,2026-01-02 09:43:10,2026-01-02 08:43:10+00:00,Windows,Win 1074 User32,System(Get-EventLog),"Information - The process C:\Windows\system32\winlogon.exe (CPHD-93WLV94) has initiated the power off of computer CPHD-93WLV94 on behalf of user NT AUTHORITY\SYSTEM for the following reason: No title for this reason could be found
 Reason Code: 0x500ff
 Shutdown Type: power off
 Comment: ",,INF6
127,2026-01-02 09:43:10,2026-01-02 08:43:10+00:00,Windows,Win 6006 EventLog,System(Get-EventLog),Information - The Event log service was stopped.,,INF6
128,2026-01-02 09:43:10,2026-01-02 08:43:10+00:00,Windows,Win 1074 User32,System,"Information - The process C:\Windows\system32\winlogon.exe (CPHD-93WLV94) has initiated the power off of computer CPHD-93WLV94 on behalf of user NT AUTHORITY\SYSTEM for the following reason: No title for this reason could be found
 Reason Code: 0x500ff
 Shutdown Type: power off
 Comment: ",,INF6
129,2026-01-02 09:43:10,2026-01-02 08:43:10+00:00,Windows,Win 6006 EventLog,System,Information - The Event log service was stopped.,,INF6
137,2026-01-02 09:51:36,2026-01-02 08:51:36+00:00,Windows,Win 6005 EventLog,System(Get-EventLog),Information - The Event log service was started.,,INF6
140,2026-01-02 09:51:36,2026-01-02 08:51:36+00:00,Windows,Win 6005 EventLog,System,Information - The Event log service was started.,,INF6
0,2026-01-05 07:27:52,2026-01-05 06:27:52+00:00,Windows,Win 1074 User32,System(Get-EventLog),"Information - The process C:\Windows\system32\winlogon.exe (CPHD-2MYMZ44) has initiated the power off of computer CPHD-2MYMZ44 on behalf of user NT AUTHORITY\SYSTEM for the following reason: No title for this reason could be found
 Reason Code: 0x500ff
 Shutdown Type: power off
 Comment: ",,INF1
1,2026-01-05 07:27:52,2026-01-05 06:27:52+00:00,Windows,Win 1074 User32,System,"Information - The process C:\Windows\system32\winlogon.exe (CPHD-2MYMZ44) has initiated the power off of computer CPHD-2MYMZ44 on behalf of user NT AUTHORITY\SYSTEM for the following reason: No title for this reason could be found
 Reason Code: 0x500ff
 Shutdown Type: power off
 Comment: ",,INF1
3,2026-01-05 07:27:56,2026-01-05 06:27:56+00:00,Windows,Win 6006 EventLog,System,Information - The Event log service was stopped.,,INF1
2,2026-01-05 07:27:56,2026-01-05 06:27:56+00:00,Windows,Win 6006 EventLog,System(Get-EventLog),Information - The Event log service was stopped.,,INF1
14,2026-01-05 07:39:18,2026-01-05 06:39:18+00:00,Windows,Win 6005 EventLog,System,Information - The Event log service was started.,,INF1
12,2026-01-05 07:39:18,2026-01-05 06:39:18+00:00,Windows,Win 6005 EventLog,System(Get-EventLog),Information - The Event log service was started.,,INF1
55,2026-01-05 07:39:57,2026-01-05 06:39:57+00:00,Windows,Win 6006 EventLog,System(Get-EventLog),Information - The Event log service was stopped.,,INF3
57,2026-01-05 07:39:57,2026-01-05 06:39:57+00:00,Windows,Win 6006 EventLog,System,Information - The Event log service was stopped.,,INF3
54,2026-01-05 07:39:57,2026-01-05 06:39:57+00:00,Windows,Win 1074 User32,System(Get-EventLog),"Information - The process C:\Windows\system32\winlogon.exe (CPHD-B94KQ54) has initiated the power off of computer CPHD-B94KQ54 on behalf of user NT AUTHORITY\SYSTEM for the following reason: No title for this reason could be found
 Reason Code: 0x500ff
 Shutdown Type: power off
 Comment: ",,INF3
56,2026-01-05 07:39:57,2026-01-05 06:39:57+00:00,Windows,Win 1074 User32,System,"Information - The process C:\Windows\system32\winlogon.exe (CPHD-B94KQ54) has initiated the power off of computer CPHD-B94KQ54 on behalf of user NT AUTHORITY\SYSTEM for the following reason: No title for this reason could be found
 Reason Code: 0x500ff
 Shutdown Type: power off
 Comment: ",,INF3
69,2026-01-05 07:48:18,2026-01-05 06:48:18+00:00,Windows,Win 6005 EventLog,System,Information - The Event log service was started.,,INF3
65,2026-01-05 07:48:18,2026-01-05 06:48:18+00:00,Windows,Win 6005 EventLog,System(Get-EventLog),Information - The Event log service was started.,,INF3
145,2026-01-05 18:15:42,2026-01-05 17:15:42+00:00,Windows,Win 1074 User32,System,"Information - The process C:\Windows\system32\winlogon.exe (CPHD-93WLV94) has initiated the power off of computer CPHD-93WLV94 on behalf of user NT AUTHORITY\SYSTEM for the following reason: No title for this reason could be found
 Reason Code: 0x500ff
 Shutdown Type: power off
 Comment: ",,INF6
144,2026-01-05 18:15:42,2026-01-05 17:15:42+00:00,Windows,Win 1074 User32,System(Get-EventLog),"Information - The process C:\Windows\system32\winlogon.exe (CPHD-93WLV94) has initiated the power off of computer CPHD-93WLV94 on behalf of user NT AUTHORITY\SYSTEM for the following reason: No title for this reason could be found
 Reason Code: 0x500ff
 Shutdown Type: power off
 Comment: ",,INF6
147,2026-01-05 18:15:43,2026-01-05 17:15:43+00:00,Windows,Win 6006 EventLog,System,Information - The Event log service was stopped.,,INF6
146,2026-01-05 18:15:43,2026-01-05 17:15:43+00:00,Windows,Win 6006 EventLog,System(Get-EventLog),Information - The Event log service was stopped.,,INF6
155,2026-01-05 18:34:45,2026-01-05 17:34:45+00:00,Windows,Win 6005 EventLog,System(Get-EventLog),Information - The Event log service was started.,,INF6
156,2026-01-05 18:34:45,2026-01-05 17:34:45+00:00,Windows,Win 6005 EventLog,System,Information - The Event log service was started.,,INF6
219,2026-01-05 19:03:49,2026-01-05 18:03:49+00:00,Windows,Win 1074 User32,System,"Information - The process C:\Windows\system32\winlogon.exe (CPHD-BQT7YB4) has initiated the power off of computer CPHD-BQT7YB4 on behalf of user NT AUTHORITY\SYSTEM for the following reason: No title for this reason could be found
 Reason Code: 0x500ff
 Shutdown Type: power off
 Comment: ",,INF8
218,2026-01-05 19:03:49,2026-01-05 18:03:49+00:00,Windows,Win 1074 User32,System(Get-EventLog),"Information - The process C:\Windows\system32\winlogon.exe (CPHD-BQT7YB4) has initiated the power off of computer CPHD-BQT7YB4 on behalf of user NT AUTHORITY\SYSTEM for the following reason: No title for this reason could be found
 Reason Code: 0x500ff
 Shutdown Type: power off
 Comment: ",,INF8
221,2026-01-05 19:03:50,2026-01-05 18:03:50+00:00,Windows,Win 6006 EventLog,System,Information - The Event log service was stopped.,,INF8
220,2026-01-05 19:03:50,2026-01-05 18:03:50+00:00,Windows,Win 6006 EventLog,System(Get-EventLog),Information - The Event log service was stopped.,,INF8
232,2026-01-05 19:08:05,2026-01-05 18:08:05+00:00,Windows,Win 6005 EventLog,System,Information - The Event log service was started.,,INF8
231,2026-01-05 19:08:05,2026-01-05 18:08:05+00:00,Windows,Win 6005 EventLog,System(Get-EventLog),Information - The Event log service was started.,,INF8
237,2026-01-07 16:05:54,2026-01-07 15:05:54+00:00,Windows,Win 1074 User32,System,"Information - The process C:\Windows\system32\winlogon.exe (CPHD-BQT7YB4) has initiated the power off of computer CPHD-BQT7YB4 on behalf of user NT AUTHORITY\SYSTEM for the following reason: No title for this reason could be found
 Reason Code: 0x500ff
 Shutdown Type: power off
 Comment: ",,INF8
236,2026-01-07 16:05:54,2026-01-07 15:05:54+00:00,Windows,Win 1074 User32,System(Get-EventLog),"Information - The process C:\Windows\system32\winlogon.exe (CPHD-BQT7YB4) has initiated the power off of computer CPHD-BQT7YB4 on behalf of user NT AUTHORITY\SYSTEM for the following reason: No title for this reason could be found
 Reason Code: 0x500ff
 Shutdown Type: power off
 Comment: ",,INF8
239,2026-01-07 16:05:55,2026-01-07 15:05:55+00:00,Windows,Win 6006 EventLog,System,Information - The Event log service was stopped.,,INF8
238,2026-01-07 16:05:55,2026-01-07 15:05:55+00:00,Windows,Win 6006 EventLog,System(Get-EventLog),Information - The Event log service was stopped.,,INF8
251,2026-01-07 16:52:17,2026-01-07 15:52:17+00:00,Windows,Win 6005 EventLog,System,Information - The Event log service was started.,,INF8
246,2026-01-07 16:52:17,2026-01-07 15:52:17+00:00,Windows,Win 6005 EventLog,System(Get-EventLog),Information - The Event log service was started.,,INF8
163,2026-01-08 02:06:18,2026-01-08 01:06:18+00:00,Windows,Win 1074 User32,System,"Information - The process C:\Windows\system32\winlogon.exe (CPHD-93WLV94) has initiated the power off of computer CPHD-93WLV94 on behalf of user NT AUTHORITY\SYSTEM for the following reason: No title for this reason could be found
 Reason Code: 0x500ff
 Shutdown Type: power off
 Comment: ",,INF6
162,2026-01-08 02:06:18,2026-01-08 01:06:18+00:00,Windows,Win 1074 User32,System(Get-EventLog),"Information - The process C:\Windows\system32\winlogon.exe (CPHD-93WLV94) has initiated the power off of computer CPHD-93WLV94 on behalf of user NT AUTHORITY\SYSTEM for the following reason: No title for this reason could be found
 Reason Code: 0x500ff
 Shutdown Type: power off
 Comment: ",,INF6
165,2026-01-08 02:06:19,2026-01-08 01:06:19+00:00,Windows,Win 6006 EventLog,System,Information - The Event log service was stopped.,,INF6
164,2026-01-08 02:06:19,2026-01-08 01:06:19+00:00,Windows,Win 6006 EventLog,System(Get-EventLog),Information - The Event log service was stopped.,,INF6
175,2026-01-08 03:38:55,2026-01-08 02:38:55+00:00,Windows,Win 6005 EventLog,System,Information - The Event log service was started.,,INF6
172,2026-01-08 03:38:55,2026-01-08 02:38:55+00:00,Windows,Win 6005 EventLog,System(Get-EventLog),Information - The Event log service was started.,,INF6
183,2026-01-08 08:12:00,2026-01-08 07:12:00+00:00,Windows,Win 6006 EventLog,System,Information - The Event log service was stopped.,,INF6
182,2026-01-08 08:12:00,2026-01-08 07:12:00+00:00,Windows,Win 1074 User32,System,"Information - The process C:\Windows\system32\winlogon.exe (CPHD-93WLV94) has initiated the power off of computer CPHD-93WLV94 on behalf of user NT AUTHORITY\SYSTEM for the following reason: No title for this reason could be found
 Reason Code: 0x500ff
 Shutdown Type: power off
 Comment: ",,INF6
180,2026-01-08 08:12:00,2026-01-08 07:12:00+00:00,Windows,Win 6006 EventLog,System(Get-EventLog),Information - The Event log service was stopped.,,INF6
181,2026-01-08 08:12:00,2026-01-08 07:12:00+00:00,Windows,Win 1074 User32,System(Get-EventLog),"Information - The process C:\Windows\system32\winlogon.exe (CPHD-93WLV94) has initiated the power off of computer CPHD-93WLV94 on behalf of user NT AUTHORITY\SYSTEM for the following reason: No title for this reason could be found
 Reason Code: 0x500ff
 Shutdown Type: power off
 Comment: ",,INF6
190,2026-01-08 08:15:21,2026-01-08 07:15:21+00:00,Windows,Win 6005 EventLog,System(Get-EventLog),Information - The Event log service was started.,,INF6
194,2026-01-08 08:15:21,2026-01-08 07:15:21+00:00,Windows,Win 6005 EventLog,System,Information - The Event log service was started.,,INF6
254,2026-01-08 21:18:06,2026-01-08 20:18:06+00:00,Windows,Win 1074 User32,System(Get-EventLog),"Information - The process C:\Windows\system32\winlogon.exe (CPHD-BQT7YB4) has initiated the power off of computer CPHD-BQT7YB4 on behalf of user NT AUTHORITY\SYSTEM for the following reason: No title for this reason could be found
 Reason Code: 0x500ff
 Shutdown Type: power off
 Comment: ",,INF8
255,2026-01-08 21:18:06,2026-01-08 20:18:06+00:00,Windows,Win 1074 User32,System,"Information - The process C:\Windows\system32\winlogon.exe (CPHD-BQT7YB4) has initiated the power off of computer CPHD-BQT7YB4 on behalf of user NT AUTHORITY\SYSTEM for the following reason: No title for this reason could be found
 Reason Code: 0x500ff
 Shutdown Type: power off
 Comment: ",,INF8
256,2026-01-08 21:18:08,2026-01-08 20:18:08+00:00,Windows,Win 6006 EventLog,System(Get-EventLog),Information - The Event log service was stopped.,,INF8
257,2026-01-08 21:18:08,2026-01-08 20:18:08+00:00,Windows,Win 6006 EventLog,System,Information - The Event log service was stopped.,,INF8
264,2026-01-08 21:24:22,2026-01-08 20:24:22+00:00,Windows,Win 6005 EventLog,System(Get-EventLog),Information - The Event log service was started.,,INF8
266,2026-01-08 21:24:22,2026-01-08 20:24:22+00:00,Windows,Win 6005 EventLog,System,Information - The Event log service was started.,,INF8
73,2026-01-12 07:59:00,2026-01-12 06:59:00+00:00,Windows,Win 1074 User32,System,"Information - The process C:\Windows\system32\winlogon.exe (CPHD-B94KQ54) has initiated the power off of computer CPHD-B94KQ54 on behalf of user NT AUTHORITY\SYSTEM for the following reason: No title for this reason could be found
 Reason Code: 0x500ff
 Shutdown Type: power off
 Comment: ",,INF3
72,2026-01-12 07:59:00,2026-01-12 06:59:00+00:00,Windows,Win 1074 User32,System(Get-EventLog),"Information - The process C:\Windows\system32\winlogon.exe (CPHD-B94KQ54) has initiated the power off of computer CPHD-B94KQ54 on behalf of user NT AUTHORITY\SYSTEM for the following reason: No title for this reason could be found
 Reason Code: 0x500ff
 Shutdown Type: power off
 Comment: ",,INF3
74,2026-01-12 07:59:01,2026-01-12 06:59:01+00:00,Windows,Win 6006 EventLog,System(Get-EventLog),Information - The Event log service was stopped.,,INF3
75,2026-01-12 07:59:01,2026-01-12 06:59:01+00:00,Windows,Win 6006 EventLog,System,Information - The Event log service was stopped.,,INF3
83,2026-01-12 08:06:56,2026-01-12 07:06:56+00:00,Windows,Win 6005 EventLog,System(Get-EventLog),Information - The Event log service was started.,,INF3
85,2026-01-12 08:06:56,2026-01-12 07:06:56+00:00,Windows,Win 6005 EventLog,System,Information - The Event log service was started.,,INF3
18,2026-01-12 16:46:08,2026-01-12 15:46:08+00:00,Windows,Win 1074 User32,System(Get-EventLog),"Information - The process C:\Windows\system32\winlogon.exe (CPHD-2MYMZ44) has initiated the power off of computer CPHD-2MYMZ44 on behalf of user NT AUTHORITY\SYSTEM for the following reason: No title for this reason could be found
 Reason Code: 0x500ff
 Shutdown Type: power off
 Comment: ",,INF1
19,2026-01-12 16:46:08,2026-01-12 15:46:08+00:00,Windows,Win 1074 User32,System,"Information - The process C:\Windows\system32\winlogon.exe (CPHD-2MYMZ44) has initiated the power off of computer CPHD-2MYMZ44 on behalf of user NT AUTHORITY\SYSTEM for the following reason: No title for this reason could be found
 Reason Code: 0x500ff
 Shutdown Type: power off
 Comment: ",,INF1
20,2026-01-12 16:46:10,2026-01-12 15:46:10+00:00,Windows,Win 6006 EventLog,System(Get-EventLog),Information - The Event log service was stopped.,,INF1
21,2026-01-12 16:46:10,2026-01-12 15:46:10+00:00,Windows,Win 6006 EventLog,System,Information - The Event log service was stopped.,,INF1
29,2026-01-12 16:49:55,2026-01-12 15:49:55+00:00,Windows,Win 6005 EventLog,System(Get-EventLog),Information - The Event log service was started.,,INF1
30,2026-01-12 16:49:55,2026-01-12 15:49:55+00:00,Windows,Win 6005 EventLog,System,Information - The Event log service was started.,,INF1
273,2026-01-13 08:15:12,2026-01-13 07:15:12+00:00,Windows,Win 1074 User32,System,"Information - The process C:\Windows\system32\winlogon.exe (CPHD-BQT7YB4) has initiated the power off of computer CPHD-BQT7YB4 on behalf of user NT AUTHORITY\SYSTEM for the following reason: No title for this reason could be found
 Reason Code: 0x500ff
 Shutdown Type: power off
 Comment: ",,INF8
272,2026-01-13 08:15:12,2026-01-13 07:15:12+00:00,Windows,Win 1074 User32,System(Get-EventLog),"Information - The process C:\Windows\system32\winlogon.exe (CPHD-BQT7YB4) has initiated the power off of computer CPHD-BQT7YB4 on behalf of user NT AUTHORITY\SYSTEM for the following reason: No title for this reason could be found
 Reason Code: 0x500ff
 Shutdown Type: power off
 Comment: ",,INF8
275,2026-01-13 08:15:13,2026-01-13 07:15:13+00:00,Windows,Win 6006 EventLog,System,Information - The Event log service was stopped.,,INF8
274,2026-01-13 08:15:13,2026-01-13 07:15:13+00:00,Windows,Win 6006 EventLog,System(Get-EventLog),Information - The Event log service was stopped.,,INF8
287,2026-01-13 08:35:27,2026-01-13 07:35:27+00:00,Windows,Win 6005 EventLog,System,Information - The Event log service was started.,,INF8
285,2026-01-13 08:35:27,2026-01-13 07:35:27+00:00,Windows,Win 6005 EventLog,System(Get-EventLog),Information - The Event log service was started.,,INF8
198,2026-01-13 20:45:15,2026-01-13 19:45:15+00:00,Windows,Win 1074 User32,System(Get-EventLog),"Information - The process C:\Windows\System32\RuntimeBroker.exe (CPHD-93WLV94) has initiated the power off of computer CPHD-93WLV94 on behalf of user SE\Labuser_IPT for the following reason: Other (Unplanned)
 Reason Code: 0x0
 Shutdown Type: power off
 Comment: ",,INF6
199,2026-01-13 20:45:15,2026-01-13 19:45:15+00:00,Windows,Win 1074 User32,System,"Information - The process C:\Windows\System32\RuntimeBroker.exe (CPHD-93WLV94) has initiated the power off of computer CPHD-93WLV94 on behalf of user SE\Labuser_IPT for the following reason: Other (Unplanned)
 Reason Code: 0x0
 Shutdown Type: power off
 Comment: ",,INF6
37,2026-01-14 08:21:32,2026-01-14 07:21:32+00:00,Windows,Win 1074 User32,System,"Information - The process C:\Windows\system32\winlogon.exe (CPHD-2MYMZ44) has initiated the power off of computer CPHD-2MYMZ44 on behalf of user NT AUTHORITY\SYSTEM for the following reason: No title for this reason could be found
 Reason Code: 0x500ff
 Shutdown Type: power off
 Comment: ",,INF1
36,2026-01-14 08:21:32,2026-01-14 07:21:32+00:00,Windows,Win 1074 User32,System(Get-EventLog),"Information - The process C:\Windows\system32\winlogon.exe (CPHD-2MYMZ44) has initiated the power off of computer CPHD-2MYMZ44 on behalf of user NT AUTHORITY\SYSTEM for the following reason: No title for this reason could be found
 Reason Code: 0x500ff
 Shutdown Type: power off
 Comment: ",,INF1
38,2026-01-14 08:21:39,2026-01-14 07:21:39+00:00,Windows,Win 6006 EventLog,System(Get-EventLog),Information - The Event log service was stopped.,,INF1
39,2026-01-14 08:21:39,2026-01-14 07:21:39+00:00,Windows,Win 6006 EventLog,System,Information - The Event log service was stopped.,,INF1
47,2026-01-14 08:33:06,2026-01-14 07:33:06+00:00,Windows,Win 6005 EventLog,System(Get-EventLog),Information - The Event log service was started.,,INF1
48,2026-01-14 08:33:06,2026-01-14 07:33:06+00:00,Windows,Win 6005 EventLog,System,Information - The Event log service was started.,,INF1
291,2026-01-14 18:49:01,2026-01-14 17:49:01+00:00,Windows,Win 1074 User32,System,"Information - The process C:\Windows\system32\svchost.exe (CPHD-BQT7YB4) has initiated the restart of computer CPHD-BQT7YB4 on behalf of user NT AUTHORITY\SYSTEM for the following reason: Operating System: Service pack (Planned)
 Reason Code: 0x80020010
 Shutdown Type: restart
 Comment: ",,INF8
290,2026-01-14 18:49:01,2026-01-14 17:49:01+00:00,Windows,Win 1074 User32,System(Get-EventLog),"Information - The process C:\Windows\system32\svchost.exe (CPHD-BQT7YB4) has initiated the restart of computer CPHD-BQT7YB4 on behalf of user NT AUTHORITY\SYSTEM for the following reason: Operating System: Service pack (Planned)
 Reason Code: 0x80020010
 Shutdown Type: restart
 Comment: ",,INF8
293,2026-01-14 18:49:25,2026-01-14 17:49:25+00:00,Windows,Win 6006 EventLog,System,Information - The Event log service was stopped.,,INF8
292,2026-01-14 18:49:25,2026-01-14 17:49:25+00:00,Windows,Win 6006 EventLog,System(Get-EventLog),Information - The Event log service was stopped.,,INF8
303,2026-01-14 18:50:19,2026-01-14 17:50:19+00:00,Windows,Win 6005 EventLog,System,Information - The Event log service was started.,,INF8
302,2026-01-14 18:50:19,2026-01-14 17:50:19+00:00,Windows,Win 6005 EventLog,System(Get-EventLog),Information - The Event log service was started.,,INF8
90,2026-01-15 00:07:01,2026-01-14 23:07:01+00:00,Windows,Win 1074 User32,System(Get-EventLog),"Information - The process C:\Windows\system32\svchost.exe (CPHD-5RT7YB4) has initiated the restart of computer CPHD-5RT7YB4 on behalf of user NT AUTHORITY\SYSTEM for the following reason: Operating System: Service pack (Planned)
 Reason Code: 0x80020010
 Shutdown Type: restart
 Comment: ",,INF5
91,2026-01-15 00:07:01,2026-01-14 23:07:01+00:00,Windows,Win 1074 User32,System,"Information - The process C:\Windows\system32\svchost.exe (CPHD-5RT7YB4) has initiated the restart of computer CPHD-5RT7YB4 on behalf of user NT AUTHORITY\SYSTEM for the following reason: Operating System: Service pack (Planned)
 Reason Code: 0x80020010
 Shutdown Type: restart
 Comment: ",,INF5
92,2026-01-15 00:07:24,2026-01-14 23:07:24+00:00,Windows,Win 6006 EventLog,System(Get-EventLog),Information - The Event log service was stopped.,,INF5
93,2026-01-15 00:07:24,2026-01-14 23:07:24+00:00,Windows,Win 6006 EventLog,System,Information - The Event log service was stopped.,,INF5
100,2026-01-15 00:08:14,2026-01-14 23:08:14+00:00,Windows,Win 6005 EventLog,System(Get-EventLog),Information - The Event log service was started.,,INF5
103,2026-01-15 00:08:14,2026-01-14 23:08:14+00:00,Windows,Win 6005 EventLog,System,Information - The Event log service was started.,,INF5
108,2026-01-15 13:58:22,2026-01-15 12:58:22+00:00,Windows,Win 1074 User32,System(Get-EventLog),"Information - The process C:\Windows\system32\winlogon.exe (CPHD-5RT7YB4) has initiated the power off of computer CPHD-5RT7YB4 on behalf of user NT AUTHORITY\SYSTEM for the following reason: No title for this reason could be found
 Reason Code: 0x500ff
 Shutdown Type: power off
 Comment: ",,INF5
109,2026-01-15 13:58:22,2026-01-15 12:58:22+00:00,Windows,Win 1074 User32,System,"Information - The process C:\Windows\system32\winlogon.exe (CPHD-5RT7YB4) has initiated the power off of computer CPHD-5RT7YB4 on behalf of user NT AUTHORITY\SYSTEM for the following reason: No title for this reason could be found
 Reason Code: 0x500ff
 Shutdown Type: power off
 Comment: ",,INF5
110,2026-01-15 13:58:23,2026-01-15 12:58:23+00:00,Windows,Win 6006 EventLog,System(Get-EventLog),Information - The Event log service was stopped.,,INF5
111,2026-01-15 13:58:23,2026-01-15 12:58:23+00:00,Windows,Win 6006 EventLog,System,Information - The Event log service was stopped.,,INF5
119,2026-01-15 14:13:19,2026-01-15 13:13:19+00:00,Windows,Win 6005 EventLog,System(Get-EventLog),Information - The Event log service was started.,,INF5
120,2026-01-15 14:13:19,2026-01-15 13:13:19+00:00,Windows,Win 6005 EventLog,System,Information - The Event log service was started.,,INF5
202,2026-01-15 23:03:17,2026-01-15 22:03:17+00:00,Windows,Win 6006 EventLog,System(Get-EventLog),Information - The Event log service was stopped.,,INF6
203,2026-01-15 23:03:17,2026-01-15 22:03:17+00:00,Windows,Win 6006 EventLog,System,Information - The Event log service was stopped.,,INF6
213,2026-01-15 23:03:50,2026-01-15 22:03:50+00:00,Windows,Win 6005 EventLog,System,Information - The Event log service was started.,,INF6
211,2026-01-15 23:03:50,2026-01-15 22:03:50+00:00,Windows,Win 6005 EventLog,System(Get-EventLog),Information - The Event log service was started.,,INF6
