AssayPattern,Enabled,IsMTB,MatchType,PosRegex,NegRegex,ErrRegex,PosWins,Priority,Note
*xpert*mtb*rif*assay*g4*,FALSE,TRUE,WILDCARD,(DETECTED|POSITIVE),(NOT\s+DETECTED|NEGATIVE),(ERROR|NO\s+RESULT|INVALID),TRUE,10000,MTB: hanteras av MTB-speciallogik i RuleEngine; denna rad är avstängd.
*xpert*mtb*rif*jp*ivd*,FALSE,TRUE,WILDCARD,(DETECTED|POSITIVE),(NOT\s+DETECTED|NEGATIVE),(ERROR|NO\s+RESULT|INVALID),TRUE,10000,MTB: hanteras av MTB-speciallogik i RuleEngine; denna rad är avstängd.
*xpert*mtb*rif*ultra*,FALSE,TRUE,WILDCARD,(DETECTED|POSITIVE),(NOT\s+DETECTED|NEGATIVE),(ERROR|NO\s+RESULT|INVALID),TRUE,10000,MTB: hanteras av MTB-speciallogik i RuleEngine; denna rad är avstängd.
*xpert*mtb*xdr*,FALSE,TRUE,WILDCARD,(DETECTED|POSITIVE),(NOT\s+DETECTED|NEGATIVE),(ERROR|NO\s+RESULT|INVALID),TRUE,10000,MTB: hanteras av MTB-speciallogik i RuleEngine; denna rad är avstängd.
*flu*ipt*eat*off*,TRUE,FALSE,WILDCARD,(DETECTED|POSITIVE),(NOT\s+DETECTED|NEGATIVE),(ERROR|NO\s+RESULT|INVALID),TRUE,9000,Fallback när 01_ResultCallPatterns inte matchar. POS vinner vid multi-target.
*respiratory*panel*,TRUE,FALSE,WILDCARD,(DETECTED|POSITIVE),(NOT\s+DETECTED|NEGATIVE),(ERROR|NO\s+RESULT|INVALID),TRUE,9000,Fallback när 01_ResultCallPatterns inte matchar. POS vinner vid multi-target.
*sars*cov*2*flu*rsv*plus*,TRUE,FALSE,WILDCARD,(DETECTED|POSITIVE),(NOT\s+DETECTED|NEGATIVE),(ERROR|NO\s+RESULT|INVALID),TRUE,9000,Fallback när 01_ResultCallPatterns inte matchar. POS vinner vid multi-target.
*xpert*c*difficile*bt*,TRUE,FALSE,WILDCARD,(DETECTED|POSITIVE),(NOT\s+DETECTED|NEGATIVE),(ERROR|NO\s+RESULT|INVALID),TRUE,9000,Fallback när 01_ResultCallPatterns inte matchar. POS vinner vid multi-target.
*xpert*c*difficile*g3*,TRUE,FALSE,WILDCARD,(DETECTED|POSITIVE),(NOT\s+DETECTED|NEGATIVE),(ERROR|NO\s+RESULT|INVALID),TRUE,9000,Fallback när 01_ResultCallPatterns inte matchar. POS vinner vid multi-target.
*xpert*carba*r*,TRUE,FALSE,WILDCARD,(DETECTED|POSITIVE),(NOT\s+DETECTED|NEGATIVE),(ERROR|NO\s+RESULT|INVALID),TRUE,9000,Fallback när 01_ResultCallPatterns inte matchar. POS vinner vid multi-target.
*xpert*ct*ng*,TRUE,FALSE,WILDCARD,(DETECTED|POSITIVE),(NOT\s+DETECTED|NEGATIVE),(ERROR|NO\s+RESULT|INVALID),TRUE,9000,Fallback när 01_ResultCallPatterns inte matchar. POS vinner vid multi-target.
*xpert*ebola*eua*,TRUE,FALSE,WILDCARD,(DETECTED|POSITIVE),(NOT\s+DETECTED|NEGATIVE),(ERROR|NO\s+RESULT|INVALID),TRUE,9000,Fallback när 01_ResultCallPatterns inte matchar. POS vinner vid multi-target.
*xpert*gbs*lb*xc*,TRUE,FALSE,WILDCARD,(DETECTED|POSITIVE),(NOT\s+DETECTED|NEGATIVE),(ERROR|NO\s+RESULT|INVALID),TRUE,9000,Fallback när 01_ResultCallPatterns inte matchar. POS vinner vid multi-target.
*xpert*hbv*viral*load*,TRUE,FALSE,WILDCARD,(DETECTED|POSITIVE),(NOT\s+DETECTED|NEGATIVE),(ERROR|NO\s+RESULT|INVALID),TRUE,9000,Fallback när 01_ResultCallPatterns inte matchar. POS vinner vid multi-target.
*xpert*hcv*pqc*,TRUE,FALSE,WILDCARD,(DETECTED|POSITIVE),(NOT\s+DETECTED|NEGATIVE),(ERROR|NO\s+RESULT|INVALID),TRUE,9000,Fallback när 01_ResultCallPatterns inte matchar. POS vinner vid multi-target.
*xpert*hcv*viral*load*,TRUE,FALSE,WILDCARD,(DETECTED|POSITIVE),(NOT\s+DETECTED|NEGATIVE),(ERROR|NO\s+RESULT|INVALID),TRUE,9000,Fallback när 01_ResultCallPatterns inte matchar. POS vinner vid multi-target.
*xpert*hcv*vl*fingerstick*,TRUE,FALSE,WILDCARD,(DETECTED|POSITIVE),(NOT\s+DETECTED|NEGATIVE),(ERROR|NO\s+RESULT|INVALID),TRUE,9000,Fallback när 01_ResultCallPatterns inte matchar. POS vinner vid multi-target.
*xpert*hiv*1*qual*xc*pqc*,TRUE,FALSE,WILDCARD,(DETECTED|POSITIVE),(NOT\s+DETECTED|NEGATIVE),(ERROR|NO\s+RESULT|INVALID),TRUE,9000,Fallback när 01_ResultCallPatterns inte matchar. POS vinner vid multi-target.
*xpert*hiv*1*viral*load*,TRUE,FALSE,WILDCARD,(DETECTED|POSITIVE),(NOT\s+DETECTED|NEGATIVE),(ERROR|NO\s+RESULT|INVALID),TRUE,9000,Fallback när 01_ResultCallPatterns inte matchar. POS vinner vid multi-target.
*xpert*hiv*1*viral*load*xc*,TRUE,FALSE,WILDCARD,(DETECTED|POSITIVE),(NOT\s+DETECTED|NEGATIVE),(ERROR|NO\s+RESULT|INVALID),TRUE,9000,Fallback när 01_ResultCallPatterns inte matchar. POS vinner vid multi-target.
*xpert*hpv*v2*hr*,TRUE,FALSE,WILDCARD,(DETECTED|POSITIVE),(NOT\s+DETECTED|NEGATIVE),(ERROR|NO\s+RESULT|INVALID),TRUE,9000,Fallback när 01_ResultCallPatterns inte matchar. POS vinner vid multi-target.
*xpert*mrsa*nxg*,TRUE,FALSE,WILDCARD,(DETECTED|POSITIVE),(NOT\s+DETECTED|NEGATIVE),(ERROR|NO\s+RESULT|INVALID),TRUE,9000,Fallback när 01_ResultCallPatterns inte matchar. POS vinner vid multi-target.
*xpert*mrsa*sa*ssti*g3*,TRUE,FALSE,WILDCARD,(DETECTED|POSITIVE),(NOT\s+DETECTED|NEGATIVE),(ERROR|NO\s+RESULT|INVALID),TRUE,9000,Fallback när 01_ResultCallPatterns inte matchar. POS vinner vid multi-target.
*xpert*norovirus*,TRUE,FALSE,WILDCARD,(DETECTED|POSITIVE),(NOT\s+DETECTED|NEGATIVE),(ERROR|NO\s+RESULT|INVALID),TRUE,9000,Fallback när 01_ResultCallPatterns inte matchar. POS vinner vid multi-target.
*xpert*vana*vanb*,TRUE,FALSE,WILDCARD,(DETECTED|POSITIVE),(NOT\s+DETECTED|NEGATIVE),(ERROR|NO\s+RESULT|INVALID),TRUE,9000,Fallback när 01_ResultCallPatterns inte matchar. POS vinner vid multi-target.
*xpert*xpress*cov*2*plus*ivd*,TRUE,FALSE,WILDCARD,(DETECTED|POSITIVE),(NOT\s+DETECTED|NEGATIVE),(ERROR|NO\s+RESULT|INVALID),TRUE,9000,Fallback när 01_ResultCallPatterns inte matchar. POS vinner vid multi-target.
*xpert*xpress*flu*rsv*,TRUE,FALSE,WILDCARD,(DETECTED|POSITIVE),(NOT\s+DETECTED|NEGATIVE),(ERROR|NO\s+RESULT|INVALID),TRUE,9000,Fallback när 01_ResultCallPatterns inte matchar. POS vinner vid multi-target.
*xpert*xpress*gbs*,TRUE,FALSE,WILDCARD,(DETECTED|POSITIVE),(NOT\s+DETECTED|NEGATIVE),(ERROR|NO\s+RESULT|INVALID),TRUE,9000,Fallback när 01_ResultCallPatterns inte matchar. POS vinner vid multi-target.
*xpert*xpress*gbs*us*ivd*,TRUE,FALSE,WILDCARD,(DETECTED|POSITIVE),(NOT\s+DETECTED|NEGATIVE),(ERROR|NO\s+RESULT|INVALID),TRUE,9000,Fallback när 01_ResultCallPatterns inte matchar. POS vinner vid multi-target.
*xpert*xpress*sars*cov*2*ce*ivd*,TRUE,FALSE,WILDCARD,(DETECTED|POSITIVE),(NOT\s+DETECTED|NEGATIVE),(ERROR|NO\s+RESULT|INVALID),TRUE,9000,Fallback när 01_ResultCallPatterns inte matchar. POS vinner vid multi-target.
*xpert*xpress*strep*a*,TRUE,FALSE,WILDCARD,(DETECTED|POSITIVE),(NOT\s+DETECTED|NEGATIVE),(ERROR|NO\s+RESULT|INVALID),TRUE,9000,Fallback när 01_ResultCallPatterns inte matchar. POS vinner vid multi-target.
