,LocalTime,Tidpunkt (UTC),Source,Event Typ,Device,Detaljer,AnchorId,Klient
0,1/5/2026 7:27:52 AM,2026-01-05 06:27:52,Windows,Win 1074 User32,System(Get-EventLog),"Information - The process C:\Windows\system32\winlogon.exe (CPHD-2MYMZ44) has initiated the power off of computer CPHD-2MYMZ44 on behalf of user NT AUTHORITY\SYSTEM for the following reason: No title for this reason could be found
 Reason Code: 0x500ff
 Shutdown Type: power off
 Comment: ",,INF1
1,1/5/2026 7:27:52 AM,2026-01-05 06:27:52,Windows,Win 1074 User32,System,"Information - The process C:\Windows\system32\winlogon.exe (CPHD-2MYMZ44) has initiated the power off of computer CPHD-2MYMZ44 on behalf of user NT AUTHORITY\SYSTEM for the following reason: No title for this reason could be found
 Reason Code: 0x500ff
 Shutdown Type: power off
 Comment: ",,INF1
2,1/5/2026 7:27:56 AM,2026-01-05 06:27:56,Windows,Win 6006 EventLog,System(Get-EventLog),Information - The Event log service was stopped.,,INF1
3,1/5/2026 7:27:56 AM,2026-01-05 06:27:56,Windows,Win 6006 EventLog,System,Information - The Event log service was stopped.,,INF1
4,1/5/2026 7:28:01 AM,2026-01-05 06:28:01,Windows,Win 109 Microsoft-Windows-Kernel-Power,System(Get-EventLog),"Information - The description for Event ID '109' in Source 'Microsoft-Windows-Kernel-Power' cannot be found.  The local computer may not have the necessary registry information or message DLL files to display the message, or you may not have permission to access them.  The following information is part of the event:'6', '0', '5'",,INF1
5,1/5/2026 7:28:01 AM,2026-01-05 06:28:01,Windows,Win 109 Microsoft-Windows-Kernel-Power,System,"Information - The kernel power manager has initiated a shutdown transition.

Shutdown Reason: Kernel API",,INF1
12,1/5/2026 7:39:18 AM,2026-01-05 06:39:18,Windows,Win 6005 EventLog,System(Get-EventLog),Information - The Event log service was started.,,INF1
14,1/5/2026 7:39:18 AM,2026-01-05 06:39:18,Windows,Win 6005 EventLog,System,Information - The Event log service was started.,,INF1
18,1/12/2026 4:46:08 PM,2026-01-12 15:46:08,Windows,Win 1074 User32,System(Get-EventLog),"Information - The process C:\Windows\system32\winlogon.exe (CPHD-2MYMZ44) has initiated the power off of computer CPHD-2MYMZ44 on behalf of user NT AUTHORITY\SYSTEM for the following reason: No title for this reason could be found
 Reason Code: 0x500ff
 Shutdown Type: power off
 Comment: ",,INF1
19,1/12/2026 4:46:08 PM,2026-01-12 15:46:08,Windows,Win 1074 User32,System,"Information - The process C:\Windows\system32\winlogon.exe (CPHD-2MYMZ44) has initiated the power off of computer CPHD-2MYMZ44 on behalf of user NT AUTHORITY\SYSTEM for the following reason: No title for this reason could be found
 Reason Code: 0x500ff
 Shutdown Type: power off
 Comment: ",,INF1
20,1/12/2026 4:46:10 PM,2026-01-12 15:46:10,Windows,Win 6006 EventLog,System(Get-EventLog),Information - The Event log service was stopped.,,INF1
21,1/12/2026 4:46:10 PM,2026-01-12 15:46:10,Windows,Win 6006 EventLog,System,Information - The Event log service was stopped.,,INF1
22,1/12/2026 4:46:15 PM,2026-01-12 15:46:15,Windows,Win 109 Microsoft-Windows-Kernel-Power,System(Get-EventLog),"Information - The description for Event ID '109' in Source 'Microsoft-Windows-Kernel-Power' cannot be found.  The local computer may not have the necessary registry information or message DLL files to display the message, or you may not have permission to access them.  The following information is part of the event:'6', '0', '5'",,INF1
23,1/12/2026 4:46:15 PM,2026-01-12 15:46:15,Windows,Win 109 Microsoft-Windows-Kernel-Power,System,"Information - The kernel power manager has initiated a shutdown transition.

Shutdown Reason: Kernel API",,INF1
29,1/12/2026 4:49:55 PM,2026-01-12 15:49:55,Windows,Win 6005 EventLog,System(Get-EventLog),Information - The Event log service was started.,,INF1
30,1/12/2026 4:49:55 PM,2026-01-12 15:49:55,Windows,Win 6005 EventLog,System,Information - The Event log service was started.,,INF1
36,1/14/2026 8:21:32 AM,2026-01-14 07:21:32,Windows,Win 1074 User32,System(Get-EventLog),"Information - The process C:\Windows\system32\winlogon.exe (CPHD-2MYMZ44) has initiated the power off of computer CPHD-2MYMZ44 on behalf of user NT AUTHORITY\SYSTEM for the following reason: No title for this reason could be found
 Reason Code: 0x500ff
 Shutdown Type: power off
 Comment: ",,INF1
37,1/14/2026 8:21:32 AM,2026-01-14 07:21:32,Windows,Win 1074 User32,System,"Information - The process C:\Windows\system32\winlogon.exe (CPHD-2MYMZ44) has initiated the power off of computer CPHD-2MYMZ44 on behalf of user NT AUTHORITY\SYSTEM for the following reason: No title for this reason could be found
 Reason Code: 0x500ff
 Shutdown Type: power off
 Comment: ",,INF1
38,1/14/2026 8:21:39 AM,2026-01-14 07:21:39,Windows,Win 6006 EventLog,System(Get-EventLog),Information - The Event log service was stopped.,,INF1
39,1/14/2026 8:21:39 AM,2026-01-14 07:21:39,Windows,Win 6006 EventLog,System,Information - The Event log service was stopped.,,INF1
40,1/14/2026 8:21:44 AM,2026-01-14 07:21:44,Windows,Win 109 Microsoft-Windows-Kernel-Power,System(Get-EventLog),"Information - The description for Event ID '109' in Source 'Microsoft-Windows-Kernel-Power' cannot be found.  The local computer may not have the necessary registry information or message DLL files to display the message, or you may not have permission to access them.  The following information is part of the event:'6', '0', '5'",,INF1
42,1/14/2026 8:21:44 AM,2026-01-14 07:21:44,Windows,Win 109 Microsoft-Windows-Kernel-Power,System,"Information - The kernel power manager has initiated a shutdown transition.

Shutdown Reason: Kernel API",,INF1
47,1/14/2026 8:33:06 AM,2026-01-14 07:33:06,Windows,Win 6005 EventLog,System(Get-EventLog),Information - The Event log service was started.,,INF1
48,1/14/2026 8:33:06 AM,2026-01-14 07:33:06,Windows,Win 6005 EventLog,System,Information - The Event log service was started.,,INF1
54,1/5/2026 7:39:57 AM,2026-01-05 06:39:57,Windows,Win 1074 User32,System(Get-EventLog),"Information - The process C:\Windows\system32\winlogon.exe (CPHD-B94KQ54) has initiated the power off of computer CPHD-B94KQ54 on behalf of user NT AUTHORITY\SYSTEM for the following reason: No title for this reason could be found
 Reason Code: 0x500ff
 Shutdown Type: power off
 Comment: ",,INF3
55,1/5/2026 7:39:57 AM,2026-01-05 06:39:57,Windows,Win 6006 EventLog,System(Get-EventLog),Information - The Event log service was stopped.,,INF3
56,1/5/2026 7:39:57 AM,2026-01-05 06:39:57,Windows,Win 1074 User32,System,"Information - The process C:\Windows\system32\winlogon.exe (CPHD-B94KQ54) has initiated the power off of computer CPHD-B94KQ54 on behalf of user NT AUTHORITY\SYSTEM for the following reason: No title for this reason could be found
 Reason Code: 0x500ff
 Shutdown Type: power off
 Comment: ",,INF3
57,1/5/2026 7:39:57 AM,2026-01-05 06:39:57,Windows,Win 6006 EventLog,System,Information - The Event log service was stopped.,,INF3
58,1/5/2026 7:40:02 AM,2026-01-05 06:40:02,Windows,Win 109 Microsoft-Windows-Kernel-Power,System(Get-EventLog),"Information - The description for Event ID '109' in Source 'Microsoft-Windows-Kernel-Power' cannot be found.  The local computer may not have the necessary registry information or message DLL files to display the message, or you may not have permission to access them.  The following information is part of the event:'6', '0', '5'",,INF3
59,1/5/2026 7:40:02 AM,2026-01-05 06:40:02,Windows,Win 109 Microsoft-Windows-Kernel-Power,System,"Information - The kernel power manager has initiated a shutdown transition.

Shutdown Reason: Kernel API",,INF3
65,1/5/2026 7:48:18 AM,2026-01-05 06:48:18,Windows,Win 6005 EventLog,System(Get-EventLog),Information - The Event log service was started.,,INF3
69,1/5/2026 7:48:18 AM,2026-01-05 06:48:18,Windows,Win 6005 EventLog,System,Information - The Event log service was started.,,INF3
72,1/12/2026 7:59:00 AM,2026-01-12 06:59:00,Windows,Win 1074 User32,System(Get-EventLog),"Information - The process C:\Windows\system32\winlogon.exe (CPHD-B94KQ54) has initiated the power off of computer CPHD-B94KQ54 on behalf of user NT AUTHORITY\SYSTEM for the following reason: No title for this reason could be found
 Reason Code: 0x500ff
 Shutdown Type: power off
 Comment: ",,INF3
73,1/12/2026 7:59:00 AM,2026-01-12 06:59:00,Windows,Win 1074 User32,System,"Information - The process C:\Windows\system32\winlogon.exe (CPHD-B94KQ54) has initiated the power off of computer CPHD-B94KQ54 on behalf of user NT AUTHORITY\SYSTEM for the following reason: No title for this reason could be found
 Reason Code: 0x500ff
 Shutdown Type: power off
 Comment: ",,INF3
74,1/12/2026 7:59:01 AM,2026-01-12 06:59:01,Windows,Win 6006 EventLog,System(Get-EventLog),Information - The Event log service was stopped.,,INF3
75,1/12/2026 7:59:01 AM,2026-01-12 06:59:01,Windows,Win 6006 EventLog,System,Information - The Event log service was stopped.,,INF3
77,1/12/2026 7:59:06 AM,2026-01-12 06:59:06,Windows,Win 109 Microsoft-Windows-Kernel-Power,System(Get-EventLog),"Information - The description for Event ID '109' in Source 'Microsoft-Windows-Kernel-Power' cannot be found.  The local computer may not have the necessary registry information or message DLL files to display the message, or you may not have permission to access them.  The following information is part of the event:'6', '0', '5'",,INF3
78,1/12/2026 7:59:06 AM,2026-01-12 06:59:06,Windows,Win 109 Microsoft-Windows-Kernel-Power,System,"Information - The kernel power manager has initiated a shutdown transition.

Shutdown Reason: Kernel API",,INF3
83,1/12/2026 8:06:56 AM,2026-01-12 07:06:56,Windows,Win 6005 EventLog,System(Get-EventLog),Information - The Event log service was started.,,INF3
85,1/12/2026 8:06:56 AM,2026-01-12 07:06:56,Windows,Win 6005 EventLog,System,Information - The Event log service was started.,,INF3
90,1/15/2026 12:07:01 AM,2026-01-14 23:07:01,Windows,Win 1074 User32,System(Get-EventLog),"Information - The process C:\Windows\system32\svchost.exe (CPHD-5RT7YB4) has initiated the restart of computer CPHD-5RT7YB4 on behalf of user NT AUTHORITY\SYSTEM for the following reason: Operating System: Service pack (Planned)
 Reason Code: 0x80020010
 Shutdown Type: restart
 Comment: ",,INF5
91,1/15/2026 12:07:01 AM,2026-01-14 23:07:01,Windows,Win 1074 User32,System,"Information - The process C:\Windows\system32\svchost.exe (CPHD-5RT7YB4) has initiated the restart of computer CPHD-5RT7YB4 on behalf of user NT AUTHORITY\SYSTEM for the following reason: Operating System: Service pack (Planned)
 Reason Code: 0x80020010
 Shutdown Type: restart
 Comment: ",,INF5
92,1/15/2026 12:07:24 AM,2026-01-14 23:07:24,Windows,Win 6006 EventLog,System(Get-EventLog),Information - The Event log service was stopped.,,INF5
93,1/15/2026 12:07:24 AM,2026-01-14 23:07:24,Windows,Win 6006 EventLog,System,Information - The Event log service was stopped.,,INF5
94,1/15/2026 12:07:29 AM,2026-01-14 23:07:29,Windows,Win 109 Microsoft-Windows-Kernel-Power,System(Get-EventLog),"Information - The description for Event ID '109' in Source 'Microsoft-Windows-Kernel-Power' cannot be found.  The local computer may not have the necessary registry information or message DLL files to display the message, or you may not have permission to access them.  The following information is part of the event:'5', '0', '5'",,INF5
95,1/15/2026 12:07:29 AM,2026-01-14 23:07:29,Windows,Win 109 Microsoft-Windows-Kernel-Power,System,"Information - The kernel power manager has initiated a shutdown transition.

Shutdown Reason: Kernel API",,INF5
100,1/15/2026 12:08:14 AM,2026-01-14 23:08:14,Windows,Win 6005 EventLog,System(Get-EventLog),Information - The Event log service was started.,,INF5
103,1/15/2026 12:08:14 AM,2026-01-14 23:08:14,Windows,Win 6005 EventLog,System,Information - The Event log service was started.,,INF5
108,1/15/2026 1:58:22 PM,2026-01-15 12:58:22,Windows,Win 1074 User32,System(Get-EventLog),"Information - The process C:\Windows\system32\winlogon.exe (CPHD-5RT7YB4) has initiated the power off of computer CPHD-5RT7YB4 on behalf of user NT AUTHORITY\SYSTEM for the following reason: No title for this reason could be found
 Reason Code: 0x500ff
 Shutdown Type: power off
 Comment: ",,INF5
109,1/15/2026 1:58:22 PM,2026-01-15 12:58:22,Windows,Win 1074 User32,System,"Information - The process C:\Windows\system32\winlogon.exe (CPHD-5RT7YB4) has initiated the power off of computer CPHD-5RT7YB4 on behalf of user NT AUTHORITY\SYSTEM for the following reason: No title for this reason could be found
 Reason Code: 0x500ff
 Shutdown Type: power off
 Comment: ",,INF5
110,1/15/2026 1:58:23 PM,2026-01-15 12:58:23,Windows,Win 6006 EventLog,System(Get-EventLog),Information - The Event log service was stopped.,,INF5
111,1/15/2026 1:58:23 PM,2026-01-15 12:58:23,Windows,Win 6006 EventLog,System,Information - The Event log service was stopped.,,INF5
112,1/15/2026 1:58:28 PM,2026-01-15 12:58:28,Windows,Win 109 Microsoft-Windows-Kernel-Power,System(Get-EventLog),"Information - The description for Event ID '109' in Source 'Microsoft-Windows-Kernel-Power' cannot be found.  The local computer may not have the necessary registry information or message DLL files to display the message, or you may not have permission to access them.  The following information is part of the event:'6', '0', '5'",,INF5
113,1/15/2026 1:58:28 PM,2026-01-15 12:58:28,Windows,Win 109 Microsoft-Windows-Kernel-Power,System,"Information - The kernel power manager has initiated a shutdown transition.

Shutdown Reason: Kernel API",,INF5
119,1/15/2026 2:13:19 PM,2026-01-15 13:13:19,Windows,Win 6005 EventLog,System(Get-EventLog),Information - The Event log service was started.,,INF5
120,1/15/2026 2:13:19 PM,2026-01-15 13:13:19,Windows,Win 6005 EventLog,System,Information - The Event log service was started.,,INF5
126,1/2/2026 9:43:10 AM,2026-01-02 08:43:10,Windows,Win 1074 User32,System(Get-EventLog),"Information - The process C:\Windows\system32\winlogon.exe (CPHD-93WLV94) has initiated the power off of computer CPHD-93WLV94 on behalf of user NT AUTHORITY\SYSTEM for the following reason: No title for this reason could be found
 Reason Code: 0x500ff
 Shutdown Type: power off
 Comment: ",,INF6
127,1/2/2026 9:43:10 AM,2026-01-02 08:43:10,Windows,Win 6006 EventLog,System(Get-EventLog),Information - The Event log service was stopped.,,INF6
128,1/2/2026 9:43:10 AM,2026-01-02 08:43:10,Windows,Win 1074 User32,System,"Information - The process C:\Windows\system32\winlogon.exe (CPHD-93WLV94) has initiated the power off of computer CPHD-93WLV94 on behalf of user NT AUTHORITY\SYSTEM for the following reason: No title for this reason could be found
 Reason Code: 0x500ff
 Shutdown Type: power off
 Comment: ",,INF6
129,1/2/2026 9:43:10 AM,2026-01-02 08:43:10,Windows,Win 6006 EventLog,System,Information - The Event log service was stopped.,,INF6
130,1/2/2026 9:43:15 AM,2026-01-02 08:43:15,Windows,Win 109 Microsoft-Windows-Kernel-Power,System(Get-EventLog),"Information - The description for Event ID '109' in Source 'Microsoft-Windows-Kernel-Power' cannot be found.  The local computer may not have the necessary registry information or message DLL files to display the message, or you may not have permission to access them.  The following information is part of the event:'6', '0', '5'",,INF6
131,1/2/2026 9:43:15 AM,2026-01-02 08:43:15,Windows,Win 109 Microsoft-Windows-Kernel-Power,System,"Information - The kernel power manager has initiated a shutdown transition.

Shutdown Reason: Kernel API",,INF6
137,1/2/2026 9:51:36 AM,2026-01-02 08:51:36,Windows,Win 6005 EventLog,System(Get-EventLog),Information - The Event log service was started.,,INF6
140,1/2/2026 9:51:36 AM,2026-01-02 08:51:36,Windows,Win 6005 EventLog,System,Information - The Event log service was started.,,INF6
144,1/5/2026 6:15:42 PM,2026-01-05 17:15:42,Windows,Win 1074 User32,System(Get-EventLog),"Information - The process C:\Windows\system32\winlogon.exe (CPHD-93WLV94) has initiated the power off of computer CPHD-93WLV94 on behalf of user NT AUTHORITY\SYSTEM for the following reason: No title for this reason could be found
 Reason Code: 0x500ff
 Shutdown Type: power off
 Comment: ",,INF6
145,1/5/2026 6:15:42 PM,2026-01-05 17:15:42,Windows,Win 1074 User32,System,"Information - The process C:\Windows\system32\winlogon.exe (CPHD-93WLV94) has initiated the power off of computer CPHD-93WLV94 on behalf of user NT AUTHORITY\SYSTEM for the following reason: No title for this reason could be found
 Reason Code: 0x500ff
 Shutdown Type: power off
 Comment: ",,INF6
146,1/5/2026 6:15:43 PM,2026-01-05 17:15:43,Windows,Win 6006 EventLog,System(Get-EventLog),Information - The Event log service was stopped.,,INF6
147,1/5/2026 6:15:43 PM,2026-01-05 17:15:43,Windows,Win 6006 EventLog,System,Information - The Event log service was stopped.,,INF6
148,1/5/2026 6:15:48 PM,2026-01-05 17:15:48,Windows,Win 109 Microsoft-Windows-Kernel-Power,System(Get-EventLog),"Information - The description for Event ID '109' in Source 'Microsoft-Windows-Kernel-Power' cannot be found.  The local computer may not have the necessary registry information or message DLL files to display the message, or you may not have permission to access them.  The following information is part of the event:'6', '0', '5'",,INF6
149,1/5/2026 6:15:48 PM,2026-01-05 17:15:48,Windows,Win 109 Microsoft-Windows-Kernel-Power,System,"Information - The kernel power manager has initiated a shutdown transition.

Shutdown Reason: Kernel API",,INF6
155,1/5/2026 6:34:45 PM,2026-01-05 17:34:45,Windows,Win 6005 EventLog,System(Get-EventLog),Information - The Event log service was started.,,INF6
156,1/5/2026 6:34:45 PM,2026-01-05 17:34:45,Windows,Win 6005 EventLog,System,Information - The Event log service was started.,,INF6
162,1/8/2026 2:06:18 AM,2026-01-08 01:06:18,Windows,Win 1074 User32,System(Get-EventLog),"Information - The process C:\Windows\system32\winlogon.exe (CPHD-93WLV94) has initiated the power off of computer CPHD-93WLV94 on behalf of user NT AUTHORITY\SYSTEM for the following reason: No title for this reason could be found
 Reason Code: 0x500ff
 Shutdown Type: power off
 Comment: ",,INF6
163,1/8/2026 2:06:18 AM,2026-01-08 01:06:18,Windows,Win 1074 User32,System,"Information - The process C:\Windows\system32\winlogon.exe (CPHD-93WLV94) has initiated the power off of computer CPHD-93WLV94 on behalf of user NT AUTHORITY\SYSTEM for the following reason: No title for this reason could be found
 Reason Code: 0x500ff
 Shutdown Type: power off
 Comment: ",,INF6
164,1/8/2026 2:06:19 AM,2026-01-08 01:06:19,Windows,Win 6006 EventLog,System(Get-EventLog),Information - The Event log service was stopped.,,INF6
165,1/8/2026 2:06:19 AM,2026-01-08 01:06:19,Windows,Win 6006 EventLog,System,Information - The Event log service was stopped.,,INF6
166,1/8/2026 2:06:24 AM,2026-01-08 01:06:24,Windows,Win 109 Microsoft-Windows-Kernel-Power,System(Get-EventLog),"Information - The description for Event ID '109' in Source 'Microsoft-Windows-Kernel-Power' cannot be found.  The local computer may not have the necessary registry information or message DLL files to display the message, or you may not have permission to access them.  The following information is part of the event:'6', '0', '5'",,INF6
167,1/8/2026 2:06:24 AM,2026-01-08 01:06:24,Windows,Win 109 Microsoft-Windows-Kernel-Power,System,"Information - The kernel power manager has initiated a shutdown transition.

Shutdown Reason: Kernel API",,INF6
172,1/8/2026 3:38:55 AM,2026-01-08 02:38:55,Windows,Win 6005 EventLog,System(Get-EventLog),Information - The Event log service was started.,,INF6
175,1/8/2026 3:38:55 AM,2026-01-08 02:38:55,Windows,Win 6005 EventLog,System,Information - The Event log service was started.,,INF6
180,1/8/2026 8:12:00 AM,2026-01-08 07:12:00,Windows,Win 6006 EventLog,System(Get-EventLog),Information - The Event log service was stopped.,,INF6
181,1/8/2026 8:12:00 AM,2026-01-08 07:12:00,Windows,Win 1074 User32,System(Get-EventLog),"Information - The process C:\Windows\system32\winlogon.exe (CPHD-93WLV94) has initiated the power off of computer CPHD-93WLV94 on behalf of user NT AUTHORITY\SYSTEM for the following reason: No title for this reason could be found
 Reason Code: 0x500ff
 Shutdown Type: power off
 Comment: ",,INF6
182,1/8/2026 8:12:00 AM,2026-01-08 07:12:00,Windows,Win 1074 User32,System,"Information - The process C:\Windows\system32\winlogon.exe (CPHD-93WLV94) has initiated the power off of computer CPHD-93WLV94 on behalf of user NT AUTHORITY\SYSTEM for the following reason: No title for this reason could be found
 Reason Code: 0x500ff
 Shutdown Type: power off
 Comment: ",,INF6
183,1/8/2026 8:12:00 AM,2026-01-08 07:12:00,Windows,Win 6006 EventLog,System,Information - The Event log service was stopped.,,INF6
185,1/8/2026 8:12:05 AM,2026-01-08 07:12:05,Windows,Win 109 Microsoft-Windows-Kernel-Power,System(Get-EventLog),"Information - The description for Event ID '109' in Source 'Microsoft-Windows-Kernel-Power' cannot be found.  The local computer may not have the necessary registry information or message DLL files to display the message, or you may not have permission to access them.  The following information is part of the event:'6', '0', '5'",,INF6
186,1/8/2026 8:12:05 AM,2026-01-08 07:12:05,Windows,Win 109 Microsoft-Windows-Kernel-Power,System,"Information - The kernel power manager has initiated a shutdown transition.

Shutdown Reason: Kernel API",,INF6
190,1/8/2026 8:15:21 AM,2026-01-08 07:15:21,Windows,Win 6005 EventLog,System(Get-EventLog),Information - The Event log service was started.,,INF6
194,1/8/2026 8:15:21 AM,2026-01-08 07:15:21,Windows,Win 6005 EventLog,System,Information - The Event log service was started.,,INF6
198,1/13/2026 8:45:15 PM,2026-01-13 19:45:15,Windows,Win 1074 User32,System(Get-EventLog),"Information - The process C:\Windows\System32\RuntimeBroker.exe (CPHD-93WLV94) has initiated the power off of computer CPHD-93WLV94 on behalf of user SE\Labuser_IPT for the following reason: Other (Unplanned)
 Reason Code: 0x0
 Shutdown Type: power off
 Comment: ",,INF6
199,1/13/2026 8:45:15 PM,2026-01-13 19:45:15,Windows,Win 1074 User32,System,"Information - The process C:\Windows\System32\RuntimeBroker.exe (CPHD-93WLV94) has initiated the power off of computer CPHD-93WLV94 on behalf of user SE\Labuser_IPT for the following reason: Other (Unplanned)
 Reason Code: 0x0
 Shutdown Type: power off
 Comment: ",,INF6
202,1/15/2026 11:03:17 PM,2026-01-15 22:03:17,Windows,Win 6006 EventLog,System(Get-EventLog),Information - The Event log service was stopped.,,INF6
203,1/15/2026 11:03:17 PM,2026-01-15 22:03:17,Windows,Win 6006 EventLog,System,Information - The Event log service was stopped.,,INF6
204,1/15/2026 11:03:22 PM,2026-01-15 22:03:22,Windows,Win 109 Microsoft-Windows-Kernel-Power,System(Get-EventLog),"Information - The description for Event ID '109' in Source 'Microsoft-Windows-Kernel-Power' cannot be found.  The local computer may not have the necessary registry information or message DLL files to display the message, or you may not have permission to access them.  The following information is part of the event:'5', '0', '5'",,INF6
205,1/15/2026 11:03:22 PM,2026-01-15 22:03:22,Windows,Win 109 Microsoft-Windows-Kernel-Power,System,"Information - The kernel power manager has initiated a shutdown transition.

Shutdown Reason: Kernel API",,INF6
211,1/15/2026 11:03:50 PM,2026-01-15 22:03:50,Windows,Win 6005 EventLog,System(Get-EventLog),Information - The Event log service was started.,,INF6
213,1/15/2026 11:03:50 PM,2026-01-15 22:03:50,Windows,Win 6005 EventLog,System,Information - The Event log service was started.,,INF6
218,1/5/2026 7:03:49 PM,2026-01-05 18:03:49,Windows,Win 1074 User32,System(Get-EventLog),"Information - The process C:\Windows\system32\winlogon.exe (CPHD-BQT7YB4) has initiated the power off of computer CPHD-BQT7YB4 on behalf of user NT AUTHORITY\SYSTEM for the following reason: No title for this reason could be found
 Reason Code: 0x500ff
 Shutdown Type: power off
 Comment: ",,INF8
219,1/5/2026 7:03:49 PM,2026-01-05 18:03:49,Windows,Win 1074 User32,System,"Information - The process C:\Windows\system32\winlogon.exe (CPHD-BQT7YB4) has initiated the power off of computer CPHD-BQT7YB4 on behalf of user NT AUTHORITY\SYSTEM for the following reason: No title for this reason could be found
 Reason Code: 0x500ff
 Shutdown Type: power off
 Comment: ",,INF8
220,1/5/2026 7:03:50 PM,2026-01-05 18:03:50,Windows,Win 6006 EventLog,System(Get-EventLog),Information - The Event log service was stopped.,,INF8
221,1/5/2026 7:03:50 PM,2026-01-05 18:03:50,Windows,Win 6006 EventLog,System,Information - The Event log service was stopped.,,INF8
222,1/5/2026 7:03:55 PM,2026-01-05 18:03:55,Windows,Win 109 Microsoft-Windows-Kernel-Power,System(Get-EventLog),"Information - The description for Event ID '109' in Source 'Microsoft-Windows-Kernel-Power' cannot be found.  The local computer may not have the necessary registry information or message DLL files to display the message, or you may not have permission to access them.  The following information is part of the event:'6', '0', '5'",,INF8
223,1/5/2026 7:03:55 PM,2026-01-05 18:03:55,Windows,Win 109 Microsoft-Windows-Kernel-Power,System,"Information - The kernel power manager has initiated a shutdown transition.

Shutdown Reason: Kernel API",,INF8
231,1/5/2026 7:08:05 PM,2026-01-05 18:08:05,Windows,Win 6005 EventLog,System(Get-EventLog),Information - The Event log service was started.,,INF8
232,1/5/2026 7:08:05 PM,2026-01-05 18:08:05,Windows,Win 6005 EventLog,System,Information - The Event log service was started.,,INF8
236,1/7/2026 4:05:54 PM,2026-01-07 15:05:54,Windows,Win 1074 User32,System(Get-EventLog),"Information - The process C:\Windows\system32\winlogon.exe (CPHD-BQT7YB4) has initiated the power off of computer CPHD-BQT7YB4 on behalf of user NT AUTHORITY\SYSTEM for the following reason: No title for this reason could be found
 Reason Code: 0x500ff
 Shutdown Type: power off
 Comment: ",,INF8
237,1/7/2026 4:05:54 PM,2026-01-07 15:05:54,Windows,Win 1074 User32,System,"Information - The process C:\Windows\system32\winlogon.exe (CPHD-BQT7YB4) has initiated the power off of computer CPHD-BQT7YB4 on behalf of user NT AUTHORITY\SYSTEM for the following reason: No title for this reason could be found
 Reason Code: 0x500ff
 Shutdown Type: power off
 Comment: ",,INF8
238,1/7/2026 4:05:55 PM,2026-01-07 15:05:55,Windows,Win 6006 EventLog,System(Get-EventLog),Information - The Event log service was stopped.,,INF8
239,1/7/2026 4:05:55 PM,2026-01-07 15:05:55,Windows,Win 6006 EventLog,System,Information - The Event log service was stopped.,,INF8
241,1/7/2026 4:06:00 PM,2026-01-07 15:06:00,Windows,Win 109 Microsoft-Windows-Kernel-Power,System(Get-EventLog),"Information - The description for Event ID '109' in Source 'Microsoft-Windows-Kernel-Power' cannot be found.  The local computer may not have the necessary registry information or message DLL files to display the message, or you may not have permission to access them.  The following information is part of the event:'6', '0', '5'",,INF8
242,1/7/2026 4:06:00 PM,2026-01-07 15:06:00,Windows,Win 109 Microsoft-Windows-Kernel-Power,System,"Information - The kernel power manager has initiated a shutdown transition.

Shutdown Reason: Kernel API",,INF8
246,1/7/2026 4:52:17 PM,2026-01-07 15:52:17,Windows,Win 6005 EventLog,System(Get-EventLog),Information - The Event log service was started.,,INF8
251,1/7/2026 4:52:17 PM,2026-01-07 15:52:17,Windows,Win 6005 EventLog,System,Information - The Event log service was started.,,INF8
254,1/8/2026 9:18:06 PM,2026-01-08 20:18:06,Windows,Win 1074 User32,System(Get-EventLog),"Information - The process C:\Windows\system32\winlogon.exe (CPHD-BQT7YB4) has initiated the power off of computer CPHD-BQT7YB4 on behalf of user NT AUTHORITY\SYSTEM for the following reason: No title for this reason could be found
 Reason Code: 0x500ff
 Shutdown Type: power off
 Comment: ",,INF8
255,1/8/2026 9:18:06 PM,2026-01-08 20:18:06,Windows,Win 1074 User32,System,"Information - The process C:\Windows\system32\winlogon.exe (CPHD-BQT7YB4) has initiated the power off of computer CPHD-BQT7YB4 on behalf of user NT AUTHORITY\SYSTEM for the following reason: No title for this reason could be found
 Reason Code: 0x500ff
 Shutdown Type: power off
 Comment: ",,INF8
256,1/8/2026 9:18:08 PM,2026-01-08 20:18:08,Windows,Win 6006 EventLog,System(Get-EventLog),Information - The Event log service was stopped.,,INF8
257,1/8/2026 9:18:08 PM,2026-01-08 20:18:08,Windows,Win 6006 EventLog,System,Information - The Event log service was stopped.,,INF8
258,1/8/2026 9:18:13 PM,2026-01-08 20:18:13,Windows,Win 109 Microsoft-Windows-Kernel-Power,System(Get-EventLog),"Information - The description for Event ID '109' in Source 'Microsoft-Windows-Kernel-Power' cannot be found.  The local computer may not have the necessary registry information or message DLL files to display the message, or you may not have permission to access them.  The following information is part of the event:'6', '0', '5'",,INF8
260,1/8/2026 9:18:13 PM,2026-01-08 20:18:13,Windows,Win 109 Microsoft-Windows-Kernel-Power,System,"Information - The kernel power manager has initiated a shutdown transition.

Shutdown Reason: Kernel API",,INF8
264,1/8/2026 9:24:22 PM,2026-01-08 20:24:22,Windows,Win 6005 EventLog,System(Get-EventLog),Information - The Event log service was started.,,INF8
266,1/8/2026 9:24:22 PM,2026-01-08 20:24:22,Windows,Win 6005 EventLog,System,Information - The Event log service was started.,,INF8
272,1/13/2026 8:15:12 AM,2026-01-13 07:15:12,Windows,Win 1074 User32,System(Get-EventLog),"Information - The process C:\Windows\system32\winlogon.exe (CPHD-BQT7YB4) has initiated the power off of computer CPHD-BQT7YB4 on behalf of user NT AUTHORITY\SYSTEM for the following reason: No title for this reason could be found
 Reason Code: 0x500ff
 Shutdown Type: power off
 Comment: ",,INF8
273,1/13/2026 8:15:12 AM,2026-01-13 07:15:12,Windows,Win 1074 User32,System,"Information - The process C:\Windows\system32\winlogon.exe (CPHD-BQT7YB4) has initiated the power off of computer CPHD-BQT7YB4 on behalf of user NT AUTHORITY\SYSTEM for the following reason: No title for this reason could be found
 Reason Code: 0x500ff
 Shutdown Type: power off
 Comment: ",,INF8
274,1/13/2026 8:15:13 AM,2026-01-13 07:15:13,Windows,Win 6006 EventLog,System(Get-EventLog),Information - The Event log service was stopped.,,INF8
275,1/13/2026 8:15:13 AM,2026-01-13 07:15:13,Windows,Win 6006 EventLog,System,Information - The Event log service was stopped.,,INF8
276,1/13/2026 8:15:18 AM,2026-01-13 07:15:18,Windows,Win 109 Microsoft-Windows-Kernel-Power,System(Get-EventLog),"Information - The description for Event ID '109' in Source 'Microsoft-Windows-Kernel-Power' cannot be found.  The local computer may not have the necessary registry information or message DLL files to display the message, or you may not have permission to access them.  The following information is part of the event:'6', '0', '5'",,INF8
277,1/13/2026 8:15:18 AM,2026-01-13 07:15:18,Windows,Win 109 Microsoft-Windows-Kernel-Power,System,"Information - The kernel power manager has initiated a shutdown transition.

Shutdown Reason: Kernel API",,INF8
285,1/13/2026 8:35:27 AM,2026-01-13 07:35:27,Windows,Win 6005 EventLog,System(Get-EventLog),Information - The Event log service was started.,,INF8
287,1/13/2026 8:35:27 AM,2026-01-13 07:35:27,Windows,Win 6005 EventLog,System,Information - The Event log service was started.,,INF8
290,1/14/2026 6:49:01 PM,2026-01-14 17:49:01,Windows,Win 1074 User32,System(Get-EventLog),"Information - The process C:\Windows\system32\svchost.exe (CPHD-BQT7YB4) has initiated the restart of computer CPHD-BQT7YB4 on behalf of user NT AUTHORITY\SYSTEM for the following reason: Operating System: Service pack (Planned)
 Reason Code: 0x80020010
 Shutdown Type: restart
 Comment: ",,INF8
291,1/14/2026 6:49:01 PM,2026-01-14 17:49:01,Windows,Win 1074 User32,System,"Information - The process C:\Windows\system32\svchost.exe (CPHD-BQT7YB4) has initiated the restart of computer CPHD-BQT7YB4 on behalf of user NT AUTHORITY\SYSTEM for the following reason: Operating System: Service pack (Planned)
 Reason Code: 0x80020010
 Shutdown Type: restart
 Comment: ",,INF8
292,1/14/2026 6:49:25 PM,2026-01-14 17:49:25,Windows,Win 6006 EventLog,System(Get-EventLog),Information - The Event log service was stopped.,,INF8
293,1/14/2026 6:49:25 PM,2026-01-14 17:49:25,Windows,Win 6006 EventLog,System,Information - The Event log service was stopped.,,INF8
294,1/14/2026 6:49:29 PM,2026-01-14 17:49:29,Windows,Win 109 Microsoft-Windows-Kernel-Power,System(Get-EventLog),"Information - The description for Event ID '109' in Source 'Microsoft-Windows-Kernel-Power' cannot be found.  The local computer may not have the necessary registry information or message DLL files to display the message, or you may not have permission to access them.  The following information is part of the event:'5', '0', '5'",,INF8
295,1/14/2026 6:49:29 PM,2026-01-14 17:49:29,Windows,Win 109 Microsoft-Windows-Kernel-Power,System,"Information - The kernel power manager has initiated a shutdown transition.

Shutdown Reason: Kernel API",,INF8
302,1/14/2026 6:50:19 PM,2026-01-14 17:50:19,Windows,Win 6005 EventLog,System(Get-EventLog),Information - The Event log service was started.,,INF8
303,1/14/2026 6:50:19 PM,2026-01-14 17:50:19,Windows,Win 6005 EventLog,System,Information - The Event log service was started.,,INF8
