,Tidpunkt (UTC),Klient,Event Typ,Detaljer
291,2026-01-14 17:49:01,INF8,Win 1074 User32,"Information - The process C:\Windows\system32\svchost.exe (CPHD-BQT7YB4) has initiated the restart of computer CPHD-BQT7YB4 on behalf of user NT AUTHORITY\SYSTEM for the following reason: Operating System: Service pack (Planned)
 Reason Code: 0x80020010
 Shutdown Type: restart
 Comment: "
290,2026-01-14 17:49:01,INF8,Win 1074 User32,"Information - The process C:\Windows\system32\svchost.exe (CPHD-BQT7YB4) has initiated the restart of computer CPHD-BQT7YB4 on behalf of user NT AUTHORITY\SYSTEM for the following reason: Operating System: Service pack (Planned)
 Reason Code: 0x80020010
 Shutdown Type: restart
 Comment: "
90,2026-01-14 23:07:01,INF5,Win 1074 User32,"Information - The process C:\Windows\system32\svchost.exe (CPHD-5RT7YB4) has initiated the restart of computer CPHD-5RT7YB4 on behalf of user NT AUTHORITY\SYSTEM for the following reason: Operating System: Service pack (Planned)
 Reason Code: 0x80020010
 Shutdown Type: restart
 Comment: "
91,2026-01-14 23:07:01,INF5,Win 1074 User32,"Information - The process C:\Windows\system32\svchost.exe (CPHD-5RT7YB4) has initiated the restart of computer CPHD-5RT7YB4 on behalf of user NT AUTHORITY\SYSTEM for the following reason: Operating System: Service pack (Planned)
 Reason Code: 0x80020010
 Shutdown Type: restart
 Comment: "
