Computer,INF,RunStamp,ShutdownLocal,StartupLocal,DowntimeMinutes,InitiatorProcess,InitiatorUser,ReasonCode,ShutdownType,Comment,ShutdownUtc,StartupUtc
CPHD-93WLV94,INF6,2026-01-16_090047,2026-01-02 09:43:10,2026-01-02 09:51:30,8.33,C:\Windows\system32\winlogon.exe,NT AUTHORITY\SYSTEM,0x500ff,power off,,2026-01-02T08:43:10Z,2026-01-02T08:51:30Z
CPHD-2MYMZ44,INF1,2026-01-16_090956,2026-01-05 07:27:52,2026-01-05 07:38:49,10.95,C:\Windows\system32\winlogon.exe,NT AUTHORITY\SYSTEM,0x500ff,power off,,2026-01-05T06:27:52Z,2026-01-05T06:38:49Z
CPHD-B94KQ54,INF3,2026-01-16_091312,2026-01-05 07:39:57,2026-01-05 07:47:49,7.87,C:\Windows\system32\winlogon.exe,NT AUTHORITY\SYSTEM,0x500ff,power off,,2026-01-05T06:39:57Z,2026-01-05T06:47:49Z
CPHD-93WLV94,INF6,2026-01-16_090047,2026-01-05 18:15:42,2026-01-05 18:34:40,18.97,C:\Windows\system32\winlogon.exe,NT AUTHORITY\SYSTEM,0x500ff,power off,,2026-01-05T17:15:42Z,2026-01-05T17:34:40Z
CPHD-BQT7YB4,INF8,2026-01-16_090351,2026-01-05 19:03:49,2026-01-05 19:07:36,3.78,C:\Windows\system32\winlogon.exe,NT AUTHORITY\SYSTEM,0x500ff,power off,,2026-01-05T18:03:49Z,2026-01-05T18:07:36Z
CPHD-BQT7YB4,INF8,2026-01-16_090351,2026-01-07 16:05:54,2026-01-07 16:51:47,45.88,C:\Windows\system32\winlogon.exe,NT AUTHORITY\SYSTEM,0x500ff,power off,,2026-01-07T15:05:54Z,2026-01-07T15:51:47Z
CPHD-93WLV94,INF6,2026-01-16_090047,2026-01-08 02:06:18,2026-01-08 03:38:49,92.52,C:\Windows\system32\winlogon.exe,NT AUTHORITY\SYSTEM,0x500ff,power off,,2026-01-08T01:06:18Z,2026-01-08T02:38:49Z
CPHD-93WLV94,INF6,2026-01-16_090047,2026-01-08 08:12:00,2026-01-08 08:15:15,3.25,C:\Windows\system32\winlogon.exe,NT AUTHORITY\SYSTEM,0x500ff,power off,,2026-01-08T07:12:00Z,2026-01-08T07:15:15Z
CPHD-BQT7YB4,INF8,2026-01-16_090351,2026-01-08 21:18:06,2026-01-08 21:23:52,5.77,C:\Windows\system32\winlogon.exe,NT AUTHORITY\SYSTEM,0x500ff,power off,,2026-01-08T20:18:06Z,2026-01-08T20:23:52Z
CPHD-B94KQ54,INF3,2026-01-16_091312,2026-01-12 07:59:00,2026-01-12 08:06:27,7.45,C:\Windows\system32\winlogon.exe,NT AUTHORITY\SYSTEM,0x500ff,power off,,2026-01-12T06:59:00Z,2026-01-12T07:06:27Z
CPHD-2MYMZ44,INF1,2026-01-16_090956,2026-01-12 16:46:08,2026-01-12 16:49:25,3.28,C:\Windows\system32\winlogon.exe,NT AUTHORITY\SYSTEM,0x500ff,power off,,2026-01-12T15:46:08Z,2026-01-12T15:49:25Z
CPHD-BQT7YB4,INF8,2026-01-16_090351,2026-01-13 08:15:12,2026-01-13 08:34:58,19.77,C:\Windows\system32\winlogon.exe,NT AUTHORITY\SYSTEM,0x500ff,power off,,2026-01-13T07:15:12Z,2026-01-13T07:34:58Z
CPHD-93WLV94,INF6,2026-01-16_090047,2026-01-13 20:45:15,2026-01-15 23:03:42,3018.45,C:\Windows\System32\RuntimeBroker.exe,SE\Labuser_IPT,0x0,power off,,2026-01-13T19:45:15Z,2026-01-15T22:03:42Z
CPHD-2MYMZ44,INF1,2026-01-16_090956,2026-01-14 08:21:32,2026-01-14 08:32:37,11.08,C:\Windows\system32\winlogon.exe,NT AUTHORITY\SYSTEM,0x500ff,power off,,2026-01-14T07:21:32Z,2026-01-14T07:32:37Z
CPHD-BQT7YB4,INF8,2026-01-16_090351,2026-01-14 18:49:01,2026-01-14 18:49:47,0.77,C:\Windows\system32\svchost.exe,NT AUTHORITY\SYSTEM,0x80020010,restart,,2026-01-14T17:49:01Z,2026-01-14T17:49:47Z
CPHD-5RT7YB4,INF5,2026-01-16_101257,2026-01-15 00:07:01,2026-01-15 00:07:45,0.73,C:\Windows\system32\svchost.exe,NT AUTHORITY\SYSTEM,0x80020010,restart,,2026-01-14T23:07:01Z,2026-01-14T23:07:45Z
CPHD-5RT7YB4,INF5,2026-01-16_101257,2026-01-15 13:58:22,2026-01-15 14:12:52,14.5,C:\Windows\system32\winlogon.exe,NT AUTHORITY\SYSTEM,0x500ff,power off,,2026-01-15T12:58:22Z,2026-01-15T13:12:52Z
