Assay,Call,MatchType,Pattern,Priority,Enabled,Note
*,INDET,contains,INDETERMINATE,900,TRUE,Generic indeterminate
*,INDET,contains,INVALID,900,TRUE,Generic invalid
*,INDET,contains,ERROR,900,TRUE,Generic error
*,NEG,contains,NOT DETECTED,100,TRUE,Generic negative call
*,POS,contains,DETECTED,50,TRUE,Generic positive call (lower prio than NOT DETECTED)
Xpert MTB-RIF Ultra,POS,contains,MTB DETECTED,200,TRUE,MTB Ultra positive
Xpert MTB-RIF Ultra,NEG,contains,MTB NOT DETECTED,200,TRUE,MTB Ultra negative
Xpert MTB-RIF Ultra,INDET,contains,MTB INDETERMINATE,300,TRUE,MTB Ultra indeterminate
