﻿"Anchor","AnchorLocal","AnchorUtc","LocalTime","UtcTime","Id","ProviderName","LevelDisplayName","LogName","Message"
"41","12/16/2025 1:17:34 PM","12/16/2025 12:17:34 PM","12/16/2025 1:17:34 PM","12/16/2025 12:17:34 PM","44","Microsoft-Windows-WindowsUpdateClient","Information","System","Windows Update started downloading an update."
"41","12/16/2025 1:17:34 PM","12/16/2025 12:17:34 PM","12/16/2025 1:17:34 PM","12/16/2025 12:17:34 PM","41","Microsoft-Windows-WindowsUpdateClient","Information","Microsoft-Windows-WindowsUpdateClient/Operational","An update was downloaded."
"41","12/16/2025 1:17:34 PM","12/16/2025 12:17:34 PM","12/16/2025 1:17:34 PM","12/16/2025 12:17:34 PM","43","Microsoft-Windows-WindowsUpdateClient","Information","System","Installation Started: Windows has started installing the following update: 9PLFNLNT3G5G-AppUp.IntelGraphicsExperience"
"41","12/16/2025 1:17:34 PM","12/16/2025 12:17:34 PM","12/16/2025 1:17:35 PM","12/16/2025 12:17:35 PM","19","Microsoft-Windows-WindowsUpdateClient","Information","System","Installation Successful: Windows successfully installed the following update: 9PLFNLNT3G5G-AppUp.IntelGraphicsExperience"
"41","12/17/2025 7:45:59 PM","12/17/2025 6:45:59 PM","12/17/2025 7:45:58 PM","12/17/2025 6:45:58 PM","26","Microsoft-Windows-WindowsUpdateClient","Information","Microsoft-Windows-WindowsUpdateClient/Operational","Windows Update successfully found 1 updates."
"41","12/17/2025 7:45:59 PM","12/17/2025 6:45:59 PM","12/17/2025 7:45:58 PM","12/17/2025 6:45:58 PM","26","Microsoft-Windows-WindowsUpdateClient","Information","Microsoft-Windows-WindowsUpdateClient/Operational","Windows Update successfully found 0 updates."
"41","12/17/2025 7:45:59 PM","12/17/2025 6:45:59 PM","12/17/2025 7:45:58 PM","12/17/2025 6:45:58 PM","26","Microsoft-Windows-WindowsUpdateClient","Information","Microsoft-Windows-WindowsUpdateClient/Operational","Windows Update successfully found 4 updates."
"41","12/17/2025 7:45:59 PM","12/17/2025 6:45:59 PM","12/17/2025 7:45:58 PM","12/17/2025 6:45:58 PM","26","Microsoft-Windows-WindowsUpdateClient","Information","Microsoft-Windows-WindowsUpdateClient/Operational","Windows Update successfully found 1 updates."
"41","12/17/2025 7:45:59 PM","12/17/2025 6:45:59 PM","12/17/2025 7:45:59 PM","12/17/2025 6:45:59 PM","44","Microsoft-Windows-WindowsUpdateClient","Information","System","Windows Update started downloading an update."
"41","12/17/2025 7:45:59 PM","12/17/2025 6:45:59 PM","12/17/2025 7:45:59 PM","12/17/2025 6:45:59 PM","41","Microsoft-Windows-WindowsUpdateClient","Information","Microsoft-Windows-WindowsUpdateClient/Operational","An update was downloaded."
"41","12/17/2025 7:45:59 PM","12/17/2025 6:45:59 PM","12/17/2025 7:45:59 PM","12/17/2025 6:45:59 PM","43","Microsoft-Windows-WindowsUpdateClient","Information","System","Installation Started: Windows has started installing the following update: 9PLFNLNT3G5G-AppUp.IntelGraphicsExperience"
"41","12/17/2025 7:45:59 PM","12/17/2025 6:45:59 PM","12/17/2025 7:46:00 PM","12/17/2025 6:46:00 PM","19","Microsoft-Windows-WindowsUpdateClient","Information","System","Installation Successful: Windows successfully installed the following update: 9PLFNLNT3G5G-AppUp.IntelGraphicsExperience"
"41","12/19/2025 8:58:01 AM","12/19/2025 7:58:01 AM","12/19/2025 8:49:17 AM","12/19/2025 7:49:17 AM","12","Microsoft-Windows-Kernel-General","Information","System","The operating system started at system time ‎2025‎-‎12‎-‎19T07:49:16.500000000Z."
"41","12/19/2025 8:58:01 AM","12/19/2025 7:58:01 AM","12/19/2025 8:49:17 AM","12/19/2025 7:49:17 AM","153","Microsoft-Windows-Kernel-Boot","Information","System","Virtualization-based security (policies: 0) is disabled."
"41","12/19/2025 8:58:01 AM","12/19/2025 7:58:01 AM","12/19/2025 8:49:17 AM","12/19/2025 7:49:17 AM","18","Microsoft-Windows-Kernel-Boot","Information","System","There are 0x1 boot options on this system."
"41","12/19/2025 8:58:01 AM","12/19/2025 7:58:01 AM","12/19/2025 8:49:17 AM","12/19/2025 7:49:17 AM","32","Microsoft-Windows-Kernel-Boot","Information","System","The bootmgr spent 0 ms waiting for user input."
"41","12/19/2025 8:58:01 AM","12/19/2025 7:58:01 AM","12/19/2025 8:49:17 AM","12/19/2025 7:49:17 AM","20","Microsoft-Windows-Kernel-Boot","Information","System","The last shutdown's success status was true. The last boot's success status was true."
"41","12/19/2025 8:58:01 AM","12/19/2025 7:58:01 AM","12/19/2025 8:49:17 AM","12/19/2025 7:49:17 AM","238","Microsoft-Windows-Kernel-Boot","Information","System","EFI time zone bias: 2047. Daylight flags: 0"
"41","12/19/2025 8:58:01 AM","12/19/2025 7:58:01 AM","12/19/2025 8:49:17 AM","12/19/2025 7:49:17 AM","25","Microsoft-Windows-Kernel-Boot","Information","System","The boot menu policy was 0x1."
"41","12/19/2025 8:58:01 AM","12/19/2025 7:58:01 AM","12/19/2025 8:49:17 AM","12/19/2025 7:49:17 AM","27","Microsoft-Windows-Kernel-Boot","Information","System","The boot type was 0x0."
"41","12/19/2025 8:58:01 AM","12/19/2025 7:58:01 AM","12/19/2025 8:49:17 AM","12/19/2025 7:49:17 AM","30","Microsoft-Windows-Kernel-Boot","Information","System","The firmware reported boot metrics."
"41","12/19/2025 8:58:01 AM","12/19/2025 7:58:01 AM","12/19/2025 8:49:17 AM","12/19/2025 7:49:17 AM","20","Microsoft-Windows-Kernel-General","Information","System","The leap second configuration has been updated.
Reason: Leap second data initialized from registry during boot
Leap seconds enabled: true
New leap second count: 0
Old leap second count: 0"
"41","12/19/2025 8:58:01 AM","12/19/2025 7:58:01 AM","12/19/2025 8:49:43 AM","12/19/2025 7:49:43 AM","15","b57nd60a","Information","System","Broadcom NetXtreme Gigabit Ethernet #3: Driver initialized successfully."
"41","12/19/2025 8:58:01 AM","12/19/2025 7:58:01 AM","12/19/2025 8:49:44 AM","12/19/2025 7:49:44 AM","27","e1dexpress","Warning","System","Intel(R) Ethernet Connection (17) I219-LM
 Network link is disconnected.
"
"41","12/19/2025 8:58:01 AM","12/19/2025 7:58:01 AM","12/19/2025 8:49:44 AM","12/19/2025 7:49:44 AM","15","b57nd60a","Information","System","Broadcom NetXtreme Gigabit Ethernet #2: Driver initialized successfully."
"41","12/19/2025 8:58:01 AM","12/19/2025 7:58:01 AM","12/19/2025 8:49:44 AM","12/19/2025 7:49:44 AM","15","b57nd60a","Information","System","Broadcom NetXtreme Gigabit Ethernet: Driver initialized successfully."
"41","12/19/2025 8:58:01 AM","12/19/2025 7:58:01 AM","12/19/2025 8:49:44 AM","12/19/2025 7:49:44 AM","15","b57nd60a","Information","System","Broadcom NetXtreme Gigabit Ethernet #4: Driver initialized successfully."
"41","12/19/2025 8:58:01 AM","12/19/2025 7:58:01 AM","12/19/2025 8:49:45 AM","12/19/2025 7:49:45 AM","33","e1dexpress","Information","System","Intel(R) Ethernet Connection (17) I219-LM
 Network link has been established at 100Mbps full duplex.
"
"41","12/19/2025 8:58:01 AM","12/19/2025 7:58:01 AM","12/19/2025 8:49:46 AM","12/19/2025 7:49:46 AM","6013","EventLog","Information","System","The system uptime is 30 seconds."
"41","12/19/2025 8:58:01 AM","12/19/2025 7:58:01 AM","12/19/2025 8:49:46 AM","12/19/2025 7:49:46 AM","6009","EventLog","Information","System","Microsoft (R) Windows (R) 10.00. 19044  Multiprocessor Free."
"41","12/19/2025 8:58:01 AM","12/19/2025 7:58:01 AM","12/19/2025 8:49:46 AM","12/19/2025 7:49:46 AM","6005","EventLog","Information","System","The Event log service was started."
"41","12/19/2025 8:58:01 AM","12/19/2025 7:58:01 AM","12/19/2025 8:49:47 AM","12/19/2025 7:49:47 AM","12","Microsoft-Windows-UserModePowerService","Information","System","Process C:\Windows\System32\DriverStore\FileRepository\ipf_cpu.inf_amd64_c493e10bcfd25250\ipf_uf.exe (process ID:3092) reset policy scheme from {07084296-1ee0-4afa-bf25-f667953ec23a} to {07084296-1ee0-4afa-bf25-f667953ec23a}"
"41","12/19/2025 8:58:01 AM","12/19/2025 7:58:01 AM","12/19/2025 8:49:47 AM","12/19/2025 7:49:47 AM","12","Microsoft-Windows-UserModePowerService","Information","System","Process C:\Windows\System32\DriverStore\FileRepository\ipf_cpu.inf_amd64_c493e10bcfd25250\ipf_uf.exe (process ID:3092) reset policy scheme from {07084296-1ee0-4afa-bf25-f667953ec23a} to {07084296-1ee0-4afa-bf25-f667953ec23a}"
"41","12/19/2025 8:58:01 AM","12/19/2025 7:58:01 AM","12/19/2025 8:49:47 AM","12/19/2025 7:49:47 AM","11","b57nd60a","Information","System","Broadcom NetXtreme Gigabit Ethernet #3: Network controller configured for 1Gb full-duplex link."
"41","12/19/2025 8:58:01 AM","12/19/2025 7:58:01 AM","12/19/2025 8:49:47 AM","12/19/2025 7:49:47 AM","11","b57nd60a","Information","System","Broadcom NetXtreme Gigabit Ethernet: Network controller configured for 1Gb full-duplex link."
"41","12/19/2025 8:58:01 AM","12/19/2025 7:58:01 AM","12/19/2025 8:49:48 AM","12/19/2025 7:49:48 AM","4","b57nd60a","Warning","System","Broadcom NetXtreme Gigabit Ethernet #2: The network link is down.  Check to make sure the network cable is properly connected."
"41","12/19/2025 8:58:01 AM","12/19/2025 7:58:01 AM","12/19/2025 8:49:48 AM","12/19/2025 7:49:48 AM","4","b57nd60a","Warning","System","Broadcom NetXtreme Gigabit Ethernet #4: The network link is down.  Check to make sure the network cable is properly connected."
"41","12/19/2025 8:58:01 AM","12/19/2025 7:58:01 AM","12/19/2025 8:51:51 AM","12/19/2025 7:51:51 AM","7040","Service Control Manager","Information","System","The start type of the Background Intelligent Transfer Service service was changed from demand start to auto start."
"41","12/19/2025 8:58:01 AM","12/19/2025 7:58:01 AM","12/19/2025 8:57:56 AM","12/19/2025 7:57:56 AM","26","Microsoft-Windows-WindowsUpdateClient","Information","Microsoft-Windows-WindowsUpdateClient/Operational","Windows Update successfully found 1 updates."
"41","12/19/2025 8:58:01 AM","12/19/2025 7:58:01 AM","12/19/2025 8:57:56 AM","12/19/2025 7:57:56 AM","26","Microsoft-Windows-WindowsUpdateClient","Information","Microsoft-Windows-WindowsUpdateClient/Operational","Windows Update successfully found 0 updates."
"41","12/19/2025 8:58:01 AM","12/19/2025 7:58:01 AM","12/19/2025 8:57:56 AM","12/19/2025 7:57:56 AM","26","Microsoft-Windows-WindowsUpdateClient","Information","Microsoft-Windows-WindowsUpdateClient/Operational","Windows Update successfully found 4 updates."
"41","12/19/2025 8:58:01 AM","12/19/2025 7:58:01 AM","12/19/2025 8:57:56 AM","12/19/2025 7:57:56 AM","26","Microsoft-Windows-WindowsUpdateClient","Information","Microsoft-Windows-WindowsUpdateClient/Operational","Windows Update successfully found 1 updates."
"41","12/19/2025 8:58:01 AM","12/19/2025 7:58:01 AM","12/19/2025 8:58:01 AM","12/19/2025 7:58:01 AM","44","Microsoft-Windows-WindowsUpdateClient","Information","System","Windows Update started downloading an update."
"41","12/19/2025 8:58:01 AM","12/19/2025 7:58:01 AM","12/19/2025 8:58:01 AM","12/19/2025 7:58:01 AM","41","Microsoft-Windows-WindowsUpdateClient","Information","Microsoft-Windows-WindowsUpdateClient/Operational","An update was downloaded."
"41","12/19/2025 8:58:01 AM","12/19/2025 7:58:01 AM","12/19/2025 9:02:00 AM","12/19/2025 8:02:00 AM","7040","Service Control Manager","Information","System","The start type of the Background Intelligent Transfer Service service was changed from auto start to demand start."
"41","12/20/2025 11:51:07 PM","12/20/2025 10:51:07 PM","12/20/2025 11:42:18 PM","12/20/2025 10:42:18 PM","108","Application Management Group Policy","Warning","System","Failed to apply changes to software installation settings.  The installation of software deployed through Group Policy for this user has been delayed until the next logon because the changes must be applied before the user logon.  The error was : %%1274"
"41","12/20/2025 11:51:07 PM","12/20/2025 10:51:07 PM","12/20/2025 11:42:18 PM","12/20/2025 10:42:18 PM","1112","Microsoft-Windows-GroupPolicy","Warning","System","The Group Policy Client Side Extension Software Installation was unable to apply one or more settings because the changes must be processed before system startup or user logon. The system will wait for Group Policy processing to finish completely before the next startup or logon for this user, and this may result in slow startup and boot performance."
"41","12/20/2025 11:51:07 PM","12/20/2025 10:51:07 PM","12/20/2025 11:51:03 PM","12/20/2025 10:51:03 PM","26","Microsoft-Windows-WindowsUpdateClient","Information","Microsoft-Windows-WindowsUpdateClient/Operational","Windows Update successfully found 1 updates."
"41","12/20/2025 11:51:07 PM","12/20/2025 10:51:07 PM","12/20/2025 11:51:03 PM","12/20/2025 10:51:03 PM","26","Microsoft-Windows-WindowsUpdateClient","Information","Microsoft-Windows-WindowsUpdateClient/Operational","Windows Update successfully found 0 updates."
"41","12/20/2025 11:51:07 PM","12/20/2025 10:51:07 PM","12/20/2025 11:51:03 PM","12/20/2025 10:51:03 PM","26","Microsoft-Windows-WindowsUpdateClient","Information","Microsoft-Windows-WindowsUpdateClient/Operational","Windows Update successfully found 4 updates."
"41","12/20/2025 11:51:07 PM","12/20/2025 10:51:07 PM","12/20/2025 11:51:03 PM","12/20/2025 10:51:03 PM","26","Microsoft-Windows-WindowsUpdateClient","Information","Microsoft-Windows-WindowsUpdateClient/Operational","Windows Update successfully found 1 updates."
"41","12/20/2025 11:51:07 PM","12/20/2025 10:51:07 PM","12/20/2025 11:51:07 PM","12/20/2025 10:51:07 PM","44","Microsoft-Windows-WindowsUpdateClient","Information","System","Windows Update started downloading an update."
"41","12/20/2025 11:51:07 PM","12/20/2025 10:51:07 PM","12/20/2025 11:51:07 PM","12/20/2025 10:51:07 PM","41","Microsoft-Windows-WindowsUpdateClient","Information","Microsoft-Windows-WindowsUpdateClient/Operational","An update was downloaded."
"41","12/20/2025 11:51:07 PM","12/20/2025 10:51:07 PM","12/20/2025 11:51:07 PM","12/20/2025 10:51:07 PM","43","Microsoft-Windows-WindowsUpdateClient","Information","System","Installation Started: Windows has started installing the following update: 9PLFNLNT3G5G-AppUp.IntelGraphicsExperience"
"41","12/20/2025 11:51:07 PM","12/20/2025 10:51:07 PM","12/20/2025 11:51:07 PM","12/20/2025 10:51:07 PM","19","Microsoft-Windows-WindowsUpdateClient","Information","System","Installation Successful: Windows successfully installed the following update: 9PLFNLNT3G5G-AppUp.IntelGraphicsExperience"
"41","12/22/2025 7:53:30 AM","12/22/2025 6:53:30 AM","12/22/2025 7:53:27 AM","12/22/2025 6:53:27 AM","26","Microsoft-Windows-WindowsUpdateClient","Information","Microsoft-Windows-WindowsUpdateClient/Operational","Windows Update successfully found 1 updates."
"41","12/22/2025 7:53:30 AM","12/22/2025 6:53:30 AM","12/22/2025 7:53:27 AM","12/22/2025 6:53:27 AM","26","Microsoft-Windows-WindowsUpdateClient","Information","Microsoft-Windows-WindowsUpdateClient/Operational","Windows Update successfully found 0 updates."
"41","12/22/2025 7:53:30 AM","12/22/2025 6:53:30 AM","12/22/2025 7:53:27 AM","12/22/2025 6:53:27 AM","26","Microsoft-Windows-WindowsUpdateClient","Information","Microsoft-Windows-WindowsUpdateClient/Operational","Windows Update successfully found 4 updates."
"41","12/22/2025 7:53:30 AM","12/22/2025 6:53:30 AM","12/22/2025 7:53:27 AM","12/22/2025 6:53:27 AM","26","Microsoft-Windows-WindowsUpdateClient","Information","Microsoft-Windows-WindowsUpdateClient/Operational","Windows Update successfully found 1 updates."
"41","12/22/2025 7:53:30 AM","12/22/2025 6:53:30 AM","12/22/2025 7:53:30 AM","12/22/2025 6:53:30 AM","44","Microsoft-Windows-WindowsUpdateClient","Information","System","Windows Update started downloading an update."
"41","12/22/2025 7:53:30 AM","12/22/2025 6:53:30 AM","12/22/2025 7:53:30 AM","12/22/2025 6:53:30 AM","41","Microsoft-Windows-WindowsUpdateClient","Information","Microsoft-Windows-WindowsUpdateClient/Operational","An update was downloaded."
"41","12/22/2025 7:53:30 AM","12/22/2025 6:53:30 AM","12/22/2025 7:53:30 AM","12/22/2025 6:53:30 AM","43","Microsoft-Windows-WindowsUpdateClient","Information","System","Installation Started: Windows has started installing the following update: 9PLFNLNT3G5G-AppUp.IntelGraphicsExperience"
"41","12/22/2025 7:53:30 AM","12/22/2025 6:53:30 AM","12/22/2025 7:53:30 AM","12/22/2025 6:53:30 AM","19","Microsoft-Windows-WindowsUpdateClient","Information","System","Installation Successful: Windows successfully installed the following update: 9PLFNLNT3G5G-AppUp.IntelGraphicsExperience"
"41","12/22/2025 7:53:30 AM","12/22/2025 6:53:30 AM","12/22/2025 7:56:39 AM","12/22/2025 6:56:39 AM","7040","Service Control Manager","Information","System","The start type of the Background Intelligent Transfer Service service was changed from demand start to auto start."
"41","12/22/2025 7:53:30 AM","12/22/2025 6:53:30 AM","12/22/2025 7:59:19 AM","12/22/2025 6:59:19 AM","7040","Service Control Manager","Information","System","The start type of the Background Intelligent Transfer Service service was changed from auto start to demand start."
"41","12/23/2025 8:39:46 AM","12/23/2025 7:39:46 AM","12/23/2025 8:39:42 AM","12/23/2025 7:39:42 AM","26","Microsoft-Windows-WindowsUpdateClient","Information","Microsoft-Windows-WindowsUpdateClient/Operational","Windows Update successfully found 1 updates."
"41","12/23/2025 8:39:46 AM","12/23/2025 7:39:46 AM","12/23/2025 8:39:42 AM","12/23/2025 7:39:42 AM","26","Microsoft-Windows-WindowsUpdateClient","Information","Microsoft-Windows-WindowsUpdateClient/Operational","Windows Update successfully found 0 updates."
"41","12/23/2025 8:39:46 AM","12/23/2025 7:39:46 AM","12/23/2025 8:39:42 AM","12/23/2025 7:39:42 AM","26","Microsoft-Windows-WindowsUpdateClient","Information","Microsoft-Windows-WindowsUpdateClient/Operational","Windows Update successfully found 4 updates."
"41","12/23/2025 8:39:46 AM","12/23/2025 7:39:46 AM","12/23/2025 8:39:42 AM","12/23/2025 7:39:42 AM","26","Microsoft-Windows-WindowsUpdateClient","Information","Microsoft-Windows-WindowsUpdateClient/Operational","Windows Update successfully found 1 updates."
"41","12/23/2025 8:39:46 AM","12/23/2025 7:39:46 AM","12/23/2025 8:39:46 AM","12/23/2025 7:39:46 AM","44","Microsoft-Windows-WindowsUpdateClient","Information","System","Windows Update started downloading an update."
"41","12/23/2025 8:39:46 AM","12/23/2025 7:39:46 AM","12/23/2025 8:39:46 AM","12/23/2025 7:39:46 AM","41","Microsoft-Windows-WindowsUpdateClient","Information","Microsoft-Windows-WindowsUpdateClient/Operational","An update was downloaded."
"41","12/23/2025 8:39:46 AM","12/23/2025 7:39:46 AM","12/23/2025 8:39:46 AM","12/23/2025 7:39:46 AM","43","Microsoft-Windows-WindowsUpdateClient","Information","System","Installation Started: Windows has started installing the following update: 9PLFNLNT3G5G-AppUp.IntelGraphicsExperience"
"41","12/23/2025 8:39:46 AM","12/23/2025 7:39:46 AM","12/23/2025 8:39:46 AM","12/23/2025 7:39:46 AM","19","Microsoft-Windows-WindowsUpdateClient","Information","System","Installation Successful: Windows successfully installed the following update: 9PLFNLNT3G5G-AppUp.IntelGraphicsExperience"
"41","12/24/2025 10:14:46 AM","12/24/2025 9:14:46 AM","12/24/2025 10:14:44 AM","12/24/2025 9:14:44 AM","26","Microsoft-Windows-WindowsUpdateClient","Information","Microsoft-Windows-WindowsUpdateClient/Operational","Windows Update successfully found 1 updates."
"41","12/24/2025 10:14:46 AM","12/24/2025 9:14:46 AM","12/24/2025 10:14:44 AM","12/24/2025 9:14:44 AM","26","Microsoft-Windows-WindowsUpdateClient","Information","Microsoft-Windows-WindowsUpdateClient/Operational","Windows Update successfully found 0 updates."
"41","12/24/2025 10:14:46 AM","12/24/2025 9:14:46 AM","12/24/2025 10:14:44 AM","12/24/2025 9:14:44 AM","26","Microsoft-Windows-WindowsUpdateClient","Information","Microsoft-Windows-WindowsUpdateClient/Operational","Windows Update successfully found 4 updates."
"41","12/24/2025 10:14:46 AM","12/24/2025 9:14:46 AM","12/24/2025 10:14:44 AM","12/24/2025 9:14:44 AM","26","Microsoft-Windows-WindowsUpdateClient","Information","Microsoft-Windows-WindowsUpdateClient/Operational","Windows Update successfully found 1 updates."
"41","12/24/2025 10:14:46 AM","12/24/2025 9:14:46 AM","12/24/2025 10:14:46 AM","12/24/2025 9:14:46 AM","44","Microsoft-Windows-WindowsUpdateClient","Information","System","Windows Update started downloading an update."
"41","12/24/2025 10:14:46 AM","12/24/2025 9:14:46 AM","12/24/2025 10:14:46 AM","12/24/2025 9:14:46 AM","41","Microsoft-Windows-WindowsUpdateClient","Information","Microsoft-Windows-WindowsUpdateClient/Operational","An update was downloaded."
"41","12/24/2025 10:14:46 AM","12/24/2025 9:14:46 AM","12/24/2025 10:14:46 AM","12/24/2025 9:14:46 AM","43","Microsoft-Windows-WindowsUpdateClient","Information","System","Installation Started: Windows has started installing the following update: 9PLFNLNT3G5G-AppUp.IntelGraphicsExperience"
"41","12/24/2025 10:14:46 AM","12/24/2025 9:14:46 AM","12/24/2025 10:14:46 AM","12/24/2025 9:14:46 AM","19","Microsoft-Windows-WindowsUpdateClient","Information","System","Installation Successful: Windows successfully installed the following update: 9PLFNLNT3G5G-AppUp.IntelGraphicsExperience"
"41","12/26/2025 5:38:52 PM","12/26/2025 4:38:52 PM","12/26/2025 5:38:50 PM","12/26/2025 4:38:50 PM","26","Microsoft-Windows-WindowsUpdateClient","Information","Microsoft-Windows-WindowsUpdateClient/Operational","Windows Update successfully found 1 updates."
"41","12/26/2025 5:38:52 PM","12/26/2025 4:38:52 PM","12/26/2025 5:38:50 PM","12/26/2025 4:38:50 PM","26","Microsoft-Windows-WindowsUpdateClient","Information","Microsoft-Windows-WindowsUpdateClient/Operational","Windows Update successfully found 0 updates."
"41","12/26/2025 5:38:52 PM","12/26/2025 4:38:52 PM","12/26/2025 5:38:50 PM","12/26/2025 4:38:50 PM","26","Microsoft-Windows-WindowsUpdateClient","Information","Microsoft-Windows-WindowsUpdateClient/Operational","Windows Update successfully found 4 updates."
"41","12/26/2025 5:38:52 PM","12/26/2025 4:38:52 PM","12/26/2025 5:38:50 PM","12/26/2025 4:38:50 PM","26","Microsoft-Windows-WindowsUpdateClient","Information","Microsoft-Windows-WindowsUpdateClient/Operational","Windows Update successfully found 1 updates."
"41","12/26/2025 5:38:52 PM","12/26/2025 4:38:52 PM","12/26/2025 5:38:52 PM","12/26/2025 4:38:52 PM","44","Microsoft-Windows-WindowsUpdateClient","Information","System","Windows Update started downloading an update."
"41","12/26/2025 5:38:52 PM","12/26/2025 4:38:52 PM","12/26/2025 5:38:52 PM","12/26/2025 4:38:52 PM","41","Microsoft-Windows-WindowsUpdateClient","Information","Microsoft-Windows-WindowsUpdateClient/Operational","An update was downloaded."
"41","12/26/2025 5:38:52 PM","12/26/2025 4:38:52 PM","12/26/2025 5:38:52 PM","12/26/2025 4:38:52 PM","43","Microsoft-Windows-WindowsUpdateClient","Information","System","Installation Started: Windows has started installing the following update: 9PLFNLNT3G5G-AppUp.IntelGraphicsExperience"
"41","12/26/2025 5:38:52 PM","12/26/2025 4:38:52 PM","12/26/2025 5:38:52 PM","12/26/2025 4:38:52 PM","19","Microsoft-Windows-WindowsUpdateClient","Information","System","Installation Successful: Windows successfully installed the following update: 9PLFNLNT3G5G-AppUp.IntelGraphicsExperience"
"41","12/28/2025 6:55:07 AM","12/28/2025 5:55:07 AM","12/28/2025 6:55:04 AM","12/28/2025 5:55:04 AM","26","Microsoft-Windows-WindowsUpdateClient","Information","Microsoft-Windows-WindowsUpdateClient/Operational","Windows Update successfully found 1 updates."
"41","12/28/2025 6:55:07 AM","12/28/2025 5:55:07 AM","12/28/2025 6:55:04 AM","12/28/2025 5:55:04 AM","26","Microsoft-Windows-WindowsUpdateClient","Information","Microsoft-Windows-WindowsUpdateClient/Operational","Windows Update successfully found 0 updates."
"41","12/28/2025 6:55:07 AM","12/28/2025 5:55:07 AM","12/28/2025 6:55:04 AM","12/28/2025 5:55:04 AM","26","Microsoft-Windows-WindowsUpdateClient","Information","Microsoft-Windows-WindowsUpdateClient/Operational","Windows Update successfully found 4 updates."
"41","12/28/2025 6:55:07 AM","12/28/2025 5:55:07 AM","12/28/2025 6:55:04 AM","12/28/2025 5:55:04 AM","26","Microsoft-Windows-WindowsUpdateClient","Information","Microsoft-Windows-WindowsUpdateClient/Operational","Windows Update successfully found 1 updates."
"41","12/28/2025 6:55:07 AM","12/28/2025 5:55:07 AM","12/28/2025 6:55:07 AM","12/28/2025 5:55:07 AM","44","Microsoft-Windows-WindowsUpdateClient","Information","System","Windows Update started downloading an update."
"41","12/28/2025 6:55:07 AM","12/28/2025 5:55:07 AM","12/28/2025 6:55:07 AM","12/28/2025 5:55:07 AM","41","Microsoft-Windows-WindowsUpdateClient","Information","Microsoft-Windows-WindowsUpdateClient/Operational","An update was downloaded."
"41","12/28/2025 6:55:07 AM","12/28/2025 5:55:07 AM","12/28/2025 6:55:07 AM","12/28/2025 5:55:07 AM","43","Microsoft-Windows-WindowsUpdateClient","Information","System","Installation Started: Windows has started installing the following update: 9PLFNLNT3G5G-AppUp.IntelGraphicsExperience"
"41","12/28/2025 6:55:07 AM","12/28/2025 5:55:07 AM","12/28/2025 6:55:08 AM","12/28/2025 5:55:08 AM","19","Microsoft-Windows-WindowsUpdateClient","Information","System","Installation Successful: Windows successfully installed the following update: 9PLFNLNT3G5G-AppUp.IntelGraphicsExperience"
"41","12/29/2025 7:57:38 AM","12/29/2025 6:57:38 AM","12/29/2025 7:57:36 AM","12/29/2025 6:57:36 AM","26","Microsoft-Windows-WindowsUpdateClient","Information","Microsoft-Windows-WindowsUpdateClient/Operational","Windows Update successfully found 1 updates."
"41","12/29/2025 7:57:38 AM","12/29/2025 6:57:38 AM","12/29/2025 7:57:36 AM","12/29/2025 6:57:36 AM","26","Microsoft-Windows-WindowsUpdateClient","Information","Microsoft-Windows-WindowsUpdateClient/Operational","Windows Update successfully found 0 updates."
"41","12/29/2025 7:57:38 AM","12/29/2025 6:57:38 AM","12/29/2025 7:57:36 AM","12/29/2025 6:57:36 AM","26","Microsoft-Windows-WindowsUpdateClient","Information","Microsoft-Windows-WindowsUpdateClient/Operational","Windows Update successfully found 4 updates."
"41","12/29/2025 7:57:38 AM","12/29/2025 6:57:38 AM","12/29/2025 7:57:36 AM","12/29/2025 6:57:36 AM","26","Microsoft-Windows-WindowsUpdateClient","Information","Microsoft-Windows-WindowsUpdateClient/Operational","Windows Update successfully found 1 updates."
"41","12/29/2025 7:57:38 AM","12/29/2025 6:57:38 AM","12/29/2025 7:57:38 AM","12/29/2025 6:57:38 AM","44","Microsoft-Windows-WindowsUpdateClient","Information","System","Windows Update started downloading an update."
"41","12/29/2025 7:57:38 AM","12/29/2025 6:57:38 AM","12/29/2025 7:57:38 AM","12/29/2025 6:57:38 AM","41","Microsoft-Windows-WindowsUpdateClient","Information","Microsoft-Windows-WindowsUpdateClient/Operational","An update was downloaded."
"41","12/29/2025 7:57:38 AM","12/29/2025 6:57:38 AM","12/29/2025 7:57:38 AM","12/29/2025 6:57:38 AM","43","Microsoft-Windows-WindowsUpdateClient","Information","System","Installation Started: Windows has started installing the following update: 9PLFNLNT3G5G-AppUp.IntelGraphicsExperience"
"41","12/29/2025 7:57:38 AM","12/29/2025 6:57:38 AM","12/29/2025 7:57:38 AM","12/29/2025 6:57:38 AM","19","Microsoft-Windows-WindowsUpdateClient","Information","System","Installation Successful: Windows successfully installed the following update: 9PLFNLNT3G5G-AppUp.IntelGraphicsExperience"
"41","12/30/2025 1:52:01 PM","12/30/2025 12:52:01 PM","12/30/2025 1:52:01 PM","12/30/2025 12:52:01 PM","44","Microsoft-Windows-WindowsUpdateClient","Information","System","Windows Update started downloading an update."
"41","12/30/2025 1:52:01 PM","12/30/2025 12:52:01 PM","12/30/2025 1:52:01 PM","12/30/2025 12:52:01 PM","41","Microsoft-Windows-WindowsUpdateClient","Information","Microsoft-Windows-WindowsUpdateClient/Operational","An update was downloaded."
"41","12/30/2025 1:52:01 PM","12/30/2025 12:52:01 PM","12/30/2025 1:52:01 PM","12/30/2025 12:52:01 PM","43","Microsoft-Windows-WindowsUpdateClient","Information","System","Installation Started: Windows has started installing the following update: 9PLFNLNT3G5G-AppUp.IntelGraphicsExperience"
"41","12/30/2025 1:52:01 PM","12/30/2025 12:52:01 PM","12/30/2025 1:52:02 PM","12/30/2025 12:52:02 PM","19","Microsoft-Windows-WindowsUpdateClient","Information","System","Installation Successful: Windows successfully installed the following update: 9PLFNLNT3G5G-AppUp.IntelGraphicsExperience"
"41","1/1/2026 10:52:01 PM","1/1/2026 9:52:01 PM","1/1/2026 10:42:53 PM","1/1/2026 9:42:53 PM","7040","Service Control Manager","Information","System","The start type of the Background Intelligent Transfer Service service was changed from auto start to demand start."
"41","1/1/2026 10:52:01 PM","1/1/2026 9:52:01 PM","1/1/2026 10:51:58 PM","1/1/2026 9:51:58 PM","26","Microsoft-Windows-WindowsUpdateClient","Information","Microsoft-Windows-WindowsUpdateClient/Operational","Windows Update successfully found 1 updates."
"41","1/1/2026 10:52:01 PM","1/1/2026 9:52:01 PM","1/1/2026 10:51:58 PM","1/1/2026 9:51:58 PM","26","Microsoft-Windows-WindowsUpdateClient","Information","Microsoft-Windows-WindowsUpdateClient/Operational","Windows Update successfully found 0 updates."
"41","1/1/2026 10:52:01 PM","1/1/2026 9:52:01 PM","1/1/2026 10:51:58 PM","1/1/2026 9:51:58 PM","26","Microsoft-Windows-WindowsUpdateClient","Information","Microsoft-Windows-WindowsUpdateClient/Operational","Windows Update successfully found 4 updates."
"41","1/1/2026 10:52:01 PM","1/1/2026 9:52:01 PM","1/1/2026 10:51:58 PM","1/1/2026 9:51:58 PM","26","Microsoft-Windows-WindowsUpdateClient","Information","Microsoft-Windows-WindowsUpdateClient/Operational","Windows Update successfully found 1 updates."
"41","1/1/2026 10:52:01 PM","1/1/2026 9:52:01 PM","1/1/2026 10:52:01 PM","1/1/2026 9:52:01 PM","44","Microsoft-Windows-WindowsUpdateClient","Information","System","Windows Update started downloading an update."
"41","1/1/2026 10:52:01 PM","1/1/2026 9:52:01 PM","1/1/2026 10:52:01 PM","1/1/2026 9:52:01 PM","41","Microsoft-Windows-WindowsUpdateClient","Information","Microsoft-Windows-WindowsUpdateClient/Operational","An update was downloaded."
"41","1/1/2026 10:52:01 PM","1/1/2026 9:52:01 PM","1/1/2026 10:52:01 PM","1/1/2026 9:52:01 PM","43","Microsoft-Windows-WindowsUpdateClient","Information","System","Installation Started: Windows has started installing the following update: 9PLFNLNT3G5G-AppUp.IntelGraphicsExperience"
"41","1/1/2026 10:52:01 PM","1/1/2026 9:52:01 PM","1/1/2026 10:52:02 PM","1/1/2026 9:52:02 PM","19","Microsoft-Windows-WindowsUpdateClient","Information","System","Installation Successful: Windows successfully installed the following update: 9PLFNLNT3G5G-AppUp.IntelGraphicsExperience"
"41","1/3/2026 11:54:08 PM","1/3/2026 10:54:08 PM","1/3/2026 11:54:05 PM","1/3/2026 10:54:05 PM","26","Microsoft-Windows-WindowsUpdateClient","Information","Microsoft-Windows-WindowsUpdateClient/Operational","Windows Update successfully found 1 updates."
"41","1/3/2026 11:54:08 PM","1/3/2026 10:54:08 PM","1/3/2026 11:54:05 PM","1/3/2026 10:54:05 PM","26","Microsoft-Windows-WindowsUpdateClient","Information","Microsoft-Windows-WindowsUpdateClient/Operational","Windows Update successfully found 0 updates."
"41","1/3/2026 11:54:08 PM","1/3/2026 10:54:08 PM","1/3/2026 11:54:05 PM","1/3/2026 10:54:05 PM","26","Microsoft-Windows-WindowsUpdateClient","Information","Microsoft-Windows-WindowsUpdateClient/Operational","Windows Update successfully found 4 updates."
"41","1/3/2026 11:54:08 PM","1/3/2026 10:54:08 PM","1/3/2026 11:54:05 PM","1/3/2026 10:54:05 PM","26","Microsoft-Windows-WindowsUpdateClient","Information","Microsoft-Windows-WindowsUpdateClient/Operational","Windows Update successfully found 1 updates."
"41","1/3/2026 11:54:08 PM","1/3/2026 10:54:08 PM","1/3/2026 11:54:08 PM","1/3/2026 10:54:08 PM","44","Microsoft-Windows-WindowsUpdateClient","Information","System","Windows Update started downloading an update."
"41","1/3/2026 11:54:08 PM","1/3/2026 10:54:08 PM","1/3/2026 11:54:08 PM","1/3/2026 10:54:08 PM","41","Microsoft-Windows-WindowsUpdateClient","Information","Microsoft-Windows-WindowsUpdateClient/Operational","An update was downloaded."
"41","1/3/2026 11:54:08 PM","1/3/2026 10:54:08 PM","1/3/2026 11:54:08 PM","1/3/2026 10:54:08 PM","43","Microsoft-Windows-WindowsUpdateClient","Information","System","Installation Started: Windows has started installing the following update: 9PLFNLNT3G5G-AppUp.IntelGraphicsExperience"
"41","1/3/2026 11:54:08 PM","1/3/2026 10:54:08 PM","1/3/2026 11:54:09 PM","1/3/2026 10:54:09 PM","19","Microsoft-Windows-WindowsUpdateClient","Information","System","Installation Successful: Windows successfully installed the following update: 9PLFNLNT3G5G-AppUp.IntelGraphicsExperience"
"41","1/5/2026 8:08:21 AM","1/5/2026 7:08:21 AM","1/5/2026 8:08:21 AM","1/5/2026 7:08:21 AM","44","Microsoft-Windows-WindowsUpdateClient","Information","System","Windows Update started downloading an update."
"41","1/5/2026 8:08:21 AM","1/5/2026 7:08:21 AM","1/5/2026 8:08:21 AM","1/5/2026 7:08:21 AM","41","Microsoft-Windows-WindowsUpdateClient","Information","Microsoft-Windows-WindowsUpdateClient/Operational","An update was downloaded."
"41","1/5/2026 8:08:21 AM","1/5/2026 7:08:21 AM","1/5/2026 8:08:21 AM","1/5/2026 7:08:21 AM","43","Microsoft-Windows-WindowsUpdateClient","Information","System","Installation Started: Windows has started installing the following update: 9PLFNLNT3G5G-AppUp.IntelGraphicsExperience"
"41","1/5/2026 8:08:21 AM","1/5/2026 7:08:21 AM","1/5/2026 8:08:22 AM","1/5/2026 7:08:22 AM","19","Microsoft-Windows-WindowsUpdateClient","Information","System","Installation Successful: Windows successfully installed the following update: 9PLFNLNT3G5G-AppUp.IntelGraphicsExperience"
"41","1/6/2026 8:37:33 PM","1/6/2026 7:37:33 PM","1/6/2026 8:35:32 PM","1/6/2026 7:35:32 PM","26","Microsoft-Windows-WindowsUpdateClient","Information","Microsoft-Windows-WindowsUpdateClient/Operational","Windows Update successfully found 1 updates."
"41","1/6/2026 8:37:33 PM","1/6/2026 7:37:33 PM","1/6/2026 8:35:32 PM","1/6/2026 7:35:32 PM","26","Microsoft-Windows-WindowsUpdateClient","Information","Microsoft-Windows-WindowsUpdateClient/Operational","Windows Update successfully found 0 updates."
"41","1/6/2026 8:37:33 PM","1/6/2026 7:37:33 PM","1/6/2026 8:35:32 PM","1/6/2026 7:35:32 PM","26","Microsoft-Windows-WindowsUpdateClient","Information","Microsoft-Windows-WindowsUpdateClient/Operational","Windows Update successfully found 4 updates."
"41","1/6/2026 8:37:33 PM","1/6/2026 7:37:33 PM","1/6/2026 8:35:32 PM","1/6/2026 7:35:32 PM","26","Microsoft-Windows-WindowsUpdateClient","Information","Microsoft-Windows-WindowsUpdateClient/Operational","Windows Update successfully found 1 updates."
"41","1/6/2026 8:37:33 PM","1/6/2026 7:37:33 PM","1/6/2026 8:37:33 PM","1/6/2026 7:37:33 PM","44","Microsoft-Windows-WindowsUpdateClient","Information","System","Windows Update started downloading an update."
"41","1/6/2026 8:37:33 PM","1/6/2026 7:37:33 PM","1/6/2026 8:37:33 PM","1/6/2026 7:37:33 PM","41","Microsoft-Windows-WindowsUpdateClient","Information","Microsoft-Windows-WindowsUpdateClient/Operational","An update was downloaded."
"41","1/6/2026 8:37:33 PM","1/6/2026 7:37:33 PM","1/6/2026 8:37:33 PM","1/6/2026 7:37:33 PM","43","Microsoft-Windows-WindowsUpdateClient","Information","System","Installation Started: Windows has started installing the following update: 9PLFNLNT3G5G-AppUp.IntelGraphicsExperience"
"41","1/6/2026 8:37:33 PM","1/6/2026 7:37:33 PM","1/6/2026 8:37:34 PM","1/6/2026 7:37:34 PM","19","Microsoft-Windows-WindowsUpdateClient","Information","System","Installation Successful: Windows successfully installed the following update: 9PLFNLNT3G5G-AppUp.IntelGraphicsExperience"
"41","1/8/2026 9:25:32 PM","1/8/2026 8:25:32 PM","1/8/2026 9:25:28 PM","1/8/2026 8:25:28 PM","26","Microsoft-Windows-WindowsUpdateClient","Information","Microsoft-Windows-WindowsUpdateClient/Operational","Windows Update successfully found 1 updates."
"41","1/8/2026 9:25:32 PM","1/8/2026 8:25:32 PM","1/8/2026 9:25:28 PM","1/8/2026 8:25:28 PM","26","Microsoft-Windows-WindowsUpdateClient","Information","Microsoft-Windows-WindowsUpdateClient/Operational","Windows Update successfully found 0 updates."
"41","1/8/2026 9:25:32 PM","1/8/2026 8:25:32 PM","1/8/2026 9:25:28 PM","1/8/2026 8:25:28 PM","26","Microsoft-Windows-WindowsUpdateClient","Information","Microsoft-Windows-WindowsUpdateClient/Operational","Windows Update successfully found 4 updates."
"41","1/8/2026 9:25:32 PM","1/8/2026 8:25:32 PM","1/8/2026 9:25:28 PM","1/8/2026 8:25:28 PM","26","Microsoft-Windows-WindowsUpdateClient","Information","Microsoft-Windows-WindowsUpdateClient/Operational","Windows Update successfully found 1 updates."
"41","1/8/2026 9:25:32 PM","1/8/2026 8:25:32 PM","1/8/2026 9:25:32 PM","1/8/2026 8:25:32 PM","44","Microsoft-Windows-WindowsUpdateClient","Information","System","Windows Update started downloading an update."
"41","1/8/2026 9:25:32 PM","1/8/2026 8:25:32 PM","1/8/2026 9:25:32 PM","1/8/2026 8:25:32 PM","41","Microsoft-Windows-WindowsUpdateClient","Information","Microsoft-Windows-WindowsUpdateClient/Operational","An update was downloaded."
"41","1/8/2026 9:25:32 PM","1/8/2026 8:25:32 PM","1/8/2026 9:25:32 PM","1/8/2026 8:25:32 PM","43","Microsoft-Windows-WindowsUpdateClient","Information","System","Installation Started: Windows has started installing the following update: 9PLFNLNT3G5G-AppUp.IntelGraphicsExperience"
"41","1/8/2026 9:25:32 PM","1/8/2026 8:25:32 PM","1/8/2026 9:25:33 PM","1/8/2026 8:25:33 PM","19","Microsoft-Windows-WindowsUpdateClient","Information","System","Installation Successful: Windows successfully installed the following update: 9PLFNLNT3G5G-AppUp.IntelGraphicsExperience"
"41","1/9/2026 10:36:29 PM","1/9/2026 9:36:29 PM","1/9/2026 10:36:27 PM","1/9/2026 9:36:27 PM","26","Microsoft-Windows-WindowsUpdateClient","Information","Microsoft-Windows-WindowsUpdateClient/Operational","Windows Update successfully found 1 updates."
"41","1/9/2026 10:36:29 PM","1/9/2026 9:36:29 PM","1/9/2026 10:36:27 PM","1/9/2026 9:36:27 PM","26","Microsoft-Windows-WindowsUpdateClient","Information","Microsoft-Windows-WindowsUpdateClient/Operational","Windows Update successfully found 0 updates."
"41","1/9/2026 10:36:29 PM","1/9/2026 9:36:29 PM","1/9/2026 10:36:27 PM","1/9/2026 9:36:27 PM","26","Microsoft-Windows-WindowsUpdateClient","Information","Microsoft-Windows-WindowsUpdateClient/Operational","Windows Update successfully found 4 updates."
"41","1/9/2026 10:36:29 PM","1/9/2026 9:36:29 PM","1/9/2026 10:36:27 PM","1/9/2026 9:36:27 PM","26","Microsoft-Windows-WindowsUpdateClient","Information","Microsoft-Windows-WindowsUpdateClient/Operational","Windows Update successfully found 1 updates."
"41","1/9/2026 10:36:29 PM","1/9/2026 9:36:29 PM","1/9/2026 10:36:29 PM","1/9/2026 9:36:29 PM","44","Microsoft-Windows-WindowsUpdateClient","Information","System","Windows Update started downloading an update."
"41","1/9/2026 10:36:29 PM","1/9/2026 9:36:29 PM","1/9/2026 10:36:29 PM","1/9/2026 9:36:29 PM","41","Microsoft-Windows-WindowsUpdateClient","Information","Microsoft-Windows-WindowsUpdateClient/Operational","An update was downloaded."
"41","1/9/2026 10:36:29 PM","1/9/2026 9:36:29 PM","1/9/2026 10:36:29 PM","1/9/2026 9:36:29 PM","43","Microsoft-Windows-WindowsUpdateClient","Information","System","Installation Started: Windows has started installing the following update: 9PLFNLNT3G5G-AppUp.IntelGraphicsExperience"
"41","1/9/2026 10:36:29 PM","1/9/2026 9:36:29 PM","1/9/2026 10:36:30 PM","1/9/2026 9:36:30 PM","19","Microsoft-Windows-WindowsUpdateClient","Information","System","Installation Successful: Windows successfully installed the following update: 9PLFNLNT3G5G-AppUp.IntelGraphicsExperience"
"41","1/11/2026 12:12:48 PM","1/11/2026 11:12:48 AM","1/11/2026 12:06:32 PM","1/11/2026 11:06:32 AM","7040","Service Control Manager","Information","System","The start type of the Background Intelligent Transfer Service service was changed from demand start to auto start."
"41","1/11/2026 12:12:48 PM","1/11/2026 11:12:48 AM","1/11/2026 12:07:28 PM","1/11/2026 11:07:28 AM","108","Application Management Group Policy","Warning","System","Failed to apply changes to software installation settings.  The installation of software deployed through Group Policy for this user has been delayed until the next logon because the changes must be applied before the user logon.  The error was : %%1274"
"41","1/11/2026 12:12:48 PM","1/11/2026 11:12:48 AM","1/11/2026 12:07:28 PM","1/11/2026 11:07:28 AM","1112","Microsoft-Windows-GroupPolicy","Warning","System","The Group Policy Client Side Extension Software Installation was unable to apply one or more settings because the changes must be processed before system startup or user logon. The system will wait for Group Policy processing to finish completely before the next startup or logon for this user, and this may result in slow startup and boot performance."
"41","1/11/2026 12:12:48 PM","1/11/2026 11:12:48 AM","1/11/2026 12:08:53 PM","1/11/2026 11:08:53 AM","7040","Service Control Manager","Information","System","The start type of the Background Intelligent Transfer Service service was changed from auto start to demand start."
"41","1/11/2026 12:12:48 PM","1/11/2026 11:12:48 AM","1/11/2026 12:12:45 PM","1/11/2026 11:12:45 AM","26","Microsoft-Windows-WindowsUpdateClient","Information","Microsoft-Windows-WindowsUpdateClient/Operational","Windows Update successfully found 1 updates."
"41","1/11/2026 12:12:48 PM","1/11/2026 11:12:48 AM","1/11/2026 12:12:45 PM","1/11/2026 11:12:45 AM","26","Microsoft-Windows-WindowsUpdateClient","Information","Microsoft-Windows-WindowsUpdateClient/Operational","Windows Update successfully found 0 updates."
"41","1/11/2026 12:12:48 PM","1/11/2026 11:12:48 AM","1/11/2026 12:12:45 PM","1/11/2026 11:12:45 AM","26","Microsoft-Windows-WindowsUpdateClient","Information","Microsoft-Windows-WindowsUpdateClient/Operational","Windows Update successfully found 4 updates."
"41","1/11/2026 12:12:48 PM","1/11/2026 11:12:48 AM","1/11/2026 12:12:45 PM","1/11/2026 11:12:45 AM","26","Microsoft-Windows-WindowsUpdateClient","Information","Microsoft-Windows-WindowsUpdateClient/Operational","Windows Update successfully found 1 updates."
"41","1/11/2026 12:12:48 PM","1/11/2026 11:12:48 AM","1/11/2026 12:12:48 PM","1/11/2026 11:12:48 AM","44","Microsoft-Windows-WindowsUpdateClient","Information","System","Windows Update started downloading an update."
"41","1/11/2026 12:12:48 PM","1/11/2026 11:12:48 AM","1/11/2026 12:12:48 PM","1/11/2026 11:12:48 AM","41","Microsoft-Windows-WindowsUpdateClient","Information","Microsoft-Windows-WindowsUpdateClient/Operational","An update was downloaded."
"41","1/11/2026 12:12:48 PM","1/11/2026 11:12:48 AM","1/11/2026 12:12:48 PM","1/11/2026 11:12:48 AM","43","Microsoft-Windows-WindowsUpdateClient","Information","System","Installation Started: Windows has started installing the following update: 9PLFNLNT3G5G-AppUp.IntelGraphicsExperience"
"41","1/11/2026 12:12:48 PM","1/11/2026 11:12:48 AM","1/11/2026 12:12:49 PM","1/11/2026 11:12:49 AM","19","Microsoft-Windows-WindowsUpdateClient","Information","System","Installation Successful: Windows successfully installed the following update: 9PLFNLNT3G5G-AppUp.IntelGraphicsExperience"
"41","1/14/2026 5:35:43 AM","1/14/2026 4:35:43 AM","1/14/2026 5:35:40 AM","1/14/2026 4:35:40 AM","26","Microsoft-Windows-WindowsUpdateClient","Information","Microsoft-Windows-WindowsUpdateClient/Operational","Windows Update successfully found 1 updates."
"41","1/14/2026 5:35:43 AM","1/14/2026 4:35:43 AM","1/14/2026 5:35:40 AM","1/14/2026 4:35:40 AM","26","Microsoft-Windows-WindowsUpdateClient","Information","Microsoft-Windows-WindowsUpdateClient/Operational","Windows Update successfully found 0 updates."
"41","1/14/2026 5:35:43 AM","1/14/2026 4:35:43 AM","1/14/2026 5:35:40 AM","1/14/2026 4:35:40 AM","26","Microsoft-Windows-WindowsUpdateClient","Information","Microsoft-Windows-WindowsUpdateClient/Operational","Windows Update successfully found 4 updates."
"41","1/14/2026 5:35:43 AM","1/14/2026 4:35:43 AM","1/14/2026 5:35:40 AM","1/14/2026 4:35:40 AM","26","Microsoft-Windows-WindowsUpdateClient","Information","Microsoft-Windows-WindowsUpdateClient/Operational","Windows Update successfully found 1 updates."
"41","1/14/2026 5:35:43 AM","1/14/2026 4:35:43 AM","1/14/2026 5:35:43 AM","1/14/2026 4:35:43 AM","44","Microsoft-Windows-WindowsUpdateClient","Information","System","Windows Update started downloading an update."
"41","1/14/2026 5:35:43 AM","1/14/2026 4:35:43 AM","1/14/2026 5:35:43 AM","1/14/2026 4:35:43 AM","41","Microsoft-Windows-WindowsUpdateClient","Information","Microsoft-Windows-WindowsUpdateClient/Operational","An update was downloaded."
"41","1/14/2026 5:35:43 AM","1/14/2026 4:35:43 AM","1/14/2026 5:35:43 AM","1/14/2026 4:35:43 AM","43","Microsoft-Windows-WindowsUpdateClient","Information","System","Installation Started: Windows has started installing the following update: 9PLFNLNT3G5G-AppUp.IntelGraphicsExperience"
"41","1/14/2026 5:35:43 AM","1/14/2026 4:35:43 AM","1/14/2026 5:35:44 AM","1/14/2026 4:35:44 AM","19","Microsoft-Windows-WindowsUpdateClient","Information","System","Installation Successful: Windows successfully installed the following update: 9PLFNLNT3G5G-AppUp.IntelGraphicsExperience"
