﻿"AnchorId","AnchorLocal","AnchorUtc","Has1074","Has109","HasWU19","Has6006","HasBootMarkers","Score_AcLossLik"
"41","12/16/2025 1:17:34 PM","12/16/2025 12:17:34 PM","False","False","True","False","False","3"
"41","12/17/2025 7:45:59 PM","12/17/2025 6:45:59 PM","False","False","True","False","False","3"
"41","12/19/2025 8:58:01 AM","12/19/2025 7:58:01 AM","False","False","False","False","True","5"
"41","12/20/2025 11:51:07 PM","12/20/2025 10:51:07 PM","False","False","True","False","False","3"
"41","12/22/2025 7:53:30 AM","12/22/2025 6:53:30 AM","False","False","True","False","False","3"
"41","12/23/2025 8:39:46 AM","12/23/2025 7:39:46 AM","False","False","True","False","False","3"
"41","12/24/2025 10:14:46 AM","12/24/2025 9:14:46 AM","False","False","True","False","False","3"
"41","12/26/2025 5:38:52 PM","12/26/2025 4:38:52 PM","False","False","True","False","False","3"
"41","12/28/2025 6:55:07 AM","12/28/2025 5:55:07 AM","False","False","True","False","False","3"
"41","12/29/2025 7:57:38 AM","12/29/2025 6:57:38 AM","False","False","True","False","False","3"
"41","12/30/2025 1:52:01 PM","12/30/2025 12:52:01 PM","False","False","True","False","False","3"
"41","1/1/2026 10:52:01 PM","1/1/2026 9:52:01 PM","False","False","True","False","False","3"
"41","1/3/2026 11:54:08 PM","1/3/2026 10:54:08 PM","False","False","True","False","False","3"
"41","1/5/2026 8:08:21 AM","1/5/2026 7:08:21 AM","False","False","True","False","False","3"
"41","1/6/2026 8:37:33 PM","1/6/2026 7:37:33 PM","False","False","True","False","False","3"
"41","1/8/2026 9:25:32 PM","1/8/2026 8:25:32 PM","False","False","True","False","False","3"
"41","1/9/2026 10:36:29 PM","1/9/2026 9:36:29 PM","False","False","True","False","False","3"
"41","1/11/2026 12:12:48 PM","1/11/2026 11:12:48 AM","False","False","True","False","False","3"
"41","1/14/2026 5:35:43 AM","1/14/2026 4:35:43 AM","False","False","True","False","False","3"
