﻿"LocalTime","UtcTime","Source","Type","Device","Details","AnchorId"
"12/16/2025 1:17:34 PM","2025-12-16 12:17:34Z","Windows","Win 44 Microsoft-Windows-WindowsUpdateClient","System","",""
"12/16/2025 1:17:34 PM","2025-12-16 12:17:34Z","Windows","Anchor-41","Microsoft-Windows-WindowsUpdateClient/Operational","","41"
"12/16/2025 1:17:34 PM","2025-12-16 12:17:34Z","Windows","Win 43 Microsoft-Windows-WindowsUpdateClient","System","",""
"12/16/2025 1:17:35 PM","2025-12-16 12:17:35Z","Windows","Win 19 Microsoft-Windows-WindowsUpdateClient","System","",""
"12/17/2025 7:45:58 PM","2025-12-17 18:45:58Z","Windows","Win 26 Microsoft-Windows-WindowsUpdateClient","Microsoft-Windows-WindowsUpdateClient/Operational","",""
"12/17/2025 7:45:58 PM","2025-12-17 18:45:58Z","Windows","Win 26 Microsoft-Windows-WindowsUpdateClient","Microsoft-Windows-WindowsUpdateClient/Operational","",""
"12/17/2025 7:45:58 PM","2025-12-17 18:45:58Z","Windows","Win 26 Microsoft-Windows-WindowsUpdateClient","Microsoft-Windows-WindowsUpdateClient/Operational","",""
"12/17/2025 7:45:58 PM","2025-12-17 18:45:58Z","Windows","Win 26 Microsoft-Windows-WindowsUpdateClient","Microsoft-Windows-WindowsUpdateClient/Operational","",""
"12/17/2025 7:45:59 PM","2025-12-17 18:45:59Z","Windows","Win 44 Microsoft-Windows-WindowsUpdateClient","System","",""
"12/17/2025 7:45:59 PM","2025-12-17 18:45:59Z","Windows","Anchor-41","Microsoft-Windows-WindowsUpdateClient/Operational","","41"
"12/17/2025 7:45:59 PM","2025-12-17 18:45:59Z","Windows","Win 43 Microsoft-Windows-WindowsUpdateClient","System","",""
"12/17/2025 7:46:00 PM","2025-12-17 18:46:00Z","Windows","Win 19 Microsoft-Windows-WindowsUpdateClient","System","",""
"12/19/2025 8:49:17 AM","2025-12-19 07:49:17Z","Windows","Win 12 Microsoft-Windows-Kernel-General","System","",""
"12/19/2025 8:49:17 AM","2025-12-19 07:49:17Z","Windows","Win 153 Microsoft-Windows-Kernel-Boot","System","",""
"12/19/2025 8:49:17 AM","2025-12-19 07:49:17Z","Windows","Win 18 Microsoft-Windows-Kernel-Boot","System","",""
"12/19/2025 8:49:17 AM","2025-12-19 07:49:17Z","Windows","Win 32 Microsoft-Windows-Kernel-Boot","System","",""
"12/19/2025 8:49:17 AM","2025-12-19 07:49:17Z","Windows","Win 20 Microsoft-Windows-Kernel-Boot","System","",""
"12/19/2025 8:49:17 AM","2025-12-19 07:49:17Z","Windows","Win 238 Microsoft-Windows-Kernel-Boot","System","",""
"12/19/2025 8:49:17 AM","2025-12-19 07:49:17Z","Windows","Win 25 Microsoft-Windows-Kernel-Boot","System","",""
"12/19/2025 8:49:17 AM","2025-12-19 07:49:17Z","Windows","Win 27 Microsoft-Windows-Kernel-Boot","System","",""
"12/19/2025 8:49:17 AM","2025-12-19 07:49:17Z","Windows","Win 30 Microsoft-Windows-Kernel-Boot","System","",""
"12/19/2025 8:49:17 AM","2025-12-19 07:49:17Z","Windows","Win 20 Microsoft-Windows-Kernel-General","System","",""
"12/19/2025 8:49:43 AM","2025-12-19 07:49:43Z","Windows","Win 15 b57nd60a","System","",""
"12/19/2025 8:49:44 AM","2025-12-19 07:49:44Z","Windows","Win 27 e1dexpress","System","",""
"12/19/2025 8:49:44 AM","2025-12-19 07:49:44Z","Windows","Win 15 b57nd60a","System","",""
"12/19/2025 8:49:44 AM","2025-12-19 07:49:44Z","Windows","Win 15 b57nd60a","System","",""
"12/19/2025 8:49:44 AM","2025-12-19 07:49:44Z","Windows","Win 15 b57nd60a","System","",""
"12/19/2025 8:49:45 AM","2025-12-19 07:49:45Z","Windows","Win 33 e1dexpress","System","",""
"12/19/2025 8:49:46 AM","2025-12-19 07:49:46Z","Windows","Win 6005 EventLog","System","",""
"12/19/2025 8:49:46 AM","2025-12-19 07:49:46Z","Windows","Win 6009 EventLog","System","",""
"12/19/2025 8:49:46 AM","2025-12-19 07:49:46Z","Windows","Win 6013 EventLog","System","",""
"12/19/2025 8:49:47 AM","2025-12-19 07:49:47Z","Windows","Win 12 Microsoft-Windows-UserModePowerService","System","",""
"12/19/2025 8:49:47 AM","2025-12-19 07:49:47Z","Windows","Win 12 Microsoft-Windows-UserModePowerService","System","",""
"12/19/2025 8:49:47 AM","2025-12-19 07:49:47Z","Windows","Win 11 b57nd60a","System","",""
"12/19/2025 8:49:47 AM","2025-12-19 07:49:47Z","Windows","Win 11 b57nd60a","System","",""
"12/19/2025 8:49:48 AM","2025-12-19 07:49:48Z","Windows","Win 4 b57nd60a","System","",""
"12/19/2025 8:49:48 AM","2025-12-19 07:49:48Z","Windows","Win 4 b57nd60a","System","",""
"12/19/2025 8:51:51 AM","2025-12-19 07:51:51Z","Windows","Win 7040 Service Control Manager","System","",""
"12/19/2025 8:57:56 AM","2025-12-19 07:57:56Z","Windows","Win 26 Microsoft-Windows-WindowsUpdateClient","Microsoft-Windows-WindowsUpdateClient/Operational","",""
"12/19/2025 8:57:56 AM","2025-12-19 07:57:56Z","Windows","Win 26 Microsoft-Windows-WindowsUpdateClient","Microsoft-Windows-WindowsUpdateClient/Operational","",""
"12/19/2025 8:57:56 AM","2025-12-19 07:57:56Z","Windows","Win 26 Microsoft-Windows-WindowsUpdateClient","Microsoft-Windows-WindowsUpdateClient/Operational","",""
"12/19/2025 8:57:56 AM","2025-12-19 07:57:56Z","Windows","Win 26 Microsoft-Windows-WindowsUpdateClient","Microsoft-Windows-WindowsUpdateClient/Operational","",""
"12/19/2025 8:58:01 AM","2025-12-19 07:58:01Z","Windows","Win 44 Microsoft-Windows-WindowsUpdateClient","System","",""
"12/19/2025 8:58:01 AM","2025-12-19 07:58:01Z","Windows","Anchor-41","Microsoft-Windows-WindowsUpdateClient/Operational","","41"
"12/19/2025 9:02:00 AM","2025-12-19 08:02:00Z","Windows","Win 7040 Service Control Manager","System","",""
"12/20/2025 11:42:18 PM","2025-12-20 22:42:18Z","Windows","Win 108 Application Management Group Policy","System","",""
"12/20/2025 11:42:18 PM","2025-12-20 22:42:18Z","Windows","Win 1112 Microsoft-Windows-GroupPolicy","System","",""
"12/20/2025 11:51:03 PM","2025-12-20 22:51:03Z","Windows","Win 26 Microsoft-Windows-WindowsUpdateClient","Microsoft-Windows-WindowsUpdateClient/Operational","",""
"12/20/2025 11:51:03 PM","2025-12-20 22:51:03Z","Windows","Win 26 Microsoft-Windows-WindowsUpdateClient","Microsoft-Windows-WindowsUpdateClient/Operational","",""
"12/20/2025 11:51:03 PM","2025-12-20 22:51:03Z","Windows","Win 26 Microsoft-Windows-WindowsUpdateClient","Microsoft-Windows-WindowsUpdateClient/Operational","",""
"12/20/2025 11:51:03 PM","2025-12-20 22:51:03Z","Windows","Win 26 Microsoft-Windows-WindowsUpdateClient","Microsoft-Windows-WindowsUpdateClient/Operational","",""
"12/20/2025 11:51:07 PM","2025-12-20 22:51:07Z","Windows","Win 44 Microsoft-Windows-WindowsUpdateClient","System","",""
"12/20/2025 11:51:07 PM","2025-12-20 22:51:07Z","Windows","Anchor-41","Microsoft-Windows-WindowsUpdateClient/Operational","","41"
"12/20/2025 11:51:07 PM","2025-12-20 22:51:07Z","Windows","Win 43 Microsoft-Windows-WindowsUpdateClient","System","",""
"12/20/2025 11:51:07 PM","2025-12-20 22:51:07Z","Windows","Win 19 Microsoft-Windows-WindowsUpdateClient","System","",""
"12/22/2025 7:53:27 AM","2025-12-22 06:53:27Z","Windows","Win 26 Microsoft-Windows-WindowsUpdateClient","Microsoft-Windows-WindowsUpdateClient/Operational","",""
"12/22/2025 7:53:27 AM","2025-12-22 06:53:27Z","Windows","Win 26 Microsoft-Windows-WindowsUpdateClient","Microsoft-Windows-WindowsUpdateClient/Operational","",""
"12/22/2025 7:53:27 AM","2025-12-22 06:53:27Z","Windows","Win 26 Microsoft-Windows-WindowsUpdateClient","Microsoft-Windows-WindowsUpdateClient/Operational","",""
"12/22/2025 7:53:27 AM","2025-12-22 06:53:27Z","Windows","Win 26 Microsoft-Windows-WindowsUpdateClient","Microsoft-Windows-WindowsUpdateClient/Operational","",""
"12/22/2025 7:53:30 AM","2025-12-22 06:53:30Z","Windows","Win 44 Microsoft-Windows-WindowsUpdateClient","System","",""
"12/22/2025 7:53:30 AM","2025-12-22 06:53:30Z","Windows","Anchor-41","Microsoft-Windows-WindowsUpdateClient/Operational","","41"
"12/22/2025 7:53:30 AM","2025-12-22 06:53:30Z","Windows","Win 43 Microsoft-Windows-WindowsUpdateClient","System","",""
"12/22/2025 7:53:30 AM","2025-12-22 06:53:30Z","Windows","Win 19 Microsoft-Windows-WindowsUpdateClient","System","",""
"12/22/2025 7:56:39 AM","2025-12-22 06:56:39Z","Windows","Win 7040 Service Control Manager","System","",""
"12/22/2025 7:59:19 AM","2025-12-22 06:59:19Z","Windows","Win 7040 Service Control Manager","System","",""
"12/23/2025 8:39:42 AM","2025-12-23 07:39:42Z","Windows","Win 26 Microsoft-Windows-WindowsUpdateClient","Microsoft-Windows-WindowsUpdateClient/Operational","",""
"12/23/2025 8:39:42 AM","2025-12-23 07:39:42Z","Windows","Win 26 Microsoft-Windows-WindowsUpdateClient","Microsoft-Windows-WindowsUpdateClient/Operational","",""
"12/23/2025 8:39:42 AM","2025-12-23 07:39:42Z","Windows","Win 26 Microsoft-Windows-WindowsUpdateClient","Microsoft-Windows-WindowsUpdateClient/Operational","",""
"12/23/2025 8:39:42 AM","2025-12-23 07:39:42Z","Windows","Win 26 Microsoft-Windows-WindowsUpdateClient","Microsoft-Windows-WindowsUpdateClient/Operational","",""
"12/23/2025 8:39:46 AM","2025-12-23 07:39:46Z","Windows","Win 44 Microsoft-Windows-WindowsUpdateClient","System","",""
"12/23/2025 8:39:46 AM","2025-12-23 07:39:46Z","Windows","Anchor-41","Microsoft-Windows-WindowsUpdateClient/Operational","","41"
"12/23/2025 8:39:46 AM","2025-12-23 07:39:46Z","Windows","Win 43 Microsoft-Windows-WindowsUpdateClient","System","",""
"12/23/2025 8:39:46 AM","2025-12-23 07:39:46Z","Windows","Win 19 Microsoft-Windows-WindowsUpdateClient","System","",""
"12/24/2025 10:14:44 AM","2025-12-24 09:14:44Z","Windows","Win 26 Microsoft-Windows-WindowsUpdateClient","Microsoft-Windows-WindowsUpdateClient/Operational","",""
"12/24/2025 10:14:44 AM","2025-12-24 09:14:44Z","Windows","Win 26 Microsoft-Windows-WindowsUpdateClient","Microsoft-Windows-WindowsUpdateClient/Operational","",""
"12/24/2025 10:14:44 AM","2025-12-24 09:14:44Z","Windows","Win 26 Microsoft-Windows-WindowsUpdateClient","Microsoft-Windows-WindowsUpdateClient/Operational","",""
"12/24/2025 10:14:44 AM","2025-12-24 09:14:44Z","Windows","Win 26 Microsoft-Windows-WindowsUpdateClient","Microsoft-Windows-WindowsUpdateClient/Operational","",""
"12/24/2025 10:14:46 AM","2025-12-24 09:14:46Z","Windows","Win 44 Microsoft-Windows-WindowsUpdateClient","System","",""
"12/24/2025 10:14:46 AM","2025-12-24 09:14:46Z","Windows","Anchor-41","Microsoft-Windows-WindowsUpdateClient/Operational","","41"
"12/24/2025 10:14:46 AM","2025-12-24 09:14:46Z","Windows","Win 43 Microsoft-Windows-WindowsUpdateClient","System","",""
"12/24/2025 10:14:46 AM","2025-12-24 09:14:46Z","Windows","Win 19 Microsoft-Windows-WindowsUpdateClient","System","",""
"12/26/2025 5:38:50 PM","2025-12-26 16:38:50Z","Windows","Win 26 Microsoft-Windows-WindowsUpdateClient","Microsoft-Windows-WindowsUpdateClient/Operational","",""
"12/26/2025 5:38:50 PM","2025-12-26 16:38:50Z","Windows","Win 26 Microsoft-Windows-WindowsUpdateClient","Microsoft-Windows-WindowsUpdateClient/Operational","",""
"12/26/2025 5:38:50 PM","2025-12-26 16:38:50Z","Windows","Win 26 Microsoft-Windows-WindowsUpdateClient","Microsoft-Windows-WindowsUpdateClient/Operational","",""
"12/26/2025 5:38:50 PM","2025-12-26 16:38:50Z","Windows","Win 26 Microsoft-Windows-WindowsUpdateClient","Microsoft-Windows-WindowsUpdateClient/Operational","",""
"12/26/2025 5:38:52 PM","2025-12-26 16:38:52Z","Windows","Win 44 Microsoft-Windows-WindowsUpdateClient","System","",""
"12/26/2025 5:38:52 PM","2025-12-26 16:38:52Z","Windows","Anchor-41","Microsoft-Windows-WindowsUpdateClient/Operational","","41"
"12/26/2025 5:38:52 PM","2025-12-26 16:38:52Z","Windows","Win 43 Microsoft-Windows-WindowsUpdateClient","System","",""
"12/26/2025 5:38:52 PM","2025-12-26 16:38:52Z","Windows","Win 19 Microsoft-Windows-WindowsUpdateClient","System","",""
"12/28/2025 6:55:04 AM","2025-12-28 05:55:04Z","Windows","Win 26 Microsoft-Windows-WindowsUpdateClient","Microsoft-Windows-WindowsUpdateClient/Operational","",""
"12/28/2025 6:55:04 AM","2025-12-28 05:55:04Z","Windows","Win 26 Microsoft-Windows-WindowsUpdateClient","Microsoft-Windows-WindowsUpdateClient/Operational","",""
"12/28/2025 6:55:04 AM","2025-12-28 05:55:04Z","Windows","Win 26 Microsoft-Windows-WindowsUpdateClient","Microsoft-Windows-WindowsUpdateClient/Operational","",""
"12/28/2025 6:55:04 AM","2025-12-28 05:55:04Z","Windows","Win 26 Microsoft-Windows-WindowsUpdateClient","Microsoft-Windows-WindowsUpdateClient/Operational","",""
"12/28/2025 6:55:07 AM","2025-12-28 05:55:07Z","Windows","Win 44 Microsoft-Windows-WindowsUpdateClient","System","",""
"12/28/2025 6:55:07 AM","2025-12-28 05:55:07Z","Windows","Anchor-41","Microsoft-Windows-WindowsUpdateClient/Operational","","41"
"12/28/2025 6:55:07 AM","2025-12-28 05:55:07Z","Windows","Win 43 Microsoft-Windows-WindowsUpdateClient","System","",""
"12/28/2025 6:55:08 AM","2025-12-28 05:55:08Z","Windows","Win 19 Microsoft-Windows-WindowsUpdateClient","System","",""
"12/29/2025 7:57:36 AM","2025-12-29 06:57:36Z","Windows","Win 26 Microsoft-Windows-WindowsUpdateClient","Microsoft-Windows-WindowsUpdateClient/Operational","",""
"12/29/2025 7:57:36 AM","2025-12-29 06:57:36Z","Windows","Win 26 Microsoft-Windows-WindowsUpdateClient","Microsoft-Windows-WindowsUpdateClient/Operational","",""
"12/29/2025 7:57:36 AM","2025-12-29 06:57:36Z","Windows","Win 26 Microsoft-Windows-WindowsUpdateClient","Microsoft-Windows-WindowsUpdateClient/Operational","",""
"12/29/2025 7:57:36 AM","2025-12-29 06:57:36Z","Windows","Win 26 Microsoft-Windows-WindowsUpdateClient","Microsoft-Windows-WindowsUpdateClient/Operational","",""
"12/29/2025 7:57:38 AM","2025-12-29 06:57:38Z","Windows","Win 44 Microsoft-Windows-WindowsUpdateClient","System","",""
"12/29/2025 7:57:38 AM","2025-12-29 06:57:38Z","Windows","Anchor-41","Microsoft-Windows-WindowsUpdateClient/Operational","","41"
"12/29/2025 7:57:38 AM","2025-12-29 06:57:38Z","Windows","Win 43 Microsoft-Windows-WindowsUpdateClient","System","",""
"12/29/2025 7:57:38 AM","2025-12-29 06:57:38Z","Windows","Win 19 Microsoft-Windows-WindowsUpdateClient","System","",""
"12/30/2025 1:52:01 PM","2025-12-30 12:52:01Z","Windows","Win 44 Microsoft-Windows-WindowsUpdateClient","System","",""
"12/30/2025 1:52:01 PM","2025-12-30 12:52:01Z","Windows","Anchor-41","Microsoft-Windows-WindowsUpdateClient/Operational","","41"
"12/30/2025 1:52:01 PM","2025-12-30 12:52:01Z","Windows","Win 43 Microsoft-Windows-WindowsUpdateClient","System","",""
"12/30/2025 1:52:02 PM","2025-12-30 12:52:02Z","Windows","Win 19 Microsoft-Windows-WindowsUpdateClient","System","",""
"1/1/2026 10:42:53 PM","2026-01-01 21:42:53Z","Windows","Win 7040 Service Control Manager","System","",""
"1/1/2026 10:51:58 PM","2026-01-01 21:51:58Z","Windows","Win 26 Microsoft-Windows-WindowsUpdateClient","Microsoft-Windows-WindowsUpdateClient/Operational","",""
"1/1/2026 10:51:58 PM","2026-01-01 21:51:58Z","Windows","Win 26 Microsoft-Windows-WindowsUpdateClient","Microsoft-Windows-WindowsUpdateClient/Operational","",""
"1/1/2026 10:51:58 PM","2026-01-01 21:51:58Z","Windows","Win 26 Microsoft-Windows-WindowsUpdateClient","Microsoft-Windows-WindowsUpdateClient/Operational","",""
"1/1/2026 10:51:58 PM","2026-01-01 21:51:58Z","Windows","Win 26 Microsoft-Windows-WindowsUpdateClient","Microsoft-Windows-WindowsUpdateClient/Operational","",""
"1/1/2026 10:52:01 PM","2026-01-01 21:52:01Z","Windows","Win 44 Microsoft-Windows-WindowsUpdateClient","System","",""
"1/1/2026 10:52:01 PM","2026-01-01 21:52:01Z","Windows","Anchor-41","Microsoft-Windows-WindowsUpdateClient/Operational","","41"
"1/1/2026 10:52:01 PM","2026-01-01 21:52:01Z","Windows","Win 43 Microsoft-Windows-WindowsUpdateClient","System","",""
"1/1/2026 10:52:02 PM","2026-01-01 21:52:02Z","Windows","Win 19 Microsoft-Windows-WindowsUpdateClient","System","",""
"1/3/2026 11:54:05 PM","2026-01-03 22:54:05Z","Windows","Win 26 Microsoft-Windows-WindowsUpdateClient","Microsoft-Windows-WindowsUpdateClient/Operational","",""
"1/3/2026 11:54:05 PM","2026-01-03 22:54:05Z","Windows","Win 26 Microsoft-Windows-WindowsUpdateClient","Microsoft-Windows-WindowsUpdateClient/Operational","",""
"1/3/2026 11:54:05 PM","2026-01-03 22:54:05Z","Windows","Win 26 Microsoft-Windows-WindowsUpdateClient","Microsoft-Windows-WindowsUpdateClient/Operational","",""
"1/3/2026 11:54:05 PM","2026-01-03 22:54:05Z","Windows","Win 26 Microsoft-Windows-WindowsUpdateClient","Microsoft-Windows-WindowsUpdateClient/Operational","",""
"1/3/2026 11:54:08 PM","2026-01-03 22:54:08Z","Windows","Win 44 Microsoft-Windows-WindowsUpdateClient","System","",""
"1/3/2026 11:54:08 PM","2026-01-03 22:54:08Z","Windows","Anchor-41","Microsoft-Windows-WindowsUpdateClient/Operational","","41"
"1/3/2026 11:54:08 PM","2026-01-03 22:54:08Z","Windows","Win 43 Microsoft-Windows-WindowsUpdateClient","System","",""
"1/3/2026 11:54:09 PM","2026-01-03 22:54:09Z","Windows","Win 19 Microsoft-Windows-WindowsUpdateClient","System","",""
"1/5/2026 8:08:21 AM","2026-01-05 07:08:21Z","Windows","Win 44 Microsoft-Windows-WindowsUpdateClient","System","",""
"1/5/2026 8:08:21 AM","2026-01-05 07:08:21Z","Windows","Anchor-41","Microsoft-Windows-WindowsUpdateClient/Operational","","41"
"1/5/2026 8:08:21 AM","2026-01-05 07:08:21Z","Windows","Win 43 Microsoft-Windows-WindowsUpdateClient","System","",""
"1/5/2026 8:08:22 AM","2026-01-05 07:08:22Z","Windows","Win 19 Microsoft-Windows-WindowsUpdateClient","System","",""
"1/6/2026 8:35:32 PM","2026-01-06 19:35:32Z","Windows","Win 26 Microsoft-Windows-WindowsUpdateClient","Microsoft-Windows-WindowsUpdateClient/Operational","",""
"1/6/2026 8:35:32 PM","2026-01-06 19:35:32Z","Windows","Win 26 Microsoft-Windows-WindowsUpdateClient","Microsoft-Windows-WindowsUpdateClient/Operational","",""
"1/6/2026 8:35:32 PM","2026-01-06 19:35:32Z","Windows","Win 26 Microsoft-Windows-WindowsUpdateClient","Microsoft-Windows-WindowsUpdateClient/Operational","",""
"1/6/2026 8:35:32 PM","2026-01-06 19:35:32Z","Windows","Win 26 Microsoft-Windows-WindowsUpdateClient","Microsoft-Windows-WindowsUpdateClient/Operational","",""
"1/6/2026 8:37:33 PM","2026-01-06 19:37:33Z","Windows","Win 44 Microsoft-Windows-WindowsUpdateClient","System","",""
"1/6/2026 8:37:33 PM","2026-01-06 19:37:33Z","Windows","Anchor-41","Microsoft-Windows-WindowsUpdateClient/Operational","","41"
"1/6/2026 8:37:33 PM","2026-01-06 19:37:33Z","Windows","Win 43 Microsoft-Windows-WindowsUpdateClient","System","",""
"1/6/2026 8:37:34 PM","2026-01-06 19:37:34Z","Windows","Win 19 Microsoft-Windows-WindowsUpdateClient","System","",""
"1/8/2026 9:25:28 PM","2026-01-08 20:25:28Z","Windows","Win 26 Microsoft-Windows-WindowsUpdateClient","Microsoft-Windows-WindowsUpdateClient/Operational","",""
"1/8/2026 9:25:28 PM","2026-01-08 20:25:28Z","Windows","Win 26 Microsoft-Windows-WindowsUpdateClient","Microsoft-Windows-WindowsUpdateClient/Operational","",""
"1/8/2026 9:25:28 PM","2026-01-08 20:25:28Z","Windows","Win 26 Microsoft-Windows-WindowsUpdateClient","Microsoft-Windows-WindowsUpdateClient/Operational","",""
"1/8/2026 9:25:28 PM","2026-01-08 20:25:28Z","Windows","Win 26 Microsoft-Windows-WindowsUpdateClient","Microsoft-Windows-WindowsUpdateClient/Operational","",""
"1/8/2026 9:25:32 PM","2026-01-08 20:25:32Z","Windows","Win 44 Microsoft-Windows-WindowsUpdateClient","System","",""
"1/8/2026 9:25:32 PM","2026-01-08 20:25:32Z","Windows","Anchor-41","Microsoft-Windows-WindowsUpdateClient/Operational","","41"
"1/8/2026 9:25:32 PM","2026-01-08 20:25:32Z","Windows","Win 43 Microsoft-Windows-WindowsUpdateClient","System","",""
"1/8/2026 9:25:33 PM","2026-01-08 20:25:33Z","Windows","Win 19 Microsoft-Windows-WindowsUpdateClient","System","",""
"1/9/2026 10:36:27 PM","2026-01-09 21:36:27Z","Windows","Win 26 Microsoft-Windows-WindowsUpdateClient","Microsoft-Windows-WindowsUpdateClient/Operational","",""
"1/9/2026 10:36:27 PM","2026-01-09 21:36:27Z","Windows","Win 26 Microsoft-Windows-WindowsUpdateClient","Microsoft-Windows-WindowsUpdateClient/Operational","",""
"1/9/2026 10:36:27 PM","2026-01-09 21:36:27Z","Windows","Win 26 Microsoft-Windows-WindowsUpdateClient","Microsoft-Windows-WindowsUpdateClient/Operational","",""
"1/9/2026 10:36:27 PM","2026-01-09 21:36:27Z","Windows","Win 26 Microsoft-Windows-WindowsUpdateClient","Microsoft-Windows-WindowsUpdateClient/Operational","",""
"1/9/2026 10:36:29 PM","2026-01-09 21:36:29Z","Windows","Win 44 Microsoft-Windows-WindowsUpdateClient","System","",""
"1/9/2026 10:36:29 PM","2026-01-09 21:36:29Z","Windows","Anchor-41","Microsoft-Windows-WindowsUpdateClient/Operational","","41"
"1/9/2026 10:36:29 PM","2026-01-09 21:36:29Z","Windows","Win 43 Microsoft-Windows-WindowsUpdateClient","System","",""
"1/9/2026 10:36:30 PM","2026-01-09 21:36:30Z","Windows","Win 19 Microsoft-Windows-WindowsUpdateClient","System","",""
"1/11/2026 12:06:32 PM","2026-01-11 11:06:32Z","Windows","Win 7040 Service Control Manager","System","",""
"1/11/2026 12:07:28 PM","2026-01-11 11:07:28Z","Windows","Win 108 Application Management Group Policy","System","",""
"1/11/2026 12:07:28 PM","2026-01-11 11:07:28Z","Windows","Win 1112 Microsoft-Windows-GroupPolicy","System","",""
"1/11/2026 12:08:53 PM","2026-01-11 11:08:53Z","Windows","Win 7040 Service Control Manager","System","",""
"1/11/2026 12:12:45 PM","2026-01-11 11:12:45Z","Windows","Win 26 Microsoft-Windows-WindowsUpdateClient","Microsoft-Windows-WindowsUpdateClient/Operational","",""
"1/11/2026 12:12:45 PM","2026-01-11 11:12:45Z","Windows","Win 26 Microsoft-Windows-WindowsUpdateClient","Microsoft-Windows-WindowsUpdateClient/Operational","",""
"1/11/2026 12:12:45 PM","2026-01-11 11:12:45Z","Windows","Win 26 Microsoft-Windows-WindowsUpdateClient","Microsoft-Windows-WindowsUpdateClient/Operational","",""
"1/11/2026 12:12:45 PM","2026-01-11 11:12:45Z","Windows","Win 26 Microsoft-Windows-WindowsUpdateClient","Microsoft-Windows-WindowsUpdateClient/Operational","",""
"1/11/2026 12:12:48 PM","2026-01-11 11:12:48Z","Windows","Win 44 Microsoft-Windows-WindowsUpdateClient","System","",""
"1/11/2026 12:12:48 PM","2026-01-11 11:12:48Z","Windows","Anchor-41","Microsoft-Windows-WindowsUpdateClient/Operational","","41"
"1/11/2026 12:12:48 PM","2026-01-11 11:12:48Z","Windows","Win 43 Microsoft-Windows-WindowsUpdateClient","System","",""
"1/11/2026 12:12:49 PM","2026-01-11 11:12:49Z","Windows","Win 19 Microsoft-Windows-WindowsUpdateClient","System","",""
"1/14/2026 5:35:40 AM","2026-01-14 04:35:40Z","Windows","Win 26 Microsoft-Windows-WindowsUpdateClient","Microsoft-Windows-WindowsUpdateClient/Operational","",""
"1/14/2026 5:35:40 AM","2026-01-14 04:35:40Z","Windows","Win 26 Microsoft-Windows-WindowsUpdateClient","Microsoft-Windows-WindowsUpdateClient/Operational","",""
"1/14/2026 5:35:40 AM","2026-01-14 04:35:40Z","Windows","Win 26 Microsoft-Windows-WindowsUpdateClient","Microsoft-Windows-WindowsUpdateClient/Operational","",""
"1/14/2026 5:35:40 AM","2026-01-14 04:35:40Z","Windows","Win 26 Microsoft-Windows-WindowsUpdateClient","Microsoft-Windows-WindowsUpdateClient/Operational","",""
"1/14/2026 5:35:43 AM","2026-01-14 04:35:43Z","Windows","Win 44 Microsoft-Windows-WindowsUpdateClient","System","",""
"1/14/2026 5:35:43 AM","2026-01-14 04:35:43Z","Windows","Anchor-41","Microsoft-Windows-WindowsUpdateClient/Operational","","41"
"1/14/2026 5:35:43 AM","2026-01-14 04:35:43Z","Windows","Win 43 Microsoft-Windows-WindowsUpdateClient","System","",""
"1/14/2026 5:35:44 AM","2026-01-14 04:35:44Z","Windows","Win 19 Microsoft-Windows-WindowsUpdateClient","System","",""
