﻿"AnchorId","AnchorLocal","AnchorUtc","Has1074","Has109","HasWU19","Has6006","HasBootMarkers","Score_AcLossLik"
"41","12/16/2025 5:50:27 PM","12/16/2025 4:50:27 PM","False","False","False","False","False","4"
"41","12/16/2025 5:50:27 PM","12/16/2025 4:50:27 PM","False","False","False","False","False","4"
"41","12/18/2025 12:11:20 AM","12/17/2025 11:11:20 PM","False","False","False","False","False","4"
"41","12/18/2025 12:11:20 AM","12/17/2025 11:11:20 PM","False","False","False","False","False","4"
"41","12/19/2025 7:49:31 PM","12/19/2025 6:49:31 PM","False","False","False","False","False","4"
"41","12/19/2025 7:49:31 PM","12/19/2025 6:49:31 PM","False","False","False","False","False","4"
"41","12/20/2025 9:47:11 PM","12/20/2025 8:47:11 PM","False","False","False","False","False","4"
"41","12/20/2025 9:47:11 PM","12/20/2025 8:47:11 PM","False","False","False","False","False","4"
"41","12/21/2025 11:23:55 PM","12/21/2025 10:23:55 PM","False","False","False","False","False","4"
"41","12/21/2025 11:23:55 PM","12/21/2025 10:23:55 PM","False","False","False","False","False","4"
"41","12/23/2025 10:47:33 PM","12/23/2025 9:47:33 PM","False","False","False","False","True","5"
"41","12/23/2025 10:47:37 PM","12/23/2025 9:47:37 PM","False","False","False","False","True","5"
"41","12/23/2025 10:47:37 PM","12/23/2025 9:47:37 PM","False","False","False","False","True","5"
"41","12/25/2025 10:44:02 AM","12/25/2025 9:44:02 AM","False","False","False","False","True","5"
"41","12/25/2025 10:44:04 AM","12/25/2025 9:44:04 AM","False","False","False","False","True","5"
"41","12/25/2025 10:44:10 AM","12/25/2025 9:44:10 AM","False","False","False","False","True","5"
"41","12/27/2025 10:44:50 PM","12/27/2025 9:44:50 PM","False","False","False","False","True","5"
"41","12/27/2025 10:44:50 PM","12/27/2025 9:44:50 PM","False","False","False","False","True","5"
"41","12/27/2025 10:44:55 PM","12/27/2025 9:44:55 PM","False","False","False","False","True","5"
"41","12/29/2025 5:07:00 PM","12/29/2025 4:07:00 PM","False","False","True","False","False","3"
"41","12/29/2025 5:07:00 PM","12/29/2025 4:07:00 PM","False","False","True","False","False","3"
"41","12/29/2025 5:07:01 PM","12/29/2025 4:07:01 PM","False","False","True","False","False","3"
"41","12/31/2025 4:29:10 AM","12/31/2025 3:29:10 AM","False","False","False","False","True","5"
"41","12/31/2025 4:29:10 AM","12/31/2025 3:29:10 AM","False","False","False","False","True","5"
"41","12/31/2025 4:29:10 AM","12/31/2025 3:29:10 AM","False","False","False","False","True","5"
"41","1/1/2026 10:05:54 AM","1/1/2026 9:05:54 AM","False","False","False","False","True","5"
"41","1/1/2026 10:05:55 AM","1/1/2026 9:05:55 AM","False","False","False","False","True","5"
"41","1/1/2026 10:06:00 AM","1/1/2026 9:06:00 AM","False","False","False","False","True","5"
"41","1/3/2026 8:23:19 PM","1/3/2026 7:23:19 PM","False","False","False","False","True","5"
"41","1/3/2026 8:23:25 PM","1/3/2026 7:23:25 PM","False","False","False","False","True","5"
"41","1/3/2026 8:23:25 PM","1/3/2026 7:23:25 PM","False","False","False","False","True","5"
"41","1/5/2026 7:23:44 AM","1/5/2026 6:23:44 AM","False","False","True","False","False","3"
"41","1/5/2026 7:23:44 AM","1/5/2026 6:23:44 AM","False","False","True","False","False","3"
"41","1/5/2026 7:23:45 AM","1/5/2026 6:23:45 AM","False","False","True","False","False","3"
"41","1/5/2026 4:59:36 PM","1/5/2026 3:59:36 PM","False","False","True","False","True","4"
"41","1/6/2026 6:37:40 PM","1/6/2026 5:37:40 PM","False","False","False","False","False","4"
"41","1/6/2026 6:37:40 PM","1/6/2026 5:37:40 PM","False","False","False","False","False","4"
"41","1/9/2026 7:23:50 AM","1/9/2026 6:23:50 AM","False","False","False","False","False","4"
"41","1/9/2026 7:23:50 AM","1/9/2026 6:23:50 AM","False","False","False","False","False","4"
"41","1/11/2026 10:40:53 AM","1/11/2026 9:40:53 AM","False","False","False","False","False","4"
"41","1/11/2026 10:40:53 AM","1/11/2026 9:40:53 AM","False","False","False","False","False","4"
"41","1/12/2026 12:54:08 PM","1/12/2026 11:54:08 AM","False","False","False","False","False","4"
"41","1/12/2026 12:54:08 PM","1/12/2026 11:54:08 AM","False","False","False","False","False","4"
"41","1/14/2026 2:32:24 AM","1/14/2026 1:32:24 AM","False","False","False","False","False","4"
