﻿"LocalTime","UtcTime","Source","Type","Device","Details","AnchorId"
"12/16/2025 5:41:37 PM","2025-12-16 16:41:37Z","Windows","Win 26 Microsoft-Windows-WindowsUpdateClient","Microsoft-Windows-WindowsUpdateClient/Operational","",""
"12/16/2025 5:41:37 PM","2025-12-16 16:41:37Z","Windows","Win 26 Microsoft-Windows-WindowsUpdateClient","Microsoft-Windows-WindowsUpdateClient/Operational","",""
"12/16/2025 5:41:37 PM","2025-12-16 16:41:37Z","Windows","Win 26 Microsoft-Windows-WindowsUpdateClient","Microsoft-Windows-WindowsUpdateClient/Operational","",""
"12/16/2025 5:41:37 PM","2025-12-16 16:41:37Z","Windows","Win 26 Microsoft-Windows-WindowsUpdateClient","Microsoft-Windows-WindowsUpdateClient/Operational","",""
"12/16/2025 5:41:37 PM","2025-12-16 16:41:37Z","Windows","Win 26 Microsoft-Windows-WindowsUpdateClient","Microsoft-Windows-WindowsUpdateClient/Operational","",""
"12/16/2025 5:41:37 PM","2025-12-16 16:41:37Z","Windows","Win 26 Microsoft-Windows-WindowsUpdateClient","Microsoft-Windows-WindowsUpdateClient/Operational","",""
"12/16/2025 5:41:37 PM","2025-12-16 16:41:37Z","Windows","Win 26 Microsoft-Windows-WindowsUpdateClient","Microsoft-Windows-WindowsUpdateClient/Operational","",""
"12/16/2025 5:41:37 PM","2025-12-16 16:41:37Z","Windows","Win 26 Microsoft-Windows-WindowsUpdateClient","Microsoft-Windows-WindowsUpdateClient/Operational","",""
"12/16/2025 5:50:25 PM","2025-12-16 16:50:25Z","Windows","Win 44 Microsoft-Windows-WindowsUpdateClient","System","",""
"12/16/2025 5:50:25 PM","2025-12-16 16:50:25Z","Windows","Win 44 Microsoft-Windows-WindowsUpdateClient","System","",""
"12/16/2025 5:50:25 PM","2025-12-16 16:50:25Z","Windows","Win 44 Microsoft-Windows-WindowsUpdateClient","System","",""
"12/16/2025 5:50:25 PM","2025-12-16 16:50:25Z","Windows","Win 44 Microsoft-Windows-WindowsUpdateClient","System","",""
"12/16/2025 5:50:25 PM","2025-12-16 16:50:25Z","Windows","Win 44 Microsoft-Windows-WindowsUpdateClient","System","",""
"12/16/2025 5:50:25 PM","2025-12-16 16:50:25Z","Windows","Win 44 Microsoft-Windows-WindowsUpdateClient","System","",""
"12/16/2025 5:50:25 PM","2025-12-16 16:50:25Z","Windows","Win 44 Microsoft-Windows-WindowsUpdateClient","System","",""
"12/16/2025 5:50:25 PM","2025-12-16 16:50:25Z","Windows","Win 44 Microsoft-Windows-WindowsUpdateClient","System","",""
"12/16/2025 5:50:27 PM","2025-12-16 16:50:27Z","Windows","Win 44 Microsoft-Windows-WindowsUpdateClient","System","",""
"12/16/2025 5:50:27 PM","2025-12-16 16:50:27Z","Windows","Win 44 Microsoft-Windows-WindowsUpdateClient","System","",""
"12/16/2025 5:50:27 PM","2025-12-16 16:50:27Z","Windows","Win 44 Microsoft-Windows-WindowsUpdateClient","System","",""
"12/16/2025 5:50:27 PM","2025-12-16 16:50:27Z","Windows","Win 44 Microsoft-Windows-WindowsUpdateClient","System","",""
"12/16/2025 5:50:27 PM","2025-12-16 16:50:27Z","Windows","Anchor-41","Microsoft-Windows-WindowsUpdateClient/Operational","","41"
"12/16/2025 5:50:27 PM","2025-12-16 16:50:27Z","Windows","Anchor-41","Microsoft-Windows-WindowsUpdateClient/Operational","","41"
"12/16/2025 5:50:27 PM","2025-12-16 16:50:27Z","Windows","Anchor-41","Microsoft-Windows-WindowsUpdateClient/Operational","","41"
"12/16/2025 5:50:27 PM","2025-12-16 16:50:27Z","Windows","Anchor-41","Microsoft-Windows-WindowsUpdateClient/Operational","","41"
"12/18/2025 12:11:09 AM","2025-12-17 23:11:09Z","Windows","Win 108 Application Management Group Policy","System","",""
"12/18/2025 12:11:09 AM","2025-12-17 23:11:09Z","Windows","Win 108 Application Management Group Policy","System","",""
"12/18/2025 12:11:09 AM","2025-12-17 23:11:09Z","Windows","Win 1112 Microsoft-Windows-GroupPolicy","System","",""
"12/18/2025 12:11:09 AM","2025-12-17 23:11:09Z","Windows","Win 1112 Microsoft-Windows-GroupPolicy","System","",""
"12/18/2025 12:11:16 AM","2025-12-17 23:11:16Z","Windows","Win 26 Microsoft-Windows-WindowsUpdateClient","Microsoft-Windows-WindowsUpdateClient/Operational","",""
"12/18/2025 12:11:16 AM","2025-12-17 23:11:16Z","Windows","Win 26 Microsoft-Windows-WindowsUpdateClient","Microsoft-Windows-WindowsUpdateClient/Operational","",""
"12/18/2025 12:11:16 AM","2025-12-17 23:11:16Z","Windows","Win 26 Microsoft-Windows-WindowsUpdateClient","Microsoft-Windows-WindowsUpdateClient/Operational","",""
"12/18/2025 12:11:16 AM","2025-12-17 23:11:16Z","Windows","Win 26 Microsoft-Windows-WindowsUpdateClient","Microsoft-Windows-WindowsUpdateClient/Operational","",""
"12/18/2025 12:11:16 AM","2025-12-17 23:11:16Z","Windows","Win 26 Microsoft-Windows-WindowsUpdateClient","Microsoft-Windows-WindowsUpdateClient/Operational","",""
"12/18/2025 12:11:16 AM","2025-12-17 23:11:16Z","Windows","Win 26 Microsoft-Windows-WindowsUpdateClient","Microsoft-Windows-WindowsUpdateClient/Operational","",""
"12/18/2025 12:11:16 AM","2025-12-17 23:11:16Z","Windows","Win 26 Microsoft-Windows-WindowsUpdateClient","Microsoft-Windows-WindowsUpdateClient/Operational","",""
"12/18/2025 12:11:16 AM","2025-12-17 23:11:16Z","Windows","Win 26 Microsoft-Windows-WindowsUpdateClient","Microsoft-Windows-WindowsUpdateClient/Operational","",""
"12/18/2025 12:11:16 AM","2025-12-17 23:11:16Z","Windows","Win 44 Microsoft-Windows-WindowsUpdateClient","System","",""
"12/18/2025 12:11:16 AM","2025-12-17 23:11:16Z","Windows","Win 44 Microsoft-Windows-WindowsUpdateClient","System","",""
"12/18/2025 12:11:16 AM","2025-12-17 23:11:16Z","Windows","Win 44 Microsoft-Windows-WindowsUpdateClient","System","",""
"12/18/2025 12:11:16 AM","2025-12-17 23:11:16Z","Windows","Win 44 Microsoft-Windows-WindowsUpdateClient","System","",""
"12/18/2025 12:11:16 AM","2025-12-17 23:11:16Z","Windows","Win 44 Microsoft-Windows-WindowsUpdateClient","System","",""
"12/18/2025 12:11:16 AM","2025-12-17 23:11:16Z","Windows","Win 44 Microsoft-Windows-WindowsUpdateClient","System","",""
"12/18/2025 12:11:16 AM","2025-12-17 23:11:16Z","Windows","Win 44 Microsoft-Windows-WindowsUpdateClient","System","",""
"12/18/2025 12:11:16 AM","2025-12-17 23:11:16Z","Windows","Win 44 Microsoft-Windows-WindowsUpdateClient","System","",""
"12/18/2025 12:11:20 AM","2025-12-17 23:11:20Z","Windows","Win 44 Microsoft-Windows-WindowsUpdateClient","System","",""
"12/18/2025 12:11:20 AM","2025-12-17 23:11:20Z","Windows","Win 44 Microsoft-Windows-WindowsUpdateClient","System","",""
"12/18/2025 12:11:20 AM","2025-12-17 23:11:20Z","Windows","Win 44 Microsoft-Windows-WindowsUpdateClient","System","",""
"12/18/2025 12:11:20 AM","2025-12-17 23:11:20Z","Windows","Win 44 Microsoft-Windows-WindowsUpdateClient","System","",""
"12/18/2025 12:11:20 AM","2025-12-17 23:11:20Z","Windows","Anchor-41","Microsoft-Windows-WindowsUpdateClient/Operational","","41"
"12/18/2025 12:11:20 AM","2025-12-17 23:11:20Z","Windows","Anchor-41","Microsoft-Windows-WindowsUpdateClient/Operational","","41"
"12/18/2025 12:11:20 AM","2025-12-17 23:11:20Z","Windows","Anchor-41","Microsoft-Windows-WindowsUpdateClient/Operational","","41"
"12/18/2025 12:11:20 AM","2025-12-17 23:11:20Z","Windows","Anchor-41","Microsoft-Windows-WindowsUpdateClient/Operational","","41"
"12/18/2025 12:16:13 AM","2025-12-17 23:16:13Z","Windows","Win 101 Application Management Group Policy","System","",""
"12/18/2025 12:16:13 AM","2025-12-17 23:16:13Z","Windows","Win 108 Application Management Group Policy","System","",""
"12/18/2025 12:16:13 AM","2025-12-17 23:16:13Z","Windows","Win 108 Application Management Group Policy","System","",""
"12/18/2025 12:16:13 AM","2025-12-17 23:16:13Z","Windows","Win 101 Application Management Group Policy","System","",""
"12/18/2025 12:16:13 AM","2025-12-17 23:16:13Z","Windows","Win 1112 Microsoft-Windows-GroupPolicy","System","",""
"12/18/2025 12:16:13 AM","2025-12-17 23:16:13Z","Windows","Win 1112 Microsoft-Windows-GroupPolicy","System","",""
"12/19/2025 7:49:20 PM","2025-12-19 18:49:20Z","Windows","Win 26 Microsoft-Windows-WindowsUpdateClient","Microsoft-Windows-WindowsUpdateClient/Operational","",""
"12/19/2025 7:49:20 PM","2025-12-19 18:49:20Z","Windows","Win 26 Microsoft-Windows-WindowsUpdateClient","Microsoft-Windows-WindowsUpdateClient/Operational","",""
"12/19/2025 7:49:20 PM","2025-12-19 18:49:20Z","Windows","Win 26 Microsoft-Windows-WindowsUpdateClient","Microsoft-Windows-WindowsUpdateClient/Operational","",""
"12/19/2025 7:49:20 PM","2025-12-19 18:49:20Z","Windows","Win 26 Microsoft-Windows-WindowsUpdateClient","Microsoft-Windows-WindowsUpdateClient/Operational","",""
"12/19/2025 7:49:20 PM","2025-12-19 18:49:20Z","Windows","Win 26 Microsoft-Windows-WindowsUpdateClient","Microsoft-Windows-WindowsUpdateClient/Operational","",""
"12/19/2025 7:49:20 PM","2025-12-19 18:49:20Z","Windows","Win 26 Microsoft-Windows-WindowsUpdateClient","Microsoft-Windows-WindowsUpdateClient/Operational","",""
"12/19/2025 7:49:20 PM","2025-12-19 18:49:20Z","Windows","Win 26 Microsoft-Windows-WindowsUpdateClient","Microsoft-Windows-WindowsUpdateClient/Operational","",""
"12/19/2025 7:49:20 PM","2025-12-19 18:49:20Z","Windows","Win 26 Microsoft-Windows-WindowsUpdateClient","Microsoft-Windows-WindowsUpdateClient/Operational","",""
"12/19/2025 7:49:26 PM","2025-12-19 18:49:26Z","Windows","Win 44 Microsoft-Windows-WindowsUpdateClient","System","",""
"12/19/2025 7:49:26 PM","2025-12-19 18:49:26Z","Windows","Win 44 Microsoft-Windows-WindowsUpdateClient","System","",""
"12/19/2025 7:49:26 PM","2025-12-19 18:49:26Z","Windows","Win 44 Microsoft-Windows-WindowsUpdateClient","System","",""
"12/19/2025 7:49:26 PM","2025-12-19 18:49:26Z","Windows","Win 44 Microsoft-Windows-WindowsUpdateClient","System","",""
"12/19/2025 7:49:26 PM","2025-12-19 18:49:26Z","Windows","Win 44 Microsoft-Windows-WindowsUpdateClient","System","",""
"12/19/2025 7:49:26 PM","2025-12-19 18:49:26Z","Windows","Win 44 Microsoft-Windows-WindowsUpdateClient","System","",""
"12/19/2025 7:49:26 PM","2025-12-19 18:49:26Z","Windows","Win 44 Microsoft-Windows-WindowsUpdateClient","System","",""
"12/19/2025 7:49:26 PM","2025-12-19 18:49:26Z","Windows","Win 44 Microsoft-Windows-WindowsUpdateClient","System","",""
"12/19/2025 7:49:31 PM","2025-12-19 18:49:31Z","Windows","Anchor-41","Microsoft-Windows-WindowsUpdateClient/Operational","","41"
"12/19/2025 7:49:31 PM","2025-12-19 18:49:31Z","Windows","Anchor-41","Microsoft-Windows-WindowsUpdateClient/Operational","","41"
"12/19/2025 7:49:31 PM","2025-12-19 18:49:31Z","Windows","Anchor-41","Microsoft-Windows-WindowsUpdateClient/Operational","","41"
"12/19/2025 7:49:31 PM","2025-12-19 18:49:31Z","Windows","Anchor-41","Microsoft-Windows-WindowsUpdateClient/Operational","","41"
"12/20/2025 9:46:47 PM","2025-12-20 20:46:47Z","Windows","Win 26 Microsoft-Windows-WindowsUpdateClient","Microsoft-Windows-WindowsUpdateClient/Operational","",""
"12/20/2025 9:46:47 PM","2025-12-20 20:46:47Z","Windows","Win 26 Microsoft-Windows-WindowsUpdateClient","Microsoft-Windows-WindowsUpdateClient/Operational","",""
"12/20/2025 9:46:47 PM","2025-12-20 20:46:47Z","Windows","Win 26 Microsoft-Windows-WindowsUpdateClient","Microsoft-Windows-WindowsUpdateClient/Operational","",""
"12/20/2025 9:46:47 PM","2025-12-20 20:46:47Z","Windows","Win 26 Microsoft-Windows-WindowsUpdateClient","Microsoft-Windows-WindowsUpdateClient/Operational","",""
"12/20/2025 9:46:47 PM","2025-12-20 20:46:47Z","Windows","Win 26 Microsoft-Windows-WindowsUpdateClient","Microsoft-Windows-WindowsUpdateClient/Operational","",""
"12/20/2025 9:46:47 PM","2025-12-20 20:46:47Z","Windows","Win 26 Microsoft-Windows-WindowsUpdateClient","Microsoft-Windows-WindowsUpdateClient/Operational","",""
"12/20/2025 9:46:47 PM","2025-12-20 20:46:47Z","Windows","Win 26 Microsoft-Windows-WindowsUpdateClient","Microsoft-Windows-WindowsUpdateClient/Operational","",""
"12/20/2025 9:46:47 PM","2025-12-20 20:46:47Z","Windows","Win 26 Microsoft-Windows-WindowsUpdateClient","Microsoft-Windows-WindowsUpdateClient/Operational","",""
"12/20/2025 9:47:09 PM","2025-12-20 20:47:09Z","Windows","Win 44 Microsoft-Windows-WindowsUpdateClient","System","",""
"12/20/2025 9:47:09 PM","2025-12-20 20:47:09Z","Windows","Win 44 Microsoft-Windows-WindowsUpdateClient","System","",""
"12/20/2025 9:47:09 PM","2025-12-20 20:47:09Z","Windows","Win 44 Microsoft-Windows-WindowsUpdateClient","System","",""
"12/20/2025 9:47:09 PM","2025-12-20 20:47:09Z","Windows","Win 44 Microsoft-Windows-WindowsUpdateClient","System","",""
"12/20/2025 9:47:09 PM","2025-12-20 20:47:09Z","Windows","Win 44 Microsoft-Windows-WindowsUpdateClient","System","",""
"12/20/2025 9:47:09 PM","2025-12-20 20:47:09Z","Windows","Win 44 Microsoft-Windows-WindowsUpdateClient","System","",""
"12/20/2025 9:47:09 PM","2025-12-20 20:47:09Z","Windows","Win 44 Microsoft-Windows-WindowsUpdateClient","System","",""
"12/20/2025 9:47:09 PM","2025-12-20 20:47:09Z","Windows","Win 44 Microsoft-Windows-WindowsUpdateClient","System","",""
"12/20/2025 9:47:11 PM","2025-12-20 20:47:11Z","Windows","Win 44 Microsoft-Windows-WindowsUpdateClient","System","",""
"12/20/2025 9:47:11 PM","2025-12-20 20:47:11Z","Windows","Win 44 Microsoft-Windows-WindowsUpdateClient","System","",""
"12/20/2025 9:47:11 PM","2025-12-20 20:47:11Z","Windows","Win 44 Microsoft-Windows-WindowsUpdateClient","System","",""
"12/20/2025 9:47:11 PM","2025-12-20 20:47:11Z","Windows","Win 44 Microsoft-Windows-WindowsUpdateClient","System","",""
"12/20/2025 9:47:11 PM","2025-12-20 20:47:11Z","Windows","Anchor-41","Microsoft-Windows-WindowsUpdateClient/Operational","","41"
"12/20/2025 9:47:11 PM","2025-12-20 20:47:11Z","Windows","Anchor-41","Microsoft-Windows-WindowsUpdateClient/Operational","","41"
"12/20/2025 9:47:11 PM","2025-12-20 20:47:11Z","Windows","Anchor-41","Microsoft-Windows-WindowsUpdateClient/Operational","","41"
"12/20/2025 9:47:11 PM","2025-12-20 20:47:11Z","Windows","Anchor-41","Microsoft-Windows-WindowsUpdateClient/Operational","","41"
"12/21/2025 11:23:45 PM","2025-12-21 22:23:45Z","Windows","Win 26 Microsoft-Windows-WindowsUpdateClient","Microsoft-Windows-WindowsUpdateClient/Operational","",""
"12/21/2025 11:23:45 PM","2025-12-21 22:23:45Z","Windows","Win 26 Microsoft-Windows-WindowsUpdateClient","Microsoft-Windows-WindowsUpdateClient/Operational","",""
"12/21/2025 11:23:45 PM","2025-12-21 22:23:45Z","Windows","Win 26 Microsoft-Windows-WindowsUpdateClient","Microsoft-Windows-WindowsUpdateClient/Operational","",""
"12/21/2025 11:23:45 PM","2025-12-21 22:23:45Z","Windows","Win 26 Microsoft-Windows-WindowsUpdateClient","Microsoft-Windows-WindowsUpdateClient/Operational","",""
"12/21/2025 11:23:45 PM","2025-12-21 22:23:45Z","Windows","Win 26 Microsoft-Windows-WindowsUpdateClient","Microsoft-Windows-WindowsUpdateClient/Operational","",""
"12/21/2025 11:23:45 PM","2025-12-21 22:23:45Z","Windows","Win 26 Microsoft-Windows-WindowsUpdateClient","Microsoft-Windows-WindowsUpdateClient/Operational","",""
"12/21/2025 11:23:45 PM","2025-12-21 22:23:45Z","Windows","Win 26 Microsoft-Windows-WindowsUpdateClient","Microsoft-Windows-WindowsUpdateClient/Operational","",""
"12/21/2025 11:23:45 PM","2025-12-21 22:23:45Z","Windows","Win 26 Microsoft-Windows-WindowsUpdateClient","Microsoft-Windows-WindowsUpdateClient/Operational","",""
"12/21/2025 11:23:50 PM","2025-12-21 22:23:50Z","Windows","Win 44 Microsoft-Windows-WindowsUpdateClient","System","",""
"12/21/2025 11:23:50 PM","2025-12-21 22:23:50Z","Windows","Win 44 Microsoft-Windows-WindowsUpdateClient","System","",""
"12/21/2025 11:23:50 PM","2025-12-21 22:23:50Z","Windows","Win 44 Microsoft-Windows-WindowsUpdateClient","System","",""
"12/21/2025 11:23:50 PM","2025-12-21 22:23:50Z","Windows","Win 44 Microsoft-Windows-WindowsUpdateClient","System","",""
"12/21/2025 11:23:50 PM","2025-12-21 22:23:50Z","Windows","Win 44 Microsoft-Windows-WindowsUpdateClient","System","",""
"12/21/2025 11:23:50 PM","2025-12-21 22:23:50Z","Windows","Win 44 Microsoft-Windows-WindowsUpdateClient","System","",""
"12/21/2025 11:23:50 PM","2025-12-21 22:23:50Z","Windows","Win 44 Microsoft-Windows-WindowsUpdateClient","System","",""
"12/21/2025 11:23:50 PM","2025-12-21 22:23:50Z","Windows","Win 44 Microsoft-Windows-WindowsUpdateClient","System","",""
"12/21/2025 11:23:55 PM","2025-12-21 22:23:55Z","Windows","Anchor-41","Microsoft-Windows-WindowsUpdateClient/Operational","","41"
"12/21/2025 11:23:55 PM","2025-12-21 22:23:55Z","Windows","Anchor-41","Microsoft-Windows-WindowsUpdateClient/Operational","","41"
"12/21/2025 11:23:55 PM","2025-12-21 22:23:55Z","Windows","Anchor-41","Microsoft-Windows-WindowsUpdateClient/Operational","","41"
"12/21/2025 11:23:55 PM","2025-12-21 22:23:55Z","Windows","Anchor-41","Microsoft-Windows-WindowsUpdateClient/Operational","","41"
"12/23/2025 10:47:23 PM","2025-12-23 21:47:23Z","Windows","Win 26 Microsoft-Windows-WindowsUpdateClient","Microsoft-Windows-WindowsUpdateClient/Operational","",""
"12/23/2025 10:47:23 PM","2025-12-23 21:47:23Z","Windows","Win 26 Microsoft-Windows-WindowsUpdateClient","Microsoft-Windows-WindowsUpdateClient/Operational","",""
"12/23/2025 10:47:23 PM","2025-12-23 21:47:23Z","Windows","Win 26 Microsoft-Windows-WindowsUpdateClient","Microsoft-Windows-WindowsUpdateClient/Operational","",""
"12/23/2025 10:47:23 PM","2025-12-23 21:47:23Z","Windows","Win 26 Microsoft-Windows-WindowsUpdateClient","Microsoft-Windows-WindowsUpdateClient/Operational","",""
"12/23/2025 10:47:23 PM","2025-12-23 21:47:23Z","Windows","Win 26 Microsoft-Windows-WindowsUpdateClient","Microsoft-Windows-WindowsUpdateClient/Operational","",""
"12/23/2025 10:47:23 PM","2025-12-23 21:47:23Z","Windows","Win 26 Microsoft-Windows-WindowsUpdateClient","Microsoft-Windows-WindowsUpdateClient/Operational","",""
"12/23/2025 10:47:23 PM","2025-12-23 21:47:23Z","Windows","Win 26 Microsoft-Windows-WindowsUpdateClient","Microsoft-Windows-WindowsUpdateClient/Operational","",""
"12/23/2025 10:47:23 PM","2025-12-23 21:47:23Z","Windows","Win 26 Microsoft-Windows-WindowsUpdateClient","Microsoft-Windows-WindowsUpdateClient/Operational","",""
"12/23/2025 10:47:23 PM","2025-12-23 21:47:23Z","Windows","Win 26 Microsoft-Windows-WindowsUpdateClient","Microsoft-Windows-WindowsUpdateClient/Operational","",""
"12/23/2025 10:47:23 PM","2025-12-23 21:47:23Z","Windows","Win 26 Microsoft-Windows-WindowsUpdateClient","Microsoft-Windows-WindowsUpdateClient/Operational","",""
"12/23/2025 10:47:23 PM","2025-12-23 21:47:23Z","Windows","Win 26 Microsoft-Windows-WindowsUpdateClient","Microsoft-Windows-WindowsUpdateClient/Operational","",""
"12/23/2025 10:47:23 PM","2025-12-23 21:47:23Z","Windows","Win 26 Microsoft-Windows-WindowsUpdateClient","Microsoft-Windows-WindowsUpdateClient/Operational","",""
"12/23/2025 10:47:30 PM","2025-12-23 21:47:30Z","Windows","Win 44 Microsoft-Windows-WindowsUpdateClient","System","",""
"12/23/2025 10:47:30 PM","2025-12-23 21:47:30Z","Windows","Win 44 Microsoft-Windows-WindowsUpdateClient","System","",""
"12/23/2025 10:47:30 PM","2025-12-23 21:47:30Z","Windows","Win 44 Microsoft-Windows-WindowsUpdateClient","System","",""
"12/23/2025 10:47:30 PM","2025-12-23 21:47:30Z","Windows","Win 44 Microsoft-Windows-WindowsUpdateClient","System","",""
"12/23/2025 10:47:30 PM","2025-12-23 21:47:30Z","Windows","Win 44 Microsoft-Windows-WindowsUpdateClient","System","",""
"12/23/2025 10:47:30 PM","2025-12-23 21:47:30Z","Windows","Win 44 Microsoft-Windows-WindowsUpdateClient","System","",""
"12/23/2025 10:47:30 PM","2025-12-23 21:47:30Z","Windows","Win 44 Microsoft-Windows-WindowsUpdateClient","System","",""
"12/23/2025 10:47:30 PM","2025-12-23 21:47:30Z","Windows","Win 44 Microsoft-Windows-WindowsUpdateClient","System","",""
"12/23/2025 10:47:30 PM","2025-12-23 21:47:30Z","Windows","Win 44 Microsoft-Windows-WindowsUpdateClient","System","",""
"12/23/2025 10:47:30 PM","2025-12-23 21:47:30Z","Windows","Win 44 Microsoft-Windows-WindowsUpdateClient","System","",""
"12/23/2025 10:47:30 PM","2025-12-23 21:47:30Z","Windows","Win 44 Microsoft-Windows-WindowsUpdateClient","System","",""
"12/23/2025 10:47:30 PM","2025-12-23 21:47:30Z","Windows","Win 44 Microsoft-Windows-WindowsUpdateClient","System","",""
"12/23/2025 10:47:33 PM","2025-12-23 21:47:33Z","Windows","Win 44 Microsoft-Windows-WindowsUpdateClient","System","",""
"12/23/2025 10:47:33 PM","2025-12-23 21:47:33Z","Windows","Win 44 Microsoft-Windows-WindowsUpdateClient","System","",""
"12/23/2025 10:47:33 PM","2025-12-23 21:47:33Z","Windows","Win 44 Microsoft-Windows-WindowsUpdateClient","System","",""
"12/23/2025 10:47:33 PM","2025-12-23 21:47:33Z","Windows","Anchor-41","Microsoft-Windows-WindowsUpdateClient/Operational","","41"
"12/23/2025 10:47:33 PM","2025-12-23 21:47:33Z","Windows","Anchor-41","Microsoft-Windows-WindowsUpdateClient/Operational","","41"
"12/23/2025 10:47:33 PM","2025-12-23 21:47:33Z","Windows","Anchor-41","Microsoft-Windows-WindowsUpdateClient/Operational","","41"
"12/23/2025 10:47:37 PM","2025-12-23 21:47:37Z","Windows","Anchor-41","Microsoft-Windows-WindowsUpdateClient/Operational","","41"
"12/23/2025 10:47:37 PM","2025-12-23 21:47:37Z","Windows","Anchor-41","Microsoft-Windows-WindowsUpdateClient/Operational","","41"
"12/23/2025 10:47:37 PM","2025-12-23 21:47:37Z","Windows","Anchor-41","Microsoft-Windows-WindowsUpdateClient/Operational","","41"
"12/23/2025 10:47:37 PM","2025-12-23 21:47:37Z","Windows","Anchor-41","Microsoft-Windows-WindowsUpdateClient/Operational","","41"
"12/23/2025 10:47:37 PM","2025-12-23 21:47:37Z","Windows","Anchor-41","Microsoft-Windows-WindowsUpdateClient/Operational","","41"
"12/23/2025 10:47:37 PM","2025-12-23 21:47:37Z","Windows","Anchor-41","Microsoft-Windows-WindowsUpdateClient/Operational","","41"
"12/23/2025 10:47:37 PM","2025-12-23 21:47:37Z","Windows","Win 43 Microsoft-Windows-WindowsUpdateClient","System","",""
"12/23/2025 10:47:37 PM","2025-12-23 21:47:37Z","Windows","Win 43 Microsoft-Windows-WindowsUpdateClient","System","",""
"12/23/2025 10:47:37 PM","2025-12-23 21:47:37Z","Windows","Win 43 Microsoft-Windows-WindowsUpdateClient","System","",""
"12/23/2025 10:47:38 PM","2025-12-23 21:47:38Z","Windows","Win 20 Microsoft-Windows-WindowsUpdateClient","System","",""
"12/23/2025 10:47:38 PM","2025-12-23 21:47:38Z","Windows","Win 20 Microsoft-Windows-WindowsUpdateClient","System","",""
"12/23/2025 10:47:38 PM","2025-12-23 21:47:38Z","Windows","Win 20 Microsoft-Windows-WindowsUpdateClient","System","",""
"12/25/2025 10:43:55 AM","2025-12-25 09:43:55Z","Windows","Win 26 Microsoft-Windows-WindowsUpdateClient","Microsoft-Windows-WindowsUpdateClient/Operational","",""
"12/25/2025 10:43:55 AM","2025-12-25 09:43:55Z","Windows","Win 26 Microsoft-Windows-WindowsUpdateClient","Microsoft-Windows-WindowsUpdateClient/Operational","",""
"12/25/2025 10:43:55 AM","2025-12-25 09:43:55Z","Windows","Win 26 Microsoft-Windows-WindowsUpdateClient","Microsoft-Windows-WindowsUpdateClient/Operational","",""
"12/25/2025 10:43:55 AM","2025-12-25 09:43:55Z","Windows","Win 26 Microsoft-Windows-WindowsUpdateClient","Microsoft-Windows-WindowsUpdateClient/Operational","",""
"12/25/2025 10:43:55 AM","2025-12-25 09:43:55Z","Windows","Win 26 Microsoft-Windows-WindowsUpdateClient","Microsoft-Windows-WindowsUpdateClient/Operational","",""
"12/25/2025 10:43:55 AM","2025-12-25 09:43:55Z","Windows","Win 26 Microsoft-Windows-WindowsUpdateClient","Microsoft-Windows-WindowsUpdateClient/Operational","",""
"12/25/2025 10:43:55 AM","2025-12-25 09:43:55Z","Windows","Win 26 Microsoft-Windows-WindowsUpdateClient","Microsoft-Windows-WindowsUpdateClient/Operational","",""
"12/25/2025 10:43:55 AM","2025-12-25 09:43:55Z","Windows","Win 26 Microsoft-Windows-WindowsUpdateClient","Microsoft-Windows-WindowsUpdateClient/Operational","",""
"12/25/2025 10:43:55 AM","2025-12-25 09:43:55Z","Windows","Win 26 Microsoft-Windows-WindowsUpdateClient","Microsoft-Windows-WindowsUpdateClient/Operational","",""
"12/25/2025 10:43:55 AM","2025-12-25 09:43:55Z","Windows","Win 26 Microsoft-Windows-WindowsUpdateClient","Microsoft-Windows-WindowsUpdateClient/Operational","",""
"12/25/2025 10:43:55 AM","2025-12-25 09:43:55Z","Windows","Win 26 Microsoft-Windows-WindowsUpdateClient","Microsoft-Windows-WindowsUpdateClient/Operational","",""
"12/25/2025 10:43:55 AM","2025-12-25 09:43:55Z","Windows","Win 26 Microsoft-Windows-WindowsUpdateClient","Microsoft-Windows-WindowsUpdateClient/Operational","",""
"12/25/2025 10:44:00 AM","2025-12-25 09:44:00Z","Windows","Win 44 Microsoft-Windows-WindowsUpdateClient","System","",""
"12/25/2025 10:44:00 AM","2025-12-25 09:44:00Z","Windows","Win 44 Microsoft-Windows-WindowsUpdateClient","System","",""
"12/25/2025 10:44:00 AM","2025-12-25 09:44:00Z","Windows","Win 44 Microsoft-Windows-WindowsUpdateClient","System","",""
"12/25/2025 10:44:00 AM","2025-12-25 09:44:00Z","Windows","Win 44 Microsoft-Windows-WindowsUpdateClient","System","",""
"12/25/2025 10:44:00 AM","2025-12-25 09:44:00Z","Windows","Win 44 Microsoft-Windows-WindowsUpdateClient","System","",""
"12/25/2025 10:44:00 AM","2025-12-25 09:44:00Z","Windows","Win 44 Microsoft-Windows-WindowsUpdateClient","System","",""
"12/25/2025 10:44:00 AM","2025-12-25 09:44:00Z","Windows","Win 44 Microsoft-Windows-WindowsUpdateClient","System","",""
"12/25/2025 10:44:00 AM","2025-12-25 09:44:00Z","Windows","Win 44 Microsoft-Windows-WindowsUpdateClient","System","",""
"12/25/2025 10:44:00 AM","2025-12-25 09:44:00Z","Windows","Win 44 Microsoft-Windows-WindowsUpdateClient","System","",""
"12/25/2025 10:44:00 AM","2025-12-25 09:44:00Z","Windows","Win 44 Microsoft-Windows-WindowsUpdateClient","System","",""
"12/25/2025 10:44:00 AM","2025-12-25 09:44:00Z","Windows","Win 44 Microsoft-Windows-WindowsUpdateClient","System","",""
"12/25/2025 10:44:00 AM","2025-12-25 09:44:00Z","Windows","Win 44 Microsoft-Windows-WindowsUpdateClient","System","",""
"12/25/2025 10:44:00 AM","2025-12-25 09:44:00Z","Windows","Win 44 Microsoft-Windows-WindowsUpdateClient","System","",""
"12/25/2025 10:44:00 AM","2025-12-25 09:44:00Z","Windows","Win 44 Microsoft-Windows-WindowsUpdateClient","System","",""
"12/25/2025 10:44:00 AM","2025-12-25 09:44:00Z","Windows","Win 44 Microsoft-Windows-WindowsUpdateClient","System","",""
"12/25/2025 10:44:02 AM","2025-12-25 09:44:02Z","Windows","Anchor-41","Microsoft-Windows-WindowsUpdateClient/Operational","","41"
"12/25/2025 10:44:02 AM","2025-12-25 09:44:02Z","Windows","Anchor-41","Microsoft-Windows-WindowsUpdateClient/Operational","","41"
"12/25/2025 10:44:02 AM","2025-12-25 09:44:02Z","Windows","Anchor-41","Microsoft-Windows-WindowsUpdateClient/Operational","","41"
"12/25/2025 10:44:02 AM","2025-12-25 09:44:02Z","Windows","Win 43 Microsoft-Windows-WindowsUpdateClient","System","",""
"12/25/2025 10:44:02 AM","2025-12-25 09:44:02Z","Windows","Win 43 Microsoft-Windows-WindowsUpdateClient","System","",""
"12/25/2025 10:44:02 AM","2025-12-25 09:44:02Z","Windows","Win 43 Microsoft-Windows-WindowsUpdateClient","System","",""
"12/25/2025 10:44:02 AM","2025-12-25 09:44:02Z","Windows","Win 20 Microsoft-Windows-WindowsUpdateClient","System","",""
"12/25/2025 10:44:02 AM","2025-12-25 09:44:02Z","Windows","Win 20 Microsoft-Windows-WindowsUpdateClient","System","",""
"12/25/2025 10:44:02 AM","2025-12-25 09:44:02Z","Windows","Win 20 Microsoft-Windows-WindowsUpdateClient","System","",""
"12/25/2025 10:44:04 AM","2025-12-25 09:44:04Z","Windows","Win 44 Microsoft-Windows-WindowsUpdateClient","System","",""
"12/25/2025 10:44:04 AM","2025-12-25 09:44:04Z","Windows","Win 44 Microsoft-Windows-WindowsUpdateClient","System","",""
"12/25/2025 10:44:04 AM","2025-12-25 09:44:04Z","Windows","Win 44 Microsoft-Windows-WindowsUpdateClient","System","",""
"12/25/2025 10:44:04 AM","2025-12-25 09:44:04Z","Windows","Win 44 Microsoft-Windows-WindowsUpdateClient","System","",""
"12/25/2025 10:44:04 AM","2025-12-25 09:44:04Z","Windows","Win 44 Microsoft-Windows-WindowsUpdateClient","System","",""
"12/25/2025 10:44:04 AM","2025-12-25 09:44:04Z","Windows","Win 44 Microsoft-Windows-WindowsUpdateClient","System","",""
"12/25/2025 10:44:04 AM","2025-12-25 09:44:04Z","Windows","Anchor-41","Microsoft-Windows-WindowsUpdateClient/Operational","","41"
"12/25/2025 10:44:04 AM","2025-12-25 09:44:04Z","Windows","Anchor-41","Microsoft-Windows-WindowsUpdateClient/Operational","","41"
"12/25/2025 10:44:04 AM","2025-12-25 09:44:04Z","Windows","Anchor-41","Microsoft-Windows-WindowsUpdateClient/Operational","","41"
"12/25/2025 10:44:10 AM","2025-12-25 09:44:10Z","Windows","Anchor-41","Microsoft-Windows-WindowsUpdateClient/Operational","","41"
"12/25/2025 10:44:10 AM","2025-12-25 09:44:10Z","Windows","Anchor-41","Microsoft-Windows-WindowsUpdateClient/Operational","","41"
"12/25/2025 10:44:10 AM","2025-12-25 09:44:10Z","Windows","Anchor-41","Microsoft-Windows-WindowsUpdateClient/Operational","","41"
"12/27/2025 10:41:25 PM","2025-12-27 21:41:25Z","Windows","Win 108 Application Management Group Policy","System","",""
"12/27/2025 10:41:25 PM","2025-12-27 21:41:25Z","Windows","Win 108 Application Management Group Policy","System","",""
"12/27/2025 10:41:25 PM","2025-12-27 21:41:25Z","Windows","Win 108 Application Management Group Policy","System","",""
"12/27/2025 10:41:25 PM","2025-12-27 21:41:25Z","Windows","Win 1112 Microsoft-Windows-GroupPolicy","System","",""
"12/27/2025 10:41:25 PM","2025-12-27 21:41:25Z","Windows","Win 1112 Microsoft-Windows-GroupPolicy","System","",""
"12/27/2025 10:41:25 PM","2025-12-27 21:41:25Z","Windows","Win 1112 Microsoft-Windows-GroupPolicy","System","",""
"12/27/2025 10:44:41 PM","2025-12-27 21:44:41Z","Windows","Win 26 Microsoft-Windows-WindowsUpdateClient","Microsoft-Windows-WindowsUpdateClient/Operational","",""
"12/27/2025 10:44:41 PM","2025-12-27 21:44:41Z","Windows","Win 26 Microsoft-Windows-WindowsUpdateClient","Microsoft-Windows-WindowsUpdateClient/Operational","",""
"12/27/2025 10:44:41 PM","2025-12-27 21:44:41Z","Windows","Win 26 Microsoft-Windows-WindowsUpdateClient","Microsoft-Windows-WindowsUpdateClient/Operational","",""
"12/27/2025 10:44:41 PM","2025-12-27 21:44:41Z","Windows","Win 26 Microsoft-Windows-WindowsUpdateClient","Microsoft-Windows-WindowsUpdateClient/Operational","",""
"12/27/2025 10:44:41 PM","2025-12-27 21:44:41Z","Windows","Win 26 Microsoft-Windows-WindowsUpdateClient","Microsoft-Windows-WindowsUpdateClient/Operational","",""
"12/27/2025 10:44:41 PM","2025-12-27 21:44:41Z","Windows","Win 26 Microsoft-Windows-WindowsUpdateClient","Microsoft-Windows-WindowsUpdateClient/Operational","",""
"12/27/2025 10:44:41 PM","2025-12-27 21:44:41Z","Windows","Win 26 Microsoft-Windows-WindowsUpdateClient","Microsoft-Windows-WindowsUpdateClient/Operational","",""
"12/27/2025 10:44:41 PM","2025-12-27 21:44:41Z","Windows","Win 26 Microsoft-Windows-WindowsUpdateClient","Microsoft-Windows-WindowsUpdateClient/Operational","",""
"12/27/2025 10:44:41 PM","2025-12-27 21:44:41Z","Windows","Win 26 Microsoft-Windows-WindowsUpdateClient","Microsoft-Windows-WindowsUpdateClient/Operational","",""
"12/27/2025 10:44:41 PM","2025-12-27 21:44:41Z","Windows","Win 26 Microsoft-Windows-WindowsUpdateClient","Microsoft-Windows-WindowsUpdateClient/Operational","",""
"12/27/2025 10:44:41 PM","2025-12-27 21:44:41Z","Windows","Win 26 Microsoft-Windows-WindowsUpdateClient","Microsoft-Windows-WindowsUpdateClient/Operational","",""
"12/27/2025 10:44:41 PM","2025-12-27 21:44:41Z","Windows","Win 26 Microsoft-Windows-WindowsUpdateClient","Microsoft-Windows-WindowsUpdateClient/Operational","",""
"12/27/2025 10:44:47 PM","2025-12-27 21:44:47Z","Windows","Win 44 Microsoft-Windows-WindowsUpdateClient","System","",""
"12/27/2025 10:44:47 PM","2025-12-27 21:44:47Z","Windows","Win 44 Microsoft-Windows-WindowsUpdateClient","System","",""
"12/27/2025 10:44:47 PM","2025-12-27 21:44:47Z","Windows","Win 44 Microsoft-Windows-WindowsUpdateClient","System","",""
"12/27/2025 10:44:47 PM","2025-12-27 21:44:47Z","Windows","Win 44 Microsoft-Windows-WindowsUpdateClient","System","",""
"12/27/2025 10:44:47 PM","2025-12-27 21:44:47Z","Windows","Win 44 Microsoft-Windows-WindowsUpdateClient","System","",""
"12/27/2025 10:44:47 PM","2025-12-27 21:44:47Z","Windows","Win 44 Microsoft-Windows-WindowsUpdateClient","System","",""
"12/27/2025 10:44:47 PM","2025-12-27 21:44:47Z","Windows","Win 44 Microsoft-Windows-WindowsUpdateClient","System","",""
"12/27/2025 10:44:47 PM","2025-12-27 21:44:47Z","Windows","Win 44 Microsoft-Windows-WindowsUpdateClient","System","",""
"12/27/2025 10:44:47 PM","2025-12-27 21:44:47Z","Windows","Win 44 Microsoft-Windows-WindowsUpdateClient","System","",""
"12/27/2025 10:44:47 PM","2025-12-27 21:44:47Z","Windows","Win 44 Microsoft-Windows-WindowsUpdateClient","System","",""
"12/27/2025 10:44:47 PM","2025-12-27 21:44:47Z","Windows","Win 44 Microsoft-Windows-WindowsUpdateClient","System","",""
"12/27/2025 10:44:47 PM","2025-12-27 21:44:47Z","Windows","Win 44 Microsoft-Windows-WindowsUpdateClient","System","",""
"12/27/2025 10:44:50 PM","2025-12-27 21:44:50Z","Windows","Win 44 Microsoft-Windows-WindowsUpdateClient","System","",""
"12/27/2025 10:44:50 PM","2025-12-27 21:44:50Z","Windows","Win 44 Microsoft-Windows-WindowsUpdateClient","System","",""
"12/27/2025 10:44:50 PM","2025-12-27 21:44:50Z","Windows","Win 44 Microsoft-Windows-WindowsUpdateClient","System","",""
"12/27/2025 10:44:50 PM","2025-12-27 21:44:50Z","Windows","Anchor-41","Microsoft-Windows-WindowsUpdateClient/Operational","","41"
"12/27/2025 10:44:50 PM","2025-12-27 21:44:50Z","Windows","Anchor-41","Microsoft-Windows-WindowsUpdateClient/Operational","","41"
"12/27/2025 10:44:50 PM","2025-12-27 21:44:50Z","Windows","Anchor-41","Microsoft-Windows-WindowsUpdateClient/Operational","","41"
"12/27/2025 10:44:50 PM","2025-12-27 21:44:50Z","Windows","Anchor-41","Microsoft-Windows-WindowsUpdateClient/Operational","","41"
"12/27/2025 10:44:50 PM","2025-12-27 21:44:50Z","Windows","Anchor-41","Microsoft-Windows-WindowsUpdateClient/Operational","","41"
"12/27/2025 10:44:50 PM","2025-12-27 21:44:50Z","Windows","Anchor-41","Microsoft-Windows-WindowsUpdateClient/Operational","","41"
"12/27/2025 10:44:50 PM","2025-12-27 21:44:50Z","Windows","Win 43 Microsoft-Windows-WindowsUpdateClient","System","",""
"12/27/2025 10:44:50 PM","2025-12-27 21:44:50Z","Windows","Win 43 Microsoft-Windows-WindowsUpdateClient","System","",""
"12/27/2025 10:44:50 PM","2025-12-27 21:44:50Z","Windows","Win 43 Microsoft-Windows-WindowsUpdateClient","System","",""
"12/27/2025 10:44:50 PM","2025-12-27 21:44:50Z","Windows","Win 20 Microsoft-Windows-WindowsUpdateClient","System","",""
"12/27/2025 10:44:50 PM","2025-12-27 21:44:50Z","Windows","Win 20 Microsoft-Windows-WindowsUpdateClient","System","",""
"12/27/2025 10:44:50 PM","2025-12-27 21:44:50Z","Windows","Win 20 Microsoft-Windows-WindowsUpdateClient","System","",""
"12/27/2025 10:44:55 PM","2025-12-27 21:44:55Z","Windows","Anchor-41","Microsoft-Windows-WindowsUpdateClient/Operational","","41"
"12/27/2025 10:44:55 PM","2025-12-27 21:44:55Z","Windows","Anchor-41","Microsoft-Windows-WindowsUpdateClient/Operational","","41"
"12/27/2025 10:44:55 PM","2025-12-27 21:44:55Z","Windows","Anchor-41","Microsoft-Windows-WindowsUpdateClient/Operational","","41"
"12/29/2025 5:06:53 PM","2025-12-29 16:06:53Z","Windows","Win 26 Microsoft-Windows-WindowsUpdateClient","Microsoft-Windows-WindowsUpdateClient/Operational","",""
"12/29/2025 5:06:53 PM","2025-12-29 16:06:53Z","Windows","Win 26 Microsoft-Windows-WindowsUpdateClient","Microsoft-Windows-WindowsUpdateClient/Operational","",""
"12/29/2025 5:06:53 PM","2025-12-29 16:06:53Z","Windows","Win 26 Microsoft-Windows-WindowsUpdateClient","Microsoft-Windows-WindowsUpdateClient/Operational","",""
"12/29/2025 5:06:53 PM","2025-12-29 16:06:53Z","Windows","Win 26 Microsoft-Windows-WindowsUpdateClient","Microsoft-Windows-WindowsUpdateClient/Operational","",""
"12/29/2025 5:06:53 PM","2025-12-29 16:06:53Z","Windows","Win 26 Microsoft-Windows-WindowsUpdateClient","Microsoft-Windows-WindowsUpdateClient/Operational","",""
"12/29/2025 5:06:53 PM","2025-12-29 16:06:53Z","Windows","Win 26 Microsoft-Windows-WindowsUpdateClient","Microsoft-Windows-WindowsUpdateClient/Operational","",""
"12/29/2025 5:06:53 PM","2025-12-29 16:06:53Z","Windows","Win 26 Microsoft-Windows-WindowsUpdateClient","Microsoft-Windows-WindowsUpdateClient/Operational","",""
"12/29/2025 5:06:53 PM","2025-12-29 16:06:53Z","Windows","Win 26 Microsoft-Windows-WindowsUpdateClient","Microsoft-Windows-WindowsUpdateClient/Operational","",""
"12/29/2025 5:06:53 PM","2025-12-29 16:06:53Z","Windows","Win 26 Microsoft-Windows-WindowsUpdateClient","Microsoft-Windows-WindowsUpdateClient/Operational","",""
"12/29/2025 5:06:53 PM","2025-12-29 16:06:53Z","Windows","Win 26 Microsoft-Windows-WindowsUpdateClient","Microsoft-Windows-WindowsUpdateClient/Operational","",""
"12/29/2025 5:06:53 PM","2025-12-29 16:06:53Z","Windows","Win 26 Microsoft-Windows-WindowsUpdateClient","Microsoft-Windows-WindowsUpdateClient/Operational","",""
"12/29/2025 5:06:53 PM","2025-12-29 16:06:53Z","Windows","Win 26 Microsoft-Windows-WindowsUpdateClient","Microsoft-Windows-WindowsUpdateClient/Operational","",""
"12/29/2025 5:06:57 PM","2025-12-29 16:06:57Z","Windows","Win 44 Microsoft-Windows-WindowsUpdateClient","System","",""
"12/29/2025 5:06:57 PM","2025-12-29 16:06:57Z","Windows","Win 44 Microsoft-Windows-WindowsUpdateClient","System","",""
"12/29/2025 5:06:57 PM","2025-12-29 16:06:57Z","Windows","Win 44 Microsoft-Windows-WindowsUpdateClient","System","",""
"12/29/2025 5:06:57 PM","2025-12-29 16:06:57Z","Windows","Win 44 Microsoft-Windows-WindowsUpdateClient","System","",""
"12/29/2025 5:06:57 PM","2025-12-29 16:06:57Z","Windows","Win 44 Microsoft-Windows-WindowsUpdateClient","System","",""
"12/29/2025 5:06:57 PM","2025-12-29 16:06:57Z","Windows","Win 44 Microsoft-Windows-WindowsUpdateClient","System","",""
"12/29/2025 5:06:57 PM","2025-12-29 16:06:57Z","Windows","Win 44 Microsoft-Windows-WindowsUpdateClient","System","",""
"12/29/2025 5:06:57 PM","2025-12-29 16:06:57Z","Windows","Win 44 Microsoft-Windows-WindowsUpdateClient","System","",""
"12/29/2025 5:06:57 PM","2025-12-29 16:06:57Z","Windows","Win 44 Microsoft-Windows-WindowsUpdateClient","System","",""
"12/29/2025 5:06:57 PM","2025-12-29 16:06:57Z","Windows","Win 44 Microsoft-Windows-WindowsUpdateClient","System","",""
"12/29/2025 5:06:57 PM","2025-12-29 16:06:57Z","Windows","Win 44 Microsoft-Windows-WindowsUpdateClient","System","",""
"12/29/2025 5:06:57 PM","2025-12-29 16:06:57Z","Windows","Win 44 Microsoft-Windows-WindowsUpdateClient","System","",""
"12/29/2025 5:06:57 PM","2025-12-29 16:06:57Z","Windows","Win 44 Microsoft-Windows-WindowsUpdateClient","System","",""
"12/29/2025 5:06:57 PM","2025-12-29 16:06:57Z","Windows","Win 44 Microsoft-Windows-WindowsUpdateClient","System","",""
"12/29/2025 5:06:57 PM","2025-12-29 16:06:57Z","Windows","Win 44 Microsoft-Windows-WindowsUpdateClient","System","",""
"12/29/2025 5:07:00 PM","2025-12-29 16:07:00Z","Windows","Win 44 Microsoft-Windows-WindowsUpdateClient","System","",""
"12/29/2025 5:07:00 PM","2025-12-29 16:07:00Z","Windows","Win 44 Microsoft-Windows-WindowsUpdateClient","System","",""
"12/29/2025 5:07:00 PM","2025-12-29 16:07:00Z","Windows","Win 44 Microsoft-Windows-WindowsUpdateClient","System","",""
"12/29/2025 5:07:00 PM","2025-12-29 16:07:00Z","Windows","Win 44 Microsoft-Windows-WindowsUpdateClient","System","",""
"12/29/2025 5:07:00 PM","2025-12-29 16:07:00Z","Windows","Win 44 Microsoft-Windows-WindowsUpdateClient","System","",""
"12/29/2025 5:07:00 PM","2025-12-29 16:07:00Z","Windows","Win 44 Microsoft-Windows-WindowsUpdateClient","System","",""
"12/29/2025 5:07:00 PM","2025-12-29 16:07:00Z","Windows","Anchor-41","Microsoft-Windows-WindowsUpdateClient/Operational","","41"
"12/29/2025 5:07:00 PM","2025-12-29 16:07:00Z","Windows","Anchor-41","Microsoft-Windows-WindowsUpdateClient/Operational","","41"
"12/29/2025 5:07:00 PM","2025-12-29 16:07:00Z","Windows","Anchor-41","Microsoft-Windows-WindowsUpdateClient/Operational","","41"
"12/29/2025 5:07:00 PM","2025-12-29 16:07:00Z","Windows","Anchor-41","Microsoft-Windows-WindowsUpdateClient/Operational","","41"
"12/29/2025 5:07:00 PM","2025-12-29 16:07:00Z","Windows","Anchor-41","Microsoft-Windows-WindowsUpdateClient/Operational","","41"
"12/29/2025 5:07:00 PM","2025-12-29 16:07:00Z","Windows","Anchor-41","Microsoft-Windows-WindowsUpdateClient/Operational","","41"
"12/29/2025 5:07:00 PM","2025-12-29 16:07:00Z","Windows","Win 43 Microsoft-Windows-WindowsUpdateClient","System","",""
"12/29/2025 5:07:00 PM","2025-12-29 16:07:00Z","Windows","Win 43 Microsoft-Windows-WindowsUpdateClient","System","",""
"12/29/2025 5:07:00 PM","2025-12-29 16:07:00Z","Windows","Win 43 Microsoft-Windows-WindowsUpdateClient","System","",""
"12/29/2025 5:07:00 PM","2025-12-29 16:07:00Z","Windows","Win 7040 Service Control Manager","System","",""
"12/29/2025 5:07:00 PM","2025-12-29 16:07:00Z","Windows","Win 7040 Service Control Manager","System","",""
"12/29/2025 5:07:00 PM","2025-12-29 16:07:00Z","Windows","Win 7040 Service Control Manager","System","",""
"12/29/2025 5:07:00 PM","2025-12-29 16:07:00Z","Windows","Win 0 Intel Graphics Software Service","Application","",""
"12/29/2025 5:07:00 PM","2025-12-29 16:07:00Z","Windows","Win 0 Intel Graphics Software Service","Application","",""
"12/29/2025 5:07:00 PM","2025-12-29 16:07:00Z","Windows","Win 0 Intel Graphics Software Service","Application","",""
"12/29/2025 5:07:00 PM","2025-12-29 16:07:00Z","Windows","Win 7045 Service Control Manager","System","",""
"12/29/2025 5:07:00 PM","2025-12-29 16:07:00Z","Windows","Win 7045 Service Control Manager","System","",""
"12/29/2025 5:07:00 PM","2025-12-29 16:07:00Z","Windows","Win 7045 Service Control Manager","System","",""
"12/29/2025 5:07:01 PM","2025-12-29 16:07:01Z","Windows","Win 0 Intel Graphics Software Service","Application","",""
"12/29/2025 5:07:01 PM","2025-12-29 16:07:01Z","Windows","Win 0 Intel Graphics Software Service","Application","",""
"12/29/2025 5:07:01 PM","2025-12-29 16:07:01Z","Windows","Win 0 Intel Graphics Software Service","Application","",""
"12/29/2025 5:07:01 PM","2025-12-29 16:07:01Z","Windows","Win 19 Microsoft-Windows-WindowsUpdateClient","System","",""
"12/29/2025 5:07:01 PM","2025-12-29 16:07:01Z","Windows","Win 19 Microsoft-Windows-WindowsUpdateClient","System","",""
"12/29/2025 5:07:01 PM","2025-12-29 16:07:01Z","Windows","Win 19 Microsoft-Windows-WindowsUpdateClient","System","",""
"12/29/2025 5:07:01 PM","2025-12-29 16:07:01Z","Windows","Anchor-41","Microsoft-Windows-WindowsUpdateClient/Operational","","41"
"12/29/2025 5:07:01 PM","2025-12-29 16:07:01Z","Windows","Anchor-41","Microsoft-Windows-WindowsUpdateClient/Operational","","41"
"12/29/2025 5:07:01 PM","2025-12-29 16:07:01Z","Windows","Anchor-41","Microsoft-Windows-WindowsUpdateClient/Operational","","41"
"12/31/2025 4:29:07 AM","2025-12-31 03:29:07Z","Windows","Win 26 Microsoft-Windows-WindowsUpdateClient","Microsoft-Windows-WindowsUpdateClient/Operational","",""
"12/31/2025 4:29:07 AM","2025-12-31 03:29:07Z","Windows","Win 26 Microsoft-Windows-WindowsUpdateClient","Microsoft-Windows-WindowsUpdateClient/Operational","",""
"12/31/2025 4:29:07 AM","2025-12-31 03:29:07Z","Windows","Win 26 Microsoft-Windows-WindowsUpdateClient","Microsoft-Windows-WindowsUpdateClient/Operational","",""
"12/31/2025 4:29:07 AM","2025-12-31 03:29:07Z","Windows","Win 26 Microsoft-Windows-WindowsUpdateClient","Microsoft-Windows-WindowsUpdateClient/Operational","",""
"12/31/2025 4:29:07 AM","2025-12-31 03:29:07Z","Windows","Win 26 Microsoft-Windows-WindowsUpdateClient","Microsoft-Windows-WindowsUpdateClient/Operational","",""
"12/31/2025 4:29:07 AM","2025-12-31 03:29:07Z","Windows","Win 26 Microsoft-Windows-WindowsUpdateClient","Microsoft-Windows-WindowsUpdateClient/Operational","",""
"12/31/2025 4:29:07 AM","2025-12-31 03:29:07Z","Windows","Win 26 Microsoft-Windows-WindowsUpdateClient","Microsoft-Windows-WindowsUpdateClient/Operational","",""
"12/31/2025 4:29:07 AM","2025-12-31 03:29:07Z","Windows","Win 26 Microsoft-Windows-WindowsUpdateClient","Microsoft-Windows-WindowsUpdateClient/Operational","",""
"12/31/2025 4:29:07 AM","2025-12-31 03:29:07Z","Windows","Win 26 Microsoft-Windows-WindowsUpdateClient","Microsoft-Windows-WindowsUpdateClient/Operational","",""
"12/31/2025 4:29:07 AM","2025-12-31 03:29:07Z","Windows","Win 26 Microsoft-Windows-WindowsUpdateClient","Microsoft-Windows-WindowsUpdateClient/Operational","",""
"12/31/2025 4:29:07 AM","2025-12-31 03:29:07Z","Windows","Win 26 Microsoft-Windows-WindowsUpdateClient","Microsoft-Windows-WindowsUpdateClient/Operational","",""
"12/31/2025 4:29:07 AM","2025-12-31 03:29:07Z","Windows","Win 26 Microsoft-Windows-WindowsUpdateClient","Microsoft-Windows-WindowsUpdateClient/Operational","",""
"12/31/2025 4:29:07 AM","2025-12-31 03:29:07Z","Windows","Win 44 Microsoft-Windows-WindowsUpdateClient","System","",""
"12/31/2025 4:29:07 AM","2025-12-31 03:29:07Z","Windows","Win 44 Microsoft-Windows-WindowsUpdateClient","System","",""
"12/31/2025 4:29:07 AM","2025-12-31 03:29:07Z","Windows","Win 44 Microsoft-Windows-WindowsUpdateClient","System","",""
"12/31/2025 4:29:07 AM","2025-12-31 03:29:07Z","Windows","Win 44 Microsoft-Windows-WindowsUpdateClient","System","",""
"12/31/2025 4:29:07 AM","2025-12-31 03:29:07Z","Windows","Win 44 Microsoft-Windows-WindowsUpdateClient","System","",""
"12/31/2025 4:29:07 AM","2025-12-31 03:29:07Z","Windows","Win 44 Microsoft-Windows-WindowsUpdateClient","System","",""
"12/31/2025 4:29:07 AM","2025-12-31 03:29:07Z","Windows","Win 44 Microsoft-Windows-WindowsUpdateClient","System","",""
"12/31/2025 4:29:07 AM","2025-12-31 03:29:07Z","Windows","Win 44 Microsoft-Windows-WindowsUpdateClient","System","",""
"12/31/2025 4:29:07 AM","2025-12-31 03:29:07Z","Windows","Win 44 Microsoft-Windows-WindowsUpdateClient","System","",""
"12/31/2025 4:29:07 AM","2025-12-31 03:29:07Z","Windows","Win 44 Microsoft-Windows-WindowsUpdateClient","System","",""
"12/31/2025 4:29:07 AM","2025-12-31 03:29:07Z","Windows","Win 44 Microsoft-Windows-WindowsUpdateClient","System","",""
"12/31/2025 4:29:07 AM","2025-12-31 03:29:07Z","Windows","Win 44 Microsoft-Windows-WindowsUpdateClient","System","",""
"12/31/2025 4:29:07 AM","2025-12-31 03:29:07Z","Windows","Win 44 Microsoft-Windows-WindowsUpdateClient","System","",""
"12/31/2025 4:29:07 AM","2025-12-31 03:29:07Z","Windows","Win 44 Microsoft-Windows-WindowsUpdateClient","System","",""
"12/31/2025 4:29:07 AM","2025-12-31 03:29:07Z","Windows","Win 44 Microsoft-Windows-WindowsUpdateClient","System","",""
"12/31/2025 4:29:10 AM","2025-12-31 03:29:10Z","Windows","Anchor-41","Microsoft-Windows-WindowsUpdateClient/Operational","","41"
"12/31/2025 4:29:10 AM","2025-12-31 03:29:10Z","Windows","Anchor-41","Microsoft-Windows-WindowsUpdateClient/Operational","","41"
"12/31/2025 4:29:10 AM","2025-12-31 03:29:10Z","Windows","Anchor-41","Microsoft-Windows-WindowsUpdateClient/Operational","","41"
"12/31/2025 4:29:10 AM","2025-12-31 03:29:10Z","Windows","Anchor-41","Microsoft-Windows-WindowsUpdateClient/Operational","","41"
"12/31/2025 4:29:10 AM","2025-12-31 03:29:10Z","Windows","Anchor-41","Microsoft-Windows-WindowsUpdateClient/Operational","","41"
"12/31/2025 4:29:10 AM","2025-12-31 03:29:10Z","Windows","Anchor-41","Microsoft-Windows-WindowsUpdateClient/Operational","","41"
"12/31/2025 4:29:10 AM","2025-12-31 03:29:10Z","Windows","Anchor-41","Microsoft-Windows-WindowsUpdateClient/Operational","","41"
"12/31/2025 4:29:10 AM","2025-12-31 03:29:10Z","Windows","Anchor-41","Microsoft-Windows-WindowsUpdateClient/Operational","","41"
"12/31/2025 4:29:10 AM","2025-12-31 03:29:10Z","Windows","Anchor-41","Microsoft-Windows-WindowsUpdateClient/Operational","","41"
"12/31/2025 4:29:10 AM","2025-12-31 03:29:10Z","Windows","Win 43 Microsoft-Windows-WindowsUpdateClient","System","",""
"12/31/2025 4:29:10 AM","2025-12-31 03:29:10Z","Windows","Win 43 Microsoft-Windows-WindowsUpdateClient","System","",""
"12/31/2025 4:29:10 AM","2025-12-31 03:29:10Z","Windows","Win 43 Microsoft-Windows-WindowsUpdateClient","System","",""
"12/31/2025 4:29:11 AM","2025-12-31 03:29:11Z","Windows","Win 20 Microsoft-Windows-WindowsUpdateClient","System","",""
"12/31/2025 4:29:11 AM","2025-12-31 03:29:11Z","Windows","Win 20 Microsoft-Windows-WindowsUpdateClient","System","",""
"12/31/2025 4:29:11 AM","2025-12-31 03:29:11Z","Windows","Win 20 Microsoft-Windows-WindowsUpdateClient","System","",""
"1/1/2026 10:05:53 AM","2026-01-01 09:05:53Z","Windows","Win 26 Microsoft-Windows-WindowsUpdateClient","Microsoft-Windows-WindowsUpdateClient/Operational","",""
"1/1/2026 10:05:53 AM","2026-01-01 09:05:53Z","Windows","Win 26 Microsoft-Windows-WindowsUpdateClient","Microsoft-Windows-WindowsUpdateClient/Operational","",""
"1/1/2026 10:05:53 AM","2026-01-01 09:05:53Z","Windows","Win 26 Microsoft-Windows-WindowsUpdateClient","Microsoft-Windows-WindowsUpdateClient/Operational","",""
"1/1/2026 10:05:53 AM","2026-01-01 09:05:53Z","Windows","Win 26 Microsoft-Windows-WindowsUpdateClient","Microsoft-Windows-WindowsUpdateClient/Operational","",""
"1/1/2026 10:05:53 AM","2026-01-01 09:05:53Z","Windows","Win 26 Microsoft-Windows-WindowsUpdateClient","Microsoft-Windows-WindowsUpdateClient/Operational","",""
"1/1/2026 10:05:53 AM","2026-01-01 09:05:53Z","Windows","Win 26 Microsoft-Windows-WindowsUpdateClient","Microsoft-Windows-WindowsUpdateClient/Operational","",""
"1/1/2026 10:05:53 AM","2026-01-01 09:05:53Z","Windows","Win 26 Microsoft-Windows-WindowsUpdateClient","Microsoft-Windows-WindowsUpdateClient/Operational","",""
"1/1/2026 10:05:53 AM","2026-01-01 09:05:53Z","Windows","Win 26 Microsoft-Windows-WindowsUpdateClient","Microsoft-Windows-WindowsUpdateClient/Operational","",""
"1/1/2026 10:05:53 AM","2026-01-01 09:05:53Z","Windows","Win 26 Microsoft-Windows-WindowsUpdateClient","Microsoft-Windows-WindowsUpdateClient/Operational","",""
"1/1/2026 10:05:53 AM","2026-01-01 09:05:53Z","Windows","Win 26 Microsoft-Windows-WindowsUpdateClient","Microsoft-Windows-WindowsUpdateClient/Operational","",""
"1/1/2026 10:05:53 AM","2026-01-01 09:05:53Z","Windows","Win 26 Microsoft-Windows-WindowsUpdateClient","Microsoft-Windows-WindowsUpdateClient/Operational","",""
"1/1/2026 10:05:53 AM","2026-01-01 09:05:53Z","Windows","Win 26 Microsoft-Windows-WindowsUpdateClient","Microsoft-Windows-WindowsUpdateClient/Operational","",""
"1/1/2026 10:05:53 AM","2026-01-01 09:05:53Z","Windows","Win 44 Microsoft-Windows-WindowsUpdateClient","System","",""
"1/1/2026 10:05:53 AM","2026-01-01 09:05:53Z","Windows","Win 44 Microsoft-Windows-WindowsUpdateClient","System","",""
"1/1/2026 10:05:53 AM","2026-01-01 09:05:53Z","Windows","Win 44 Microsoft-Windows-WindowsUpdateClient","System","",""
"1/1/2026 10:05:53 AM","2026-01-01 09:05:53Z","Windows","Win 44 Microsoft-Windows-WindowsUpdateClient","System","",""
"1/1/2026 10:05:53 AM","2026-01-01 09:05:53Z","Windows","Win 44 Microsoft-Windows-WindowsUpdateClient","System","",""
"1/1/2026 10:05:53 AM","2026-01-01 09:05:53Z","Windows","Win 44 Microsoft-Windows-WindowsUpdateClient","System","",""
"1/1/2026 10:05:53 AM","2026-01-01 09:05:53Z","Windows","Win 44 Microsoft-Windows-WindowsUpdateClient","System","",""
"1/1/2026 10:05:53 AM","2026-01-01 09:05:53Z","Windows","Win 44 Microsoft-Windows-WindowsUpdateClient","System","",""
"1/1/2026 10:05:53 AM","2026-01-01 09:05:53Z","Windows","Win 44 Microsoft-Windows-WindowsUpdateClient","System","",""
"1/1/2026 10:05:53 AM","2026-01-01 09:05:53Z","Windows","Win 44 Microsoft-Windows-WindowsUpdateClient","System","",""
"1/1/2026 10:05:53 AM","2026-01-01 09:05:53Z","Windows","Win 44 Microsoft-Windows-WindowsUpdateClient","System","",""
"1/1/2026 10:05:53 AM","2026-01-01 09:05:53Z","Windows","Win 44 Microsoft-Windows-WindowsUpdateClient","System","",""
"1/1/2026 10:05:54 AM","2026-01-01 09:05:54Z","Windows","Win 44 Microsoft-Windows-WindowsUpdateClient","System","",""
"1/1/2026 10:05:54 AM","2026-01-01 09:05:54Z","Windows","Win 44 Microsoft-Windows-WindowsUpdateClient","System","",""
"1/1/2026 10:05:54 AM","2026-01-01 09:05:54Z","Windows","Win 44 Microsoft-Windows-WindowsUpdateClient","System","",""
"1/1/2026 10:05:54 AM","2026-01-01 09:05:54Z","Windows","Anchor-41","Microsoft-Windows-WindowsUpdateClient/Operational","","41"
"1/1/2026 10:05:54 AM","2026-01-01 09:05:54Z","Windows","Anchor-41","Microsoft-Windows-WindowsUpdateClient/Operational","","41"
"1/1/2026 10:05:54 AM","2026-01-01 09:05:54Z","Windows","Anchor-41","Microsoft-Windows-WindowsUpdateClient/Operational","","41"
"1/1/2026 10:05:54 AM","2026-01-01 09:05:54Z","Windows","Win 43 Microsoft-Windows-WindowsUpdateClient","System","",""
"1/1/2026 10:05:54 AM","2026-01-01 09:05:54Z","Windows","Win 43 Microsoft-Windows-WindowsUpdateClient","System","",""
"1/1/2026 10:05:54 AM","2026-01-01 09:05:54Z","Windows","Win 43 Microsoft-Windows-WindowsUpdateClient","System","",""
"1/1/2026 10:05:54 AM","2026-01-01 09:05:54Z","Windows","Win 20 Microsoft-Windows-WindowsUpdateClient","System","",""
"1/1/2026 10:05:54 AM","2026-01-01 09:05:54Z","Windows","Win 20 Microsoft-Windows-WindowsUpdateClient","System","",""
"1/1/2026 10:05:54 AM","2026-01-01 09:05:54Z","Windows","Win 20 Microsoft-Windows-WindowsUpdateClient","System","",""
"1/1/2026 10:05:55 AM","2026-01-01 09:05:55Z","Windows","Anchor-41","Microsoft-Windows-WindowsUpdateClient/Operational","","41"
"1/1/2026 10:05:55 AM","2026-01-01 09:05:55Z","Windows","Anchor-41","Microsoft-Windows-WindowsUpdateClient/Operational","","41"
"1/1/2026 10:05:55 AM","2026-01-01 09:05:55Z","Windows","Anchor-41","Microsoft-Windows-WindowsUpdateClient/Operational","","41"
"1/1/2026 10:06:00 AM","2026-01-01 09:06:00Z","Windows","Anchor-41","Microsoft-Windows-WindowsUpdateClient/Operational","","41"
"1/1/2026 10:06:00 AM","2026-01-01 09:06:00Z","Windows","Anchor-41","Microsoft-Windows-WindowsUpdateClient/Operational","","41"
"1/1/2026 10:06:00 AM","2026-01-01 09:06:00Z","Windows","Anchor-41","Microsoft-Windows-WindowsUpdateClient/Operational","","41"
"1/3/2026 8:23:13 PM","2026-01-03 19:23:13Z","Windows","Win 26 Microsoft-Windows-WindowsUpdateClient","Microsoft-Windows-WindowsUpdateClient/Operational","",""
"1/3/2026 8:23:13 PM","2026-01-03 19:23:13Z","Windows","Win 26 Microsoft-Windows-WindowsUpdateClient","Microsoft-Windows-WindowsUpdateClient/Operational","",""
"1/3/2026 8:23:13 PM","2026-01-03 19:23:13Z","Windows","Win 26 Microsoft-Windows-WindowsUpdateClient","Microsoft-Windows-WindowsUpdateClient/Operational","",""
"1/3/2026 8:23:13 PM","2026-01-03 19:23:13Z","Windows","Win 26 Microsoft-Windows-WindowsUpdateClient","Microsoft-Windows-WindowsUpdateClient/Operational","",""
"1/3/2026 8:23:13 PM","2026-01-03 19:23:13Z","Windows","Win 26 Microsoft-Windows-WindowsUpdateClient","Microsoft-Windows-WindowsUpdateClient/Operational","",""
"1/3/2026 8:23:13 PM","2026-01-03 19:23:13Z","Windows","Win 26 Microsoft-Windows-WindowsUpdateClient","Microsoft-Windows-WindowsUpdateClient/Operational","",""
"1/3/2026 8:23:13 PM","2026-01-03 19:23:13Z","Windows","Win 26 Microsoft-Windows-WindowsUpdateClient","Microsoft-Windows-WindowsUpdateClient/Operational","",""
"1/3/2026 8:23:13 PM","2026-01-03 19:23:13Z","Windows","Win 26 Microsoft-Windows-WindowsUpdateClient","Microsoft-Windows-WindowsUpdateClient/Operational","",""
"1/3/2026 8:23:13 PM","2026-01-03 19:23:13Z","Windows","Win 26 Microsoft-Windows-WindowsUpdateClient","Microsoft-Windows-WindowsUpdateClient/Operational","",""
"1/3/2026 8:23:13 PM","2026-01-03 19:23:13Z","Windows","Win 26 Microsoft-Windows-WindowsUpdateClient","Microsoft-Windows-WindowsUpdateClient/Operational","",""
"1/3/2026 8:23:13 PM","2026-01-03 19:23:13Z","Windows","Win 26 Microsoft-Windows-WindowsUpdateClient","Microsoft-Windows-WindowsUpdateClient/Operational","",""
"1/3/2026 8:23:13 PM","2026-01-03 19:23:13Z","Windows","Win 26 Microsoft-Windows-WindowsUpdateClient","Microsoft-Windows-WindowsUpdateClient/Operational","",""
"1/3/2026 8:23:19 PM","2026-01-03 19:23:19Z","Windows","Win 44 Microsoft-Windows-WindowsUpdateClient","System","",""
"1/3/2026 8:23:19 PM","2026-01-03 19:23:19Z","Windows","Win 44 Microsoft-Windows-WindowsUpdateClient","System","",""
"1/3/2026 8:23:19 PM","2026-01-03 19:23:19Z","Windows","Win 44 Microsoft-Windows-WindowsUpdateClient","System","",""
"1/3/2026 8:23:19 PM","2026-01-03 19:23:19Z","Windows","Win 44 Microsoft-Windows-WindowsUpdateClient","System","",""
"1/3/2026 8:23:19 PM","2026-01-03 19:23:19Z","Windows","Win 44 Microsoft-Windows-WindowsUpdateClient","System","",""
"1/3/2026 8:23:19 PM","2026-01-03 19:23:19Z","Windows","Win 44 Microsoft-Windows-WindowsUpdateClient","System","",""
"1/3/2026 8:23:19 PM","2026-01-03 19:23:19Z","Windows","Win 44 Microsoft-Windows-WindowsUpdateClient","System","",""
"1/3/2026 8:23:19 PM","2026-01-03 19:23:19Z","Windows","Win 44 Microsoft-Windows-WindowsUpdateClient","System","",""
"1/3/2026 8:23:19 PM","2026-01-03 19:23:19Z","Windows","Win 44 Microsoft-Windows-WindowsUpdateClient","System","",""
"1/3/2026 8:23:19 PM","2026-01-03 19:23:19Z","Windows","Win 44 Microsoft-Windows-WindowsUpdateClient","System","",""
"1/3/2026 8:23:19 PM","2026-01-03 19:23:19Z","Windows","Win 44 Microsoft-Windows-WindowsUpdateClient","System","",""
"1/3/2026 8:23:19 PM","2026-01-03 19:23:19Z","Windows","Win 44 Microsoft-Windows-WindowsUpdateClient","System","",""
"1/3/2026 8:23:19 PM","2026-01-03 19:23:19Z","Windows","Win 44 Microsoft-Windows-WindowsUpdateClient","System","",""
"1/3/2026 8:23:19 PM","2026-01-03 19:23:19Z","Windows","Win 44 Microsoft-Windows-WindowsUpdateClient","System","",""
"1/3/2026 8:23:19 PM","2026-01-03 19:23:19Z","Windows","Win 44 Microsoft-Windows-WindowsUpdateClient","System","",""
"1/3/2026 8:23:19 PM","2026-01-03 19:23:19Z","Windows","Anchor-41","Microsoft-Windows-WindowsUpdateClient/Operational","","41"
"1/3/2026 8:23:19 PM","2026-01-03 19:23:19Z","Windows","Anchor-41","Microsoft-Windows-WindowsUpdateClient/Operational","","41"
"1/3/2026 8:23:19 PM","2026-01-03 19:23:19Z","Windows","Anchor-41","Microsoft-Windows-WindowsUpdateClient/Operational","","41"
"1/3/2026 8:23:19 PM","2026-01-03 19:23:19Z","Windows","Win 44 Microsoft-Windows-WindowsUpdateClient","System","",""
"1/3/2026 8:23:19 PM","2026-01-03 19:23:19Z","Windows","Win 44 Microsoft-Windows-WindowsUpdateClient","System","",""
"1/3/2026 8:23:19 PM","2026-01-03 19:23:19Z","Windows","Win 44 Microsoft-Windows-WindowsUpdateClient","System","",""
"1/3/2026 8:23:19 PM","2026-01-03 19:23:19Z","Windows","Win 44 Microsoft-Windows-WindowsUpdateClient","System","",""
"1/3/2026 8:23:19 PM","2026-01-03 19:23:19Z","Windows","Win 44 Microsoft-Windows-WindowsUpdateClient","System","",""
"1/3/2026 8:23:19 PM","2026-01-03 19:23:19Z","Windows","Win 44 Microsoft-Windows-WindowsUpdateClient","System","",""
"1/3/2026 8:23:19 PM","2026-01-03 19:23:19Z","Windows","Win 43 Microsoft-Windows-WindowsUpdateClient","System","",""
"1/3/2026 8:23:19 PM","2026-01-03 19:23:19Z","Windows","Win 43 Microsoft-Windows-WindowsUpdateClient","System","",""
"1/3/2026 8:23:19 PM","2026-01-03 19:23:19Z","Windows","Win 43 Microsoft-Windows-WindowsUpdateClient","System","",""
"1/3/2026 8:23:19 PM","2026-01-03 19:23:19Z","Windows","Win 20 Microsoft-Windows-WindowsUpdateClient","System","",""
"1/3/2026 8:23:19 PM","2026-01-03 19:23:19Z","Windows","Win 20 Microsoft-Windows-WindowsUpdateClient","System","",""
"1/3/2026 8:23:19 PM","2026-01-03 19:23:19Z","Windows","Win 20 Microsoft-Windows-WindowsUpdateClient","System","",""
"1/3/2026 8:23:25 PM","2026-01-03 19:23:25Z","Windows","Anchor-41","Microsoft-Windows-WindowsUpdateClient/Operational","","41"
"1/3/2026 8:23:25 PM","2026-01-03 19:23:25Z","Windows","Anchor-41","Microsoft-Windows-WindowsUpdateClient/Operational","","41"
"1/3/2026 8:23:25 PM","2026-01-03 19:23:25Z","Windows","Anchor-41","Microsoft-Windows-WindowsUpdateClient/Operational","","41"
"1/3/2026 8:23:25 PM","2026-01-03 19:23:25Z","Windows","Anchor-41","Microsoft-Windows-WindowsUpdateClient/Operational","","41"
"1/3/2026 8:23:25 PM","2026-01-03 19:23:25Z","Windows","Anchor-41","Microsoft-Windows-WindowsUpdateClient/Operational","","41"
"1/3/2026 8:23:25 PM","2026-01-03 19:23:25Z","Windows","Anchor-41","Microsoft-Windows-WindowsUpdateClient/Operational","","41"
"1/5/2026 7:23:39 AM","2026-01-05 06:23:39Z","Windows","Win 26 Microsoft-Windows-WindowsUpdateClient","Microsoft-Windows-WindowsUpdateClient/Operational","",""
"1/5/2026 7:23:39 AM","2026-01-05 06:23:39Z","Windows","Win 26 Microsoft-Windows-WindowsUpdateClient","Microsoft-Windows-WindowsUpdateClient/Operational","",""
"1/5/2026 7:23:39 AM","2026-01-05 06:23:39Z","Windows","Win 26 Microsoft-Windows-WindowsUpdateClient","Microsoft-Windows-WindowsUpdateClient/Operational","",""
"1/5/2026 7:23:39 AM","2026-01-05 06:23:39Z","Windows","Win 26 Microsoft-Windows-WindowsUpdateClient","Microsoft-Windows-WindowsUpdateClient/Operational","",""
"1/5/2026 7:23:39 AM","2026-01-05 06:23:39Z","Windows","Win 26 Microsoft-Windows-WindowsUpdateClient","Microsoft-Windows-WindowsUpdateClient/Operational","",""
"1/5/2026 7:23:39 AM","2026-01-05 06:23:39Z","Windows","Win 26 Microsoft-Windows-WindowsUpdateClient","Microsoft-Windows-WindowsUpdateClient/Operational","",""
"1/5/2026 7:23:39 AM","2026-01-05 06:23:39Z","Windows","Win 26 Microsoft-Windows-WindowsUpdateClient","Microsoft-Windows-WindowsUpdateClient/Operational","",""
"1/5/2026 7:23:39 AM","2026-01-05 06:23:39Z","Windows","Win 26 Microsoft-Windows-WindowsUpdateClient","Microsoft-Windows-WindowsUpdateClient/Operational","",""
"1/5/2026 7:23:39 AM","2026-01-05 06:23:39Z","Windows","Win 26 Microsoft-Windows-WindowsUpdateClient","Microsoft-Windows-WindowsUpdateClient/Operational","",""
"1/5/2026 7:23:39 AM","2026-01-05 06:23:39Z","Windows","Win 26 Microsoft-Windows-WindowsUpdateClient","Microsoft-Windows-WindowsUpdateClient/Operational","",""
"1/5/2026 7:23:39 AM","2026-01-05 06:23:39Z","Windows","Win 26 Microsoft-Windows-WindowsUpdateClient","Microsoft-Windows-WindowsUpdateClient/Operational","",""
"1/5/2026 7:23:39 AM","2026-01-05 06:23:39Z","Windows","Win 26 Microsoft-Windows-WindowsUpdateClient","Microsoft-Windows-WindowsUpdateClient/Operational","",""
"1/5/2026 7:23:41 AM","2026-01-05 06:23:41Z","Windows","Win 44 Microsoft-Windows-WindowsUpdateClient","System","",""
"1/5/2026 7:23:41 AM","2026-01-05 06:23:41Z","Windows","Win 44 Microsoft-Windows-WindowsUpdateClient","System","",""
"1/5/2026 7:23:41 AM","2026-01-05 06:23:41Z","Windows","Win 44 Microsoft-Windows-WindowsUpdateClient","System","",""
"1/5/2026 7:23:41 AM","2026-01-05 06:23:41Z","Windows","Win 44 Microsoft-Windows-WindowsUpdateClient","System","",""
"1/5/2026 7:23:41 AM","2026-01-05 06:23:41Z","Windows","Win 44 Microsoft-Windows-WindowsUpdateClient","System","",""
"1/5/2026 7:23:41 AM","2026-01-05 06:23:41Z","Windows","Win 44 Microsoft-Windows-WindowsUpdateClient","System","",""
"1/5/2026 7:23:41 AM","2026-01-05 06:23:41Z","Windows","Win 44 Microsoft-Windows-WindowsUpdateClient","System","",""
"1/5/2026 7:23:41 AM","2026-01-05 06:23:41Z","Windows","Win 44 Microsoft-Windows-WindowsUpdateClient","System","",""
"1/5/2026 7:23:41 AM","2026-01-05 06:23:41Z","Windows","Win 44 Microsoft-Windows-WindowsUpdateClient","System","",""
"1/5/2026 7:23:41 AM","2026-01-05 06:23:41Z","Windows","Win 44 Microsoft-Windows-WindowsUpdateClient","System","",""
"1/5/2026 7:23:41 AM","2026-01-05 06:23:41Z","Windows","Win 44 Microsoft-Windows-WindowsUpdateClient","System","",""
"1/5/2026 7:23:41 AM","2026-01-05 06:23:41Z","Windows","Win 44 Microsoft-Windows-WindowsUpdateClient","System","",""
"1/5/2026 7:23:41 AM","2026-01-05 06:23:41Z","Windows","Win 44 Microsoft-Windows-WindowsUpdateClient","System","",""
"1/5/2026 7:23:41 AM","2026-01-05 06:23:41Z","Windows","Win 44 Microsoft-Windows-WindowsUpdateClient","System","",""
"1/5/2026 7:23:41 AM","2026-01-05 06:23:41Z","Windows","Win 44 Microsoft-Windows-WindowsUpdateClient","System","",""
"1/5/2026 7:23:44 AM","2026-01-05 06:23:44Z","Windows","Win 44 Microsoft-Windows-WindowsUpdateClient","System","",""
"1/5/2026 7:23:44 AM","2026-01-05 06:23:44Z","Windows","Win 44 Microsoft-Windows-WindowsUpdateClient","System","",""
"1/5/2026 7:23:44 AM","2026-01-05 06:23:44Z","Windows","Win 44 Microsoft-Windows-WindowsUpdateClient","System","",""
"1/5/2026 7:23:44 AM","2026-01-05 06:23:44Z","Windows","Win 44 Microsoft-Windows-WindowsUpdateClient","System","",""
"1/5/2026 7:23:44 AM","2026-01-05 06:23:44Z","Windows","Win 44 Microsoft-Windows-WindowsUpdateClient","System","",""
"1/5/2026 7:23:44 AM","2026-01-05 06:23:44Z","Windows","Win 44 Microsoft-Windows-WindowsUpdateClient","System","",""
"1/5/2026 7:23:44 AM","2026-01-05 06:23:44Z","Windows","Anchor-41","Microsoft-Windows-WindowsUpdateClient/Operational","","41"
"1/5/2026 7:23:44 AM","2026-01-05 06:23:44Z","Windows","Anchor-41","Microsoft-Windows-WindowsUpdateClient/Operational","","41"
"1/5/2026 7:23:44 AM","2026-01-05 06:23:44Z","Windows","Anchor-41","Microsoft-Windows-WindowsUpdateClient/Operational","","41"
"1/5/2026 7:23:44 AM","2026-01-05 06:23:44Z","Windows","Anchor-41","Microsoft-Windows-WindowsUpdateClient/Operational","","41"
"1/5/2026 7:23:44 AM","2026-01-05 06:23:44Z","Windows","Anchor-41","Microsoft-Windows-WindowsUpdateClient/Operational","","41"
"1/5/2026 7:23:44 AM","2026-01-05 06:23:44Z","Windows","Anchor-41","Microsoft-Windows-WindowsUpdateClient/Operational","","41"
"1/5/2026 7:23:44 AM","2026-01-05 06:23:44Z","Windows","Win 43 Microsoft-Windows-WindowsUpdateClient","System","",""
"1/5/2026 7:23:44 AM","2026-01-05 06:23:44Z","Windows","Win 43 Microsoft-Windows-WindowsUpdateClient","System","",""
"1/5/2026 7:23:44 AM","2026-01-05 06:23:44Z","Windows","Win 43 Microsoft-Windows-WindowsUpdateClient","System","",""
"1/5/2026 7:23:44 AM","2026-01-05 06:23:44Z","Windows","Win 7040 Service Control Manager","System","",""
"1/5/2026 7:23:44 AM","2026-01-05 06:23:44Z","Windows","Win 7040 Service Control Manager","System","",""
"1/5/2026 7:23:44 AM","2026-01-05 06:23:44Z","Windows","Win 7040 Service Control Manager","System","",""
"1/5/2026 7:23:44 AM","2026-01-05 06:23:44Z","Windows","Win 0 Intel Graphics Software Service","Application","",""
"1/5/2026 7:23:44 AM","2026-01-05 06:23:44Z","Windows","Win 0 Intel Graphics Software Service","Application","",""
"1/5/2026 7:23:44 AM","2026-01-05 06:23:44Z","Windows","Win 0 Intel Graphics Software Service","Application","",""
"1/5/2026 7:23:44 AM","2026-01-05 06:23:44Z","Windows","Win 7045 Service Control Manager","System","",""
"1/5/2026 7:23:44 AM","2026-01-05 06:23:44Z","Windows","Win 7045 Service Control Manager","System","",""
"1/5/2026 7:23:44 AM","2026-01-05 06:23:44Z","Windows","Win 7045 Service Control Manager","System","",""
"1/5/2026 7:23:45 AM","2026-01-05 06:23:45Z","Windows","Win 0 Intel Graphics Software Service","Application","",""
"1/5/2026 7:23:45 AM","2026-01-05 06:23:45Z","Windows","Win 0 Intel Graphics Software Service","Application","",""
"1/5/2026 7:23:45 AM","2026-01-05 06:23:45Z","Windows","Win 0 Intel Graphics Software Service","Application","",""
"1/5/2026 7:23:45 AM","2026-01-05 06:23:45Z","Windows","Anchor-41","Microsoft-Windows-WindowsUpdateClient/Operational","","41"
"1/5/2026 7:23:45 AM","2026-01-05 06:23:45Z","Windows","Anchor-41","Microsoft-Windows-WindowsUpdateClient/Operational","","41"
"1/5/2026 7:23:45 AM","2026-01-05 06:23:45Z","Windows","Anchor-41","Microsoft-Windows-WindowsUpdateClient/Operational","","41"
"1/5/2026 7:23:45 AM","2026-01-05 06:23:45Z","Windows","Win 19 Microsoft-Windows-WindowsUpdateClient","System","",""
"1/5/2026 7:23:45 AM","2026-01-05 06:23:45Z","Windows","Win 19 Microsoft-Windows-WindowsUpdateClient","System","",""
"1/5/2026 7:23:45 AM","2026-01-05 06:23:45Z","Windows","Win 19 Microsoft-Windows-WindowsUpdateClient","System","",""
"1/5/2026 4:59:34 PM","2026-01-05 15:59:34Z","Windows","Win 26 Microsoft-Windows-WindowsUpdateClient","Microsoft-Windows-WindowsUpdateClient/Operational","",""
"1/5/2026 4:59:34 PM","2026-01-05 15:59:34Z","Windows","Win 26 Microsoft-Windows-WindowsUpdateClient","Microsoft-Windows-WindowsUpdateClient/Operational","",""
"1/5/2026 4:59:34 PM","2026-01-05 15:59:34Z","Windows","Win 44 Microsoft-Windows-WindowsUpdateClient","System","",""
"1/5/2026 4:59:36 PM","2026-01-05 15:59:36Z","Windows","Anchor-41","Microsoft-Windows-WindowsUpdateClient/Operational","","41"
"1/5/2026 4:59:36 PM","2026-01-05 15:59:36Z","Windows","Win 43 Microsoft-Windows-WindowsUpdateClient","System","",""
"1/5/2026 4:59:37 PM","2026-01-05 15:59:37Z","Windows","Win 172 Microsoft-Windows-Kernel-Power","System","",""
"1/5/2026 4:59:38 PM","2026-01-05 15:59:38Z","Windows","Win 27 e1dexpress","System","",""
"1/5/2026 4:59:39 PM","2026-01-05 15:59:39Z","Windows","Win 172 Microsoft-Windows-Kernel-Power","System","",""
"1/5/2026 4:59:39 PM","2026-01-05 15:59:39Z","Windows","Win 27 e1dexpress","System","",""
"1/5/2026 4:59:39 PM","2026-01-05 15:59:39Z","Windows","Win 19 Microsoft-Windows-WindowsUpdateClient","System","",""
"1/5/2026 4:59:41 PM","2026-01-05 15:59:41Z","Windows","Win 33 e1dexpress","System","",""
"1/6/2026 6:35:03 PM","2026-01-06 17:35:03Z","Windows","Win 26 Microsoft-Windows-WindowsUpdateClient","Microsoft-Windows-WindowsUpdateClient/Operational","",""
"1/6/2026 6:35:03 PM","2026-01-06 17:35:03Z","Windows","Win 26 Microsoft-Windows-WindowsUpdateClient","Microsoft-Windows-WindowsUpdateClient/Operational","",""
"1/6/2026 6:35:03 PM","2026-01-06 17:35:03Z","Windows","Win 26 Microsoft-Windows-WindowsUpdateClient","Microsoft-Windows-WindowsUpdateClient/Operational","",""
"1/6/2026 6:35:03 PM","2026-01-06 17:35:03Z","Windows","Win 26 Microsoft-Windows-WindowsUpdateClient","Microsoft-Windows-WindowsUpdateClient/Operational","",""
"1/6/2026 6:35:03 PM","2026-01-06 17:35:03Z","Windows","Win 26 Microsoft-Windows-WindowsUpdateClient","Microsoft-Windows-WindowsUpdateClient/Operational","",""
"1/6/2026 6:35:03 PM","2026-01-06 17:35:03Z","Windows","Win 26 Microsoft-Windows-WindowsUpdateClient","Microsoft-Windows-WindowsUpdateClient/Operational","",""
"1/6/2026 6:35:03 PM","2026-01-06 17:35:03Z","Windows","Win 26 Microsoft-Windows-WindowsUpdateClient","Microsoft-Windows-WindowsUpdateClient/Operational","",""
"1/6/2026 6:35:03 PM","2026-01-06 17:35:03Z","Windows","Win 26 Microsoft-Windows-WindowsUpdateClient","Microsoft-Windows-WindowsUpdateClient/Operational","",""
"1/6/2026 6:37:35 PM","2026-01-06 17:37:35Z","Windows","Win 44 Microsoft-Windows-WindowsUpdateClient","System","",""
"1/6/2026 6:37:35 PM","2026-01-06 17:37:35Z","Windows","Win 44 Microsoft-Windows-WindowsUpdateClient","System","",""
"1/6/2026 6:37:35 PM","2026-01-06 17:37:35Z","Windows","Win 44 Microsoft-Windows-WindowsUpdateClient","System","",""
"1/6/2026 6:37:35 PM","2026-01-06 17:37:35Z","Windows","Win 44 Microsoft-Windows-WindowsUpdateClient","System","",""
"1/6/2026 6:37:35 PM","2026-01-06 17:37:35Z","Windows","Win 44 Microsoft-Windows-WindowsUpdateClient","System","",""
"1/6/2026 6:37:35 PM","2026-01-06 17:37:35Z","Windows","Win 44 Microsoft-Windows-WindowsUpdateClient","System","",""
"1/6/2026 6:37:35 PM","2026-01-06 17:37:35Z","Windows","Win 44 Microsoft-Windows-WindowsUpdateClient","System","",""
"1/6/2026 6:37:35 PM","2026-01-06 17:37:35Z","Windows","Win 44 Microsoft-Windows-WindowsUpdateClient","System","",""
"1/6/2026 6:37:40 PM","2026-01-06 17:37:40Z","Windows","Win 44 Microsoft-Windows-WindowsUpdateClient","System","",""
"1/6/2026 6:37:40 PM","2026-01-06 17:37:40Z","Windows","Win 44 Microsoft-Windows-WindowsUpdateClient","System","",""
"1/6/2026 6:37:40 PM","2026-01-06 17:37:40Z","Windows","Win 44 Microsoft-Windows-WindowsUpdateClient","System","",""
"1/6/2026 6:37:40 PM","2026-01-06 17:37:40Z","Windows","Win 44 Microsoft-Windows-WindowsUpdateClient","System","",""
"1/6/2026 6:37:40 PM","2026-01-06 17:37:40Z","Windows","Anchor-41","Microsoft-Windows-WindowsUpdateClient/Operational","","41"
"1/6/2026 6:37:40 PM","2026-01-06 17:37:40Z","Windows","Anchor-41","Microsoft-Windows-WindowsUpdateClient/Operational","","41"
"1/6/2026 6:37:40 PM","2026-01-06 17:37:40Z","Windows","Anchor-41","Microsoft-Windows-WindowsUpdateClient/Operational","","41"
"1/6/2026 6:37:40 PM","2026-01-06 17:37:40Z","Windows","Anchor-41","Microsoft-Windows-WindowsUpdateClient/Operational","","41"
"1/9/2026 7:23:30 AM","2026-01-09 06:23:30Z","Windows","Win 26 Microsoft-Windows-WindowsUpdateClient","Microsoft-Windows-WindowsUpdateClient/Operational","",""
"1/9/2026 7:23:30 AM","2026-01-09 06:23:30Z","Windows","Win 26 Microsoft-Windows-WindowsUpdateClient","Microsoft-Windows-WindowsUpdateClient/Operational","",""
"1/9/2026 7:23:30 AM","2026-01-09 06:23:30Z","Windows","Win 26 Microsoft-Windows-WindowsUpdateClient","Microsoft-Windows-WindowsUpdateClient/Operational","",""
"1/9/2026 7:23:30 AM","2026-01-09 06:23:30Z","Windows","Win 26 Microsoft-Windows-WindowsUpdateClient","Microsoft-Windows-WindowsUpdateClient/Operational","",""
"1/9/2026 7:23:30 AM","2026-01-09 06:23:30Z","Windows","Win 26 Microsoft-Windows-WindowsUpdateClient","Microsoft-Windows-WindowsUpdateClient/Operational","",""
"1/9/2026 7:23:30 AM","2026-01-09 06:23:30Z","Windows","Win 26 Microsoft-Windows-WindowsUpdateClient","Microsoft-Windows-WindowsUpdateClient/Operational","",""
"1/9/2026 7:23:30 AM","2026-01-09 06:23:30Z","Windows","Win 26 Microsoft-Windows-WindowsUpdateClient","Microsoft-Windows-WindowsUpdateClient/Operational","",""
"1/9/2026 7:23:30 AM","2026-01-09 06:23:30Z","Windows","Win 26 Microsoft-Windows-WindowsUpdateClient","Microsoft-Windows-WindowsUpdateClient/Operational","",""
"1/9/2026 7:23:30 AM","2026-01-09 06:23:30Z","Windows","Win 44 Microsoft-Windows-WindowsUpdateClient","System","",""
"1/9/2026 7:23:30 AM","2026-01-09 06:23:30Z","Windows","Win 44 Microsoft-Windows-WindowsUpdateClient","System","",""
"1/9/2026 7:23:30 AM","2026-01-09 06:23:30Z","Windows","Win 44 Microsoft-Windows-WindowsUpdateClient","System","",""
"1/9/2026 7:23:30 AM","2026-01-09 06:23:30Z","Windows","Win 44 Microsoft-Windows-WindowsUpdateClient","System","",""
"1/9/2026 7:23:30 AM","2026-01-09 06:23:30Z","Windows","Win 44 Microsoft-Windows-WindowsUpdateClient","System","",""
"1/9/2026 7:23:30 AM","2026-01-09 06:23:30Z","Windows","Win 44 Microsoft-Windows-WindowsUpdateClient","System","",""
"1/9/2026 7:23:30 AM","2026-01-09 06:23:30Z","Windows","Win 44 Microsoft-Windows-WindowsUpdateClient","System","",""
"1/9/2026 7:23:30 AM","2026-01-09 06:23:30Z","Windows","Win 44 Microsoft-Windows-WindowsUpdateClient","System","",""
"1/9/2026 7:23:44 AM","2026-01-09 06:23:44Z","Windows","Win 44 Microsoft-Windows-WindowsUpdateClient","System","",""
"1/9/2026 7:23:44 AM","2026-01-09 06:23:44Z","Windows","Win 44 Microsoft-Windows-WindowsUpdateClient","System","",""
"1/9/2026 7:23:44 AM","2026-01-09 06:23:44Z","Windows","Win 44 Microsoft-Windows-WindowsUpdateClient","System","",""
"1/9/2026 7:23:44 AM","2026-01-09 06:23:44Z","Windows","Win 44 Microsoft-Windows-WindowsUpdateClient","System","",""
"1/9/2026 7:23:50 AM","2026-01-09 06:23:50Z","Windows","Anchor-41","Microsoft-Windows-WindowsUpdateClient/Operational","","41"
"1/9/2026 7:23:50 AM","2026-01-09 06:23:50Z","Windows","Anchor-41","Microsoft-Windows-WindowsUpdateClient/Operational","","41"
"1/9/2026 7:23:50 AM","2026-01-09 06:23:50Z","Windows","Anchor-41","Microsoft-Windows-WindowsUpdateClient/Operational","","41"
"1/9/2026 7:23:50 AM","2026-01-09 06:23:50Z","Windows","Anchor-41","Microsoft-Windows-WindowsUpdateClient/Operational","","41"
"1/11/2026 10:40:44 AM","2026-01-11 09:40:44Z","Windows","Win 26 Microsoft-Windows-WindowsUpdateClient","Microsoft-Windows-WindowsUpdateClient/Operational","",""
"1/11/2026 10:40:44 AM","2026-01-11 09:40:44Z","Windows","Win 26 Microsoft-Windows-WindowsUpdateClient","Microsoft-Windows-WindowsUpdateClient/Operational","",""
"1/11/2026 10:40:44 AM","2026-01-11 09:40:44Z","Windows","Win 26 Microsoft-Windows-WindowsUpdateClient","Microsoft-Windows-WindowsUpdateClient/Operational","",""
"1/11/2026 10:40:44 AM","2026-01-11 09:40:44Z","Windows","Win 26 Microsoft-Windows-WindowsUpdateClient","Microsoft-Windows-WindowsUpdateClient/Operational","",""
"1/11/2026 10:40:44 AM","2026-01-11 09:40:44Z","Windows","Win 26 Microsoft-Windows-WindowsUpdateClient","Microsoft-Windows-WindowsUpdateClient/Operational","",""
"1/11/2026 10:40:44 AM","2026-01-11 09:40:44Z","Windows","Win 26 Microsoft-Windows-WindowsUpdateClient","Microsoft-Windows-WindowsUpdateClient/Operational","",""
"1/11/2026 10:40:44 AM","2026-01-11 09:40:44Z","Windows","Win 26 Microsoft-Windows-WindowsUpdateClient","Microsoft-Windows-WindowsUpdateClient/Operational","",""
"1/11/2026 10:40:44 AM","2026-01-11 09:40:44Z","Windows","Win 26 Microsoft-Windows-WindowsUpdateClient","Microsoft-Windows-WindowsUpdateClient/Operational","",""
"1/11/2026 10:40:49 AM","2026-01-11 09:40:49Z","Windows","Win 44 Microsoft-Windows-WindowsUpdateClient","System","",""
"1/11/2026 10:40:49 AM","2026-01-11 09:40:49Z","Windows","Win 44 Microsoft-Windows-WindowsUpdateClient","System","",""
"1/11/2026 10:40:49 AM","2026-01-11 09:40:49Z","Windows","Win 44 Microsoft-Windows-WindowsUpdateClient","System","",""
"1/11/2026 10:40:49 AM","2026-01-11 09:40:49Z","Windows","Win 44 Microsoft-Windows-WindowsUpdateClient","System","",""
"1/11/2026 10:40:49 AM","2026-01-11 09:40:49Z","Windows","Win 44 Microsoft-Windows-WindowsUpdateClient","System","",""
"1/11/2026 10:40:49 AM","2026-01-11 09:40:49Z","Windows","Win 44 Microsoft-Windows-WindowsUpdateClient","System","",""
"1/11/2026 10:40:49 AM","2026-01-11 09:40:49Z","Windows","Win 44 Microsoft-Windows-WindowsUpdateClient","System","",""
"1/11/2026 10:40:49 AM","2026-01-11 09:40:49Z","Windows","Win 44 Microsoft-Windows-WindowsUpdateClient","System","",""
"1/11/2026 10:40:53 AM","2026-01-11 09:40:53Z","Windows","Win 44 Microsoft-Windows-WindowsUpdateClient","System","",""
"1/11/2026 10:40:53 AM","2026-01-11 09:40:53Z","Windows","Win 44 Microsoft-Windows-WindowsUpdateClient","System","",""
"1/11/2026 10:40:53 AM","2026-01-11 09:40:53Z","Windows","Win 44 Microsoft-Windows-WindowsUpdateClient","System","",""
"1/11/2026 10:40:53 AM","2026-01-11 09:40:53Z","Windows","Win 44 Microsoft-Windows-WindowsUpdateClient","System","",""
"1/11/2026 10:40:53 AM","2026-01-11 09:40:53Z","Windows","Anchor-41","Microsoft-Windows-WindowsUpdateClient/Operational","","41"
"1/11/2026 10:40:53 AM","2026-01-11 09:40:53Z","Windows","Anchor-41","Microsoft-Windows-WindowsUpdateClient/Operational","","41"
"1/11/2026 10:40:53 AM","2026-01-11 09:40:53Z","Windows","Anchor-41","Microsoft-Windows-WindowsUpdateClient/Operational","","41"
"1/11/2026 10:40:53 AM","2026-01-11 09:40:53Z","Windows","Anchor-41","Microsoft-Windows-WindowsUpdateClient/Operational","","41"
"1/11/2026 10:41:41 AM","2026-01-11 09:41:41Z","Windows","Win 108 Application Management Group Policy","System","",""
"1/11/2026 10:41:41 AM","2026-01-11 09:41:41Z","Windows","Win 108 Application Management Group Policy","System","",""
"1/11/2026 10:41:41 AM","2026-01-11 09:41:41Z","Windows","Win 1112 Microsoft-Windows-GroupPolicy","System","",""
"1/11/2026 10:41:41 AM","2026-01-11 09:41:41Z","Windows","Win 1112 Microsoft-Windows-GroupPolicy","System","",""
"1/12/2026 12:49:10 PM","2026-01-12 11:49:10Z","Windows","Win 101 Application Management Group Policy","System","",""
"1/12/2026 12:49:10 PM","2026-01-12 11:49:10Z","Windows","Win 101 Application Management Group Policy","System","",""
"1/12/2026 12:49:10 PM","2026-01-12 11:49:10Z","Windows","Win 108 Application Management Group Policy","System","",""
"1/12/2026 12:49:10 PM","2026-01-12 11:49:10Z","Windows","Win 108 Application Management Group Policy","System","",""
"1/12/2026 12:49:10 PM","2026-01-12 11:49:10Z","Windows","Win 1112 Microsoft-Windows-GroupPolicy","System","",""
"1/12/2026 12:49:10 PM","2026-01-12 11:49:10Z","Windows","Win 1112 Microsoft-Windows-GroupPolicy","System","",""
"1/12/2026 12:53:57 PM","2026-01-12 11:53:57Z","Windows","Win 26 Microsoft-Windows-WindowsUpdateClient","Microsoft-Windows-WindowsUpdateClient/Operational","",""
"1/12/2026 12:53:57 PM","2026-01-12 11:53:57Z","Windows","Win 26 Microsoft-Windows-WindowsUpdateClient","Microsoft-Windows-WindowsUpdateClient/Operational","",""
"1/12/2026 12:53:57 PM","2026-01-12 11:53:57Z","Windows","Win 26 Microsoft-Windows-WindowsUpdateClient","Microsoft-Windows-WindowsUpdateClient/Operational","",""
"1/12/2026 12:53:57 PM","2026-01-12 11:53:57Z","Windows","Win 26 Microsoft-Windows-WindowsUpdateClient","Microsoft-Windows-WindowsUpdateClient/Operational","",""
"1/12/2026 12:53:57 PM","2026-01-12 11:53:57Z","Windows","Win 26 Microsoft-Windows-WindowsUpdateClient","Microsoft-Windows-WindowsUpdateClient/Operational","",""
"1/12/2026 12:53:57 PM","2026-01-12 11:53:57Z","Windows","Win 26 Microsoft-Windows-WindowsUpdateClient","Microsoft-Windows-WindowsUpdateClient/Operational","",""
"1/12/2026 12:53:57 PM","2026-01-12 11:53:57Z","Windows","Win 26 Microsoft-Windows-WindowsUpdateClient","Microsoft-Windows-WindowsUpdateClient/Operational","",""
"1/12/2026 12:53:57 PM","2026-01-12 11:53:57Z","Windows","Win 26 Microsoft-Windows-WindowsUpdateClient","Microsoft-Windows-WindowsUpdateClient/Operational","",""
"1/12/2026 12:53:57 PM","2026-01-12 11:53:57Z","Windows","Win 44 Microsoft-Windows-WindowsUpdateClient","System","",""
"1/12/2026 12:53:57 PM","2026-01-12 11:53:57Z","Windows","Win 44 Microsoft-Windows-WindowsUpdateClient","System","",""
"1/12/2026 12:53:57 PM","2026-01-12 11:53:57Z","Windows","Win 44 Microsoft-Windows-WindowsUpdateClient","System","",""
"1/12/2026 12:53:57 PM","2026-01-12 11:53:57Z","Windows","Win 44 Microsoft-Windows-WindowsUpdateClient","System","",""
"1/12/2026 12:53:57 PM","2026-01-12 11:53:57Z","Windows","Win 44 Microsoft-Windows-WindowsUpdateClient","System","",""
"1/12/2026 12:53:57 PM","2026-01-12 11:53:57Z","Windows","Win 44 Microsoft-Windows-WindowsUpdateClient","System","",""
"1/12/2026 12:53:57 PM","2026-01-12 11:53:57Z","Windows","Win 44 Microsoft-Windows-WindowsUpdateClient","System","",""
"1/12/2026 12:53:57 PM","2026-01-12 11:53:57Z","Windows","Win 44 Microsoft-Windows-WindowsUpdateClient","System","",""
"1/12/2026 12:54:02 PM","2026-01-12 11:54:02Z","Windows","Win 44 Microsoft-Windows-WindowsUpdateClient","System","",""
"1/12/2026 12:54:02 PM","2026-01-12 11:54:02Z","Windows","Win 44 Microsoft-Windows-WindowsUpdateClient","System","",""
"1/12/2026 12:54:02 PM","2026-01-12 11:54:02Z","Windows","Win 44 Microsoft-Windows-WindowsUpdateClient","System","",""
"1/12/2026 12:54:02 PM","2026-01-12 11:54:02Z","Windows","Win 44 Microsoft-Windows-WindowsUpdateClient","System","",""
"1/12/2026 12:54:08 PM","2026-01-12 11:54:08Z","Windows","Anchor-41","Microsoft-Windows-WindowsUpdateClient/Operational","","41"
"1/12/2026 12:54:08 PM","2026-01-12 11:54:08Z","Windows","Anchor-41","Microsoft-Windows-WindowsUpdateClient/Operational","","41"
"1/12/2026 12:54:08 PM","2026-01-12 11:54:08Z","Windows","Anchor-41","Microsoft-Windows-WindowsUpdateClient/Operational","","41"
"1/12/2026 12:54:08 PM","2026-01-12 11:54:08Z","Windows","Anchor-41","Microsoft-Windows-WindowsUpdateClient/Operational","","41"
"1/14/2026 2:32:24 AM","2026-01-14 01:32:24Z","Windows","Anchor-41","Microsoft-Windows-WindowsUpdateClient/Operational","","41"
"1/14/2026 2:32:24 AM","2026-01-14 01:32:24Z","Windows","Win 43 Microsoft-Windows-WindowsUpdateClient","System","",""
"1/14/2026 2:32:25 AM","2026-01-14 01:32:25Z","Windows","Win 7040 Service Control Manager","System","",""
