﻿"LocalTime","UtcTime","Source","Type","Device","Details","AnchorId"
"1/2/2026 9:43:10 AM","2026-01-02 08:43:10Z","Windows","Win 1074 User32","System(Get-EventLog)","Information - The process C:\Windows\system32\winlogon.exe (CPHD-93WLV94) has initiated the power off of computer CPHD-93WLV94 on behalf of user NT AUTHORITY\SYSTEM for the following reason: No title for this reason could be found
 Reason Code: 0x500ff
 Shutdown Type: power off
 Comment: ",""
"1/2/2026 9:43:10 AM","2026-01-02 08:43:10Z","Windows","Win 6006 EventLog","System(Get-EventLog)","Information - The Event log service was stopped.",""
"1/2/2026 9:43:10 AM","2026-01-02 08:43:10Z","Windows","Win 1074 User32","System","Information - The process C:\Windows\system32\winlogon.exe (CPHD-93WLV94) has initiated the power off of computer CPHD-93WLV94 on behalf of user NT AUTHORITY\SYSTEM for the following reason: No title for this reason could be found
 Reason Code: 0x500ff
 Shutdown Type: power off
 Comment: ",""
"1/2/2026 9:43:10 AM","2026-01-02 08:43:10Z","Windows","Win 6006 EventLog","System","Information - The Event log service was stopped.",""
"1/2/2026 9:43:15 AM","2026-01-02 08:43:15Z","Windows","Win 109 Microsoft-Windows-Kernel-Power","System(Get-EventLog)","Information - The description for Event ID '109' in Source 'Microsoft-Windows-Kernel-Power' cannot be found.  The local computer may not have the necessary registry information or message DLL files to display the message, or you may not have permission to access them.  The following information is part of the event:'6', '0', '5'",""
"1/2/2026 9:43:15 AM","2026-01-02 08:43:15Z","Windows","Win 109 Microsoft-Windows-Kernel-Power","System","Information - The kernel power manager has initiated a shutdown transition.

Shutdown Reason: Kernel API",""
"1/2/2026 9:43:16 AM","2026-01-02 08:43:16Z","Windows","Win 13 Microsoft-Windows-Kernel-General","System(Get-EventLog)","Information - The description for Event ID '13' in Source 'Microsoft-Windows-Kernel-General' cannot be found.  The local computer may not have the necessary registry information or message DLL files to display the message, or you may not have permission to access them.  The following information is part of the event:'2026-01-02T08:43:16.0575755Z'",""
"1/2/2026 9:43:16 AM","2026-01-02 08:43:16Z","Windows","Win 13 Microsoft-Windows-Kernel-General","System","Information - The operating system is shutting down at system time ‎2026‎-‎01‎-‎02T08:43:16.057575500Z.",""
"1/2/2026 9:51:30 AM","2026-01-02 08:51:30Z","Windows","Win 12 Microsoft-Windows-Kernel-General","System(Get-EventLog)","Information - The description for Event ID '12' in Source 'Microsoft-Windows-Kernel-General' cannot be found.  The local computer may not have the necessary registry information or message DLL files to display the message, or you may not have permission to access them.  The following information is part of the event:'10', '0', '19041', '6691', '0', '0', '2026-01-02T08:51:29.5000000Z'",""
"1/2/2026 9:51:30 AM","2026-01-02 08:51:30Z","Windows","Win 12 Microsoft-Windows-Kernel-General","System","Information - The operating system started at system time ‎2026‎-‎01‎-‎02T08:51:29.500000000Z.",""
"1/2/2026 9:51:36 AM","2026-01-02 08:51:36Z","Windows","Win 6009 EventLog","System(Get-EventLog)","Information - Microsoft (R) Windows (R) 10.00. 19044  Multiprocessor Free.",""
"1/2/2026 9:51:36 AM","2026-01-02 08:51:36Z","Windows","Win 6005 EventLog","System(Get-EventLog)","Information - The Event log service was started.",""
"1/2/2026 9:51:36 AM","2026-01-02 08:51:36Z","Windows","Win 12 Microsoft-Windows-UserModePowerService","System(Get-EventLog)","Information - Process C:\Windows\System32\DriverStore\FileRepository\ipf_cpu.inf_amd64_049e38a37c46edc4\ipf_uf.exe (process ID:3372) reset policy scheme from {07084296-1ee0-4afa-bf25-f667953ec23a} to {07084296-1ee0-4afa-bf25-f667953ec23a}",""
"1/2/2026 9:51:36 AM","2026-01-02 08:51:36Z","Windows","Win 12 Microsoft-Windows-UserModePowerService","System(Get-EventLog)","Information - Process C:\Windows\System32\DriverStore\FileRepository\ipf_cpu.inf_amd64_049e38a37c46edc4\ipf_uf.exe (process ID:3372) reset policy scheme from {07084296-1ee0-4afa-bf25-f667953ec23a} to {07084296-1ee0-4afa-bf25-f667953ec23a}",""
"1/2/2026 9:51:36 AM","2026-01-02 08:51:36Z","Windows","Win 6005 EventLog","System","Information - The Event log service was started.",""
"1/2/2026 9:51:36 AM","2026-01-02 08:51:36Z","Windows","Win 6009 EventLog","System","Information - Microsoft (R) Windows (R) 10.00. 19044  Multiprocessor Free.",""
"1/2/2026 9:51:36 AM","2026-01-02 08:51:36Z","Windows","Win 12 Microsoft-Windows-UserModePowerService","System","Information - Process C:\Windows\System32\DriverStore\FileRepository\ipf_cpu.inf_amd64_049e38a37c46edc4\ipf_uf.exe (process ID:3372) reset policy scheme from {07084296-1ee0-4afa-bf25-f667953ec23a} to {07084296-1ee0-4afa-bf25-f667953ec23a}",""
"1/2/2026 9:51:36 AM","2026-01-02 08:51:36Z","Windows","Win 12 Microsoft-Windows-UserModePowerService","System","Information - Process C:\Windows\System32\DriverStore\FileRepository\ipf_cpu.inf_amd64_049e38a37c46edc4\ipf_uf.exe (process ID:3372) reset policy scheme from {07084296-1ee0-4afa-bf25-f667953ec23a} to {07084296-1ee0-4afa-bf25-f667953ec23a}",""
"1/5/2026 6:15:42 PM","2026-01-05 17:15:42Z","Windows","Win 1074 User32","System(Get-EventLog)","Information - The process C:\Windows\system32\winlogon.exe (CPHD-93WLV94) has initiated the power off of computer CPHD-93WLV94 on behalf of user NT AUTHORITY\SYSTEM for the following reason: No title for this reason could be found
 Reason Code: 0x500ff
 Shutdown Type: power off
 Comment: ",""
"1/5/2026 6:15:42 PM","2026-01-05 17:15:42Z","Windows","Win 1074 User32","System","Information - The process C:\Windows\system32\winlogon.exe (CPHD-93WLV94) has initiated the power off of computer CPHD-93WLV94 on behalf of user NT AUTHORITY\SYSTEM for the following reason: No title for this reason could be found
 Reason Code: 0x500ff
 Shutdown Type: power off
 Comment: ",""
"1/5/2026 6:15:43 PM","2026-01-05 17:15:43Z","Windows","Win 6006 EventLog","System(Get-EventLog)","Information - The Event log service was stopped.",""
"1/5/2026 6:15:43 PM","2026-01-05 17:15:43Z","Windows","Win 6006 EventLog","System","Information - The Event log service was stopped.",""
"1/5/2026 6:15:48 PM","2026-01-05 17:15:48Z","Windows","Win 109 Microsoft-Windows-Kernel-Power","System(Get-EventLog)","Information - The description for Event ID '109' in Source 'Microsoft-Windows-Kernel-Power' cannot be found.  The local computer may not have the necessary registry information or message DLL files to display the message, or you may not have permission to access them.  The following information is part of the event:'6', '0', '5'",""
"1/5/2026 6:15:48 PM","2026-01-05 17:15:48Z","Windows","Win 109 Microsoft-Windows-Kernel-Power","System","Information - The kernel power manager has initiated a shutdown transition.

Shutdown Reason: Kernel API",""
"1/5/2026 6:15:49 PM","2026-01-05 17:15:49Z","Windows","Win 13 Microsoft-Windows-Kernel-General","System(Get-EventLog)","Information - The description for Event ID '13' in Source 'Microsoft-Windows-Kernel-General' cannot be found.  The local computer may not have the necessary registry information or message DLL files to display the message, or you may not have permission to access them.  The following information is part of the event:'2026-01-05T17:15:49.0410693Z'",""
"1/5/2026 6:15:49 PM","2026-01-05 17:15:49Z","Windows","Win 13 Microsoft-Windows-Kernel-General","System","Information - The operating system is shutting down at system time ‎2026‎-‎01‎-‎05T17:15:49.041069300Z.",""
"1/5/2026 6:34:40 PM","2026-01-05 17:34:40Z","Windows","Win 12 Microsoft-Windows-Kernel-General","System(Get-EventLog)","Information - The description for Event ID '12' in Source 'Microsoft-Windows-Kernel-General' cannot be found.  The local computer may not have the necessary registry information or message DLL files to display the message, or you may not have permission to access them.  The following information is part of the event:'10', '0', '19041', '6691', '0', '0', '2026-01-05T17:34:39.5000000Z'",""
"1/5/2026 6:34:40 PM","2026-01-05 17:34:40Z","Windows","Win 12 Microsoft-Windows-Kernel-General","System","Information - The operating system started at system time ‎2026‎-‎01‎-‎05T17:34:39.500000000Z.",""
"1/5/2026 6:34:45 PM","2026-01-05 17:34:45Z","Windows","Win 6009 EventLog","System(Get-EventLog)","Information - Microsoft (R) Windows (R) 10.00. 19044  Multiprocessor Free.",""
"1/5/2026 6:34:45 PM","2026-01-05 17:34:45Z","Windows","Win 6005 EventLog","System(Get-EventLog)","Information - The Event log service was started.",""
"1/5/2026 6:34:45 PM","2026-01-05 17:34:45Z","Windows","Win 6005 EventLog","System","Information - The Event log service was started.",""
"1/5/2026 6:34:45 PM","2026-01-05 17:34:45Z","Windows","Win 6009 EventLog","System","Information - Microsoft (R) Windows (R) 10.00. 19044  Multiprocessor Free.",""
"1/5/2026 6:34:46 PM","2026-01-05 17:34:46Z","Windows","Win 12 Microsoft-Windows-UserModePowerService","System(Get-EventLog)","Information - Process C:\Windows\System32\DriverStore\FileRepository\ipf_cpu.inf_amd64_049e38a37c46edc4\ipf_uf.exe (process ID:3384) reset policy scheme from {07084296-1ee0-4afa-bf25-f667953ec23a} to {07084296-1ee0-4afa-bf25-f667953ec23a}",""
"1/5/2026 6:34:46 PM","2026-01-05 17:34:46Z","Windows","Win 12 Microsoft-Windows-UserModePowerService","System(Get-EventLog)","Information - Process C:\Windows\System32\DriverStore\FileRepository\ipf_cpu.inf_amd64_049e38a37c46edc4\ipf_uf.exe (process ID:3384) reset policy scheme from {07084296-1ee0-4afa-bf25-f667953ec23a} to {07084296-1ee0-4afa-bf25-f667953ec23a}",""
"1/5/2026 6:34:46 PM","2026-01-05 17:34:46Z","Windows","Win 12 Microsoft-Windows-UserModePowerService","System","Information - Process C:\Windows\System32\DriverStore\FileRepository\ipf_cpu.inf_amd64_049e38a37c46edc4\ipf_uf.exe (process ID:3384) reset policy scheme from {07084296-1ee0-4afa-bf25-f667953ec23a} to {07084296-1ee0-4afa-bf25-f667953ec23a}",""
"1/5/2026 6:34:46 PM","2026-01-05 17:34:46Z","Windows","Win 12 Microsoft-Windows-UserModePowerService","System","Information - Process C:\Windows\System32\DriverStore\FileRepository\ipf_cpu.inf_amd64_049e38a37c46edc4\ipf_uf.exe (process ID:3384) reset policy scheme from {07084296-1ee0-4afa-bf25-f667953ec23a} to {07084296-1ee0-4afa-bf25-f667953ec23a}",""
"1/8/2026 2:06:18 AM","2026-01-08 01:06:18Z","Windows","Win 1074 User32","System(Get-EventLog)","Information - The process C:\Windows\system32\winlogon.exe (CPHD-93WLV94) has initiated the power off of computer CPHD-93WLV94 on behalf of user NT AUTHORITY\SYSTEM for the following reason: No title for this reason could be found
 Reason Code: 0x500ff
 Shutdown Type: power off
 Comment: ",""
"1/8/2026 2:06:18 AM","2026-01-08 01:06:18Z","Windows","Win 1074 User32","System","Information - The process C:\Windows\system32\winlogon.exe (CPHD-93WLV94) has initiated the power off of computer CPHD-93WLV94 on behalf of user NT AUTHORITY\SYSTEM for the following reason: No title for this reason could be found
 Reason Code: 0x500ff
 Shutdown Type: power off
 Comment: ",""
"1/8/2026 2:06:19 AM","2026-01-08 01:06:19Z","Windows","Win 6006 EventLog","System(Get-EventLog)","Information - The Event log service was stopped.",""
"1/8/2026 2:06:19 AM","2026-01-08 01:06:19Z","Windows","Win 6006 EventLog","System","Information - The Event log service was stopped.",""
"1/8/2026 2:06:24 AM","2026-01-08 01:06:24Z","Windows","Win 109 Microsoft-Windows-Kernel-Power","System(Get-EventLog)","Information - The description for Event ID '109' in Source 'Microsoft-Windows-Kernel-Power' cannot be found.  The local computer may not have the necessary registry information or message DLL files to display the message, or you may not have permission to access them.  The following information is part of the event:'6', '0', '5'",""
"1/8/2026 2:06:24 AM","2026-01-08 01:06:24Z","Windows","Win 109 Microsoft-Windows-Kernel-Power","System","Information - The kernel power manager has initiated a shutdown transition.

Shutdown Reason: Kernel API",""
"1/8/2026 2:06:25 AM","2026-01-08 01:06:25Z","Windows","Win 13 Microsoft-Windows-Kernel-General","System(Get-EventLog)","Information - The description for Event ID '13' in Source 'Microsoft-Windows-Kernel-General' cannot be found.  The local computer may not have the necessary registry information or message DLL files to display the message, or you may not have permission to access them.  The following information is part of the event:'2026-01-08T01:06:25.1083994Z'",""
"1/8/2026 2:06:25 AM","2026-01-08 01:06:25Z","Windows","Win 13 Microsoft-Windows-Kernel-General","System","Information - The operating system is shutting down at system time ‎2026‎-‎01‎-‎08T01:06:25.108399400Z.",""
"1/8/2026 3:38:49 AM","2026-01-08 02:38:49Z","Windows","Win 12 Microsoft-Windows-Kernel-General","System(Get-EventLog)","Information - The description for Event ID '12' in Source 'Microsoft-Windows-Kernel-General' cannot be found.  The local computer may not have the necessary registry information or message DLL files to display the message, or you may not have permission to access them.  The following information is part of the event:'10', '0', '19041', '6691', '0', '0', '2026-01-08T02:38:48.5000000Z'",""
"1/8/2026 3:38:49 AM","2026-01-08 02:38:49Z","Windows","Win 12 Microsoft-Windows-Kernel-General","System","Information - The operating system started at system time ‎2026‎-‎01‎-‎08T02:38:48.500000000Z.",""
"1/8/2026 3:38:55 AM","2026-01-08 02:38:55Z","Windows","Win 6005 EventLog","System(Get-EventLog)","Information - The Event log service was started.",""
"1/8/2026 3:38:55 AM","2026-01-08 02:38:55Z","Windows","Win 6009 EventLog","System(Get-EventLog)","Information - Microsoft (R) Windows (R) 10.00. 19044  Multiprocessor Free.",""
"1/8/2026 3:38:55 AM","2026-01-08 02:38:55Z","Windows","Win 6009 EventLog","System","Information - Microsoft (R) Windows (R) 10.00. 19044  Multiprocessor Free.",""
"1/8/2026 3:38:55 AM","2026-01-08 02:38:55Z","Windows","Win 6005 EventLog","System","Information - The Event log service was started.",""
"1/8/2026 3:38:56 AM","2026-01-08 02:38:56Z","Windows","Win 12 Microsoft-Windows-UserModePowerService","System(Get-EventLog)","Information - Process C:\Windows\System32\DriverStore\FileRepository\ipf_cpu.inf_amd64_049e38a37c46edc4\ipf_uf.exe (process ID:3408) reset policy scheme from {07084296-1ee0-4afa-bf25-f667953ec23a} to {07084296-1ee0-4afa-bf25-f667953ec23a}",""
"1/8/2026 3:38:56 AM","2026-01-08 02:38:56Z","Windows","Win 12 Microsoft-Windows-UserModePowerService","System(Get-EventLog)","Information - Process C:\Windows\System32\DriverStore\FileRepository\ipf_cpu.inf_amd64_049e38a37c46edc4\ipf_uf.exe (process ID:3408) reset policy scheme from {07084296-1ee0-4afa-bf25-f667953ec23a} to {07084296-1ee0-4afa-bf25-f667953ec23a}",""
"1/8/2026 3:38:56 AM","2026-01-08 02:38:56Z","Windows","Win 12 Microsoft-Windows-UserModePowerService","System","Information - Process C:\Windows\System32\DriverStore\FileRepository\ipf_cpu.inf_amd64_049e38a37c46edc4\ipf_uf.exe (process ID:3408) reset policy scheme from {07084296-1ee0-4afa-bf25-f667953ec23a} to {07084296-1ee0-4afa-bf25-f667953ec23a}",""
"1/8/2026 3:38:56 AM","2026-01-08 02:38:56Z","Windows","Win 12 Microsoft-Windows-UserModePowerService","System","Information - Process C:\Windows\System32\DriverStore\FileRepository\ipf_cpu.inf_amd64_049e38a37c46edc4\ipf_uf.exe (process ID:3408) reset policy scheme from {07084296-1ee0-4afa-bf25-f667953ec23a} to {07084296-1ee0-4afa-bf25-f667953ec23a}",""
"1/8/2026 8:12:00 AM","2026-01-08 07:12:00Z","Windows","Win 6006 EventLog","System(Get-EventLog)","Information - The Event log service was stopped.",""
"1/8/2026 8:12:00 AM","2026-01-08 07:12:00Z","Windows","Win 1074 User32","System(Get-EventLog)","Information - The process C:\Windows\system32\winlogon.exe (CPHD-93WLV94) has initiated the power off of computer CPHD-93WLV94 on behalf of user NT AUTHORITY\SYSTEM for the following reason: No title for this reason could be found
 Reason Code: 0x500ff
 Shutdown Type: power off
 Comment: ",""
"1/8/2026 8:12:00 AM","2026-01-08 07:12:00Z","Windows","Win 1074 User32","System","Information - The process C:\Windows\system32\winlogon.exe (CPHD-93WLV94) has initiated the power off of computer CPHD-93WLV94 on behalf of user NT AUTHORITY\SYSTEM for the following reason: No title for this reason could be found
 Reason Code: 0x500ff
 Shutdown Type: power off
 Comment: ",""
"1/8/2026 8:12:00 AM","2026-01-08 07:12:00Z","Windows","Win 6006 EventLog","System","Information - The Event log service was stopped.",""
"1/8/2026 8:12:05 AM","2026-01-08 07:12:05Z","Windows","Win 13 Microsoft-Windows-Kernel-General","System(Get-EventLog)","Information - The description for Event ID '13' in Source 'Microsoft-Windows-Kernel-General' cannot be found.  The local computer may not have the necessary registry information or message DLL files to display the message, or you may not have permission to access them.  The following information is part of the event:'2026-01-08T07:12:05.7457294Z'",""
"1/8/2026 8:12:05 AM","2026-01-08 07:12:05Z","Windows","Win 109 Microsoft-Windows-Kernel-Power","System(Get-EventLog)","Information - The description for Event ID '109' in Source 'Microsoft-Windows-Kernel-Power' cannot be found.  The local computer may not have the necessary registry information or message DLL files to display the message, or you may not have permission to access them.  The following information is part of the event:'6', '0', '5'",""
"1/8/2026 8:12:05 AM","2026-01-08 07:12:05Z","Windows","Win 109 Microsoft-Windows-Kernel-Power","System","Information - The kernel power manager has initiated a shutdown transition.

Shutdown Reason: Kernel API",""
"1/8/2026 8:12:05 AM","2026-01-08 07:12:05Z","Windows","Win 13 Microsoft-Windows-Kernel-General","System","Information - The operating system is shutting down at system time ‎2026‎-‎01‎-‎08T07:12:05.745729400Z.",""
"1/8/2026 8:15:15 AM","2026-01-08 07:15:15Z","Windows","Win 12 Microsoft-Windows-Kernel-General","System(Get-EventLog)","Information - The description for Event ID '12' in Source 'Microsoft-Windows-Kernel-General' cannot be found.  The local computer may not have the necessary registry information or message DLL files to display the message, or you may not have permission to access them.  The following information is part of the event:'10', '0', '19041', '6691', '0', '0', '2026-01-08T07:15:14.5000000Z'",""
"1/8/2026 8:15:15 AM","2026-01-08 07:15:15Z","Windows","Win 12 Microsoft-Windows-Kernel-General","System","Information - The operating system started at system time ‎2026‎-‎01‎-‎08T07:15:14.500000000Z.",""
"1/8/2026 8:15:21 AM","2026-01-08 07:15:21Z","Windows","Win 6005 EventLog","System(Get-EventLog)","Information - The Event log service was started.",""
"1/8/2026 8:15:21 AM","2026-01-08 07:15:21Z","Windows","Win 12 Microsoft-Windows-UserModePowerService","System(Get-EventLog)","Information - Process C:\Windows\System32\DriverStore\FileRepository\ipf_cpu.inf_amd64_049e38a37c46edc4\ipf_uf.exe (process ID:3512) reset policy scheme from {07084296-1ee0-4afa-bf25-f667953ec23a} to {07084296-1ee0-4afa-bf25-f667953ec23a}",""
"1/8/2026 8:15:21 AM","2026-01-08 07:15:21Z","Windows","Win 6009 EventLog","System(Get-EventLog)","Information - Microsoft (R) Windows (R) 10.00. 19044  Multiprocessor Free.",""
"1/8/2026 8:15:21 AM","2026-01-08 07:15:21Z","Windows","Win 12 Microsoft-Windows-UserModePowerService","System(Get-EventLog)","Information - Process C:\Windows\System32\DriverStore\FileRepository\ipf_cpu.inf_amd64_049e38a37c46edc4\ipf_uf.exe (process ID:3512) reset policy scheme from {07084296-1ee0-4afa-bf25-f667953ec23a} to {07084296-1ee0-4afa-bf25-f667953ec23a}",""
"1/8/2026 8:15:21 AM","2026-01-08 07:15:21Z","Windows","Win 6005 EventLog","System","Information - The Event log service was started.",""
"1/8/2026 8:15:21 AM","2026-01-08 07:15:21Z","Windows","Win 6009 EventLog","System","Information - Microsoft (R) Windows (R) 10.00. 19044  Multiprocessor Free.",""
"1/8/2026 8:15:21 AM","2026-01-08 07:15:21Z","Windows","Win 12 Microsoft-Windows-UserModePowerService","System","Information - Process C:\Windows\System32\DriverStore\FileRepository\ipf_cpu.inf_amd64_049e38a37c46edc4\ipf_uf.exe (process ID:3512) reset policy scheme from {07084296-1ee0-4afa-bf25-f667953ec23a} to {07084296-1ee0-4afa-bf25-f667953ec23a}",""
"1/8/2026 8:15:21 AM","2026-01-08 07:15:21Z","Windows","Win 12 Microsoft-Windows-UserModePowerService","System","Information - Process C:\Windows\System32\DriverStore\FileRepository\ipf_cpu.inf_amd64_049e38a37c46edc4\ipf_uf.exe (process ID:3512) reset policy scheme from {07084296-1ee0-4afa-bf25-f667953ec23a} to {07084296-1ee0-4afa-bf25-f667953ec23a}",""
"1/13/2026 8:45:15 PM","2026-01-13 19:45:15Z","Windows","Win 1074 User32","System(Get-EventLog)","Information - The process C:\Windows\System32\RuntimeBroker.exe (CPHD-93WLV94) has initiated the power off of computer CPHD-93WLV94 on behalf of user SE\Labuser_IPT for the following reason: Other (Unplanned)
 Reason Code: 0x0
 Shutdown Type: power off
 Comment: ",""
"1/13/2026 8:45:15 PM","2026-01-13 19:45:15Z","Windows","Win 1074 User32","System","Information - The process C:\Windows\System32\RuntimeBroker.exe (CPHD-93WLV94) has initiated the power off of computer CPHD-93WLV94 on behalf of user SE\Labuser_IPT for the following reason: Other (Unplanned)
 Reason Code: 0x0
 Shutdown Type: power off
 Comment: ",""
"1/13/2026 8:45:17 PM","2026-01-13 19:45:17Z","Windows","Win 42 Microsoft-Windows-Kernel-Power","System(Get-EventLog)","Information - The description for Event ID '42' in Source 'Microsoft-Windows-Kernel-Power' cannot be found.  The local computer may not have the necessary registry information or message DLL files to display the message, or you may not have permission to access them.  The following information is part of the event:'6', '5', '4', '0', '1'",""
"1/13/2026 8:45:17 PM","2026-01-13 19:45:17Z","Windows","Win 42 Microsoft-Windows-Kernel-Power","System","Information - The system is entering sleep.

Sleep Reason: Application API",""
"1/15/2026 11:03:17 PM","2026-01-15 22:03:17Z","Windows","Win 6006 EventLog","System(Get-EventLog)","Information - The Event log service was stopped.",""
"1/15/2026 11:03:17 PM","2026-01-15 22:03:17Z","Windows","Win 6006 EventLog","System","Information - The Event log service was stopped.",""
"1/15/2026 11:03:22 PM","2026-01-15 22:03:22Z","Windows","Win 109 Microsoft-Windows-Kernel-Power","System(Get-EventLog)","Information - The description for Event ID '109' in Source 'Microsoft-Windows-Kernel-Power' cannot be found.  The local computer may not have the necessary registry information or message DLL files to display the message, or you may not have permission to access them.  The following information is part of the event:'5', '0', '5'",""
"1/15/2026 11:03:22 PM","2026-01-15 22:03:22Z","Windows","Win 109 Microsoft-Windows-Kernel-Power","System","Information - The kernel power manager has initiated a shutdown transition.

Shutdown Reason: Kernel API",""
"1/15/2026 11:03:23 PM","2026-01-15 22:03:23Z","Windows","Win 13 Microsoft-Windows-Kernel-General","System(Get-EventLog)","Information - The description for Event ID '13' in Source 'Microsoft-Windows-Kernel-General' cannot be found.  The local computer may not have the necessary registry information or message DLL files to display the message, or you may not have permission to access them.  The following information is part of the event:'2026-01-15T22:03:23.3816362Z'",""
"1/15/2026 11:03:23 PM","2026-01-15 22:03:23Z","Windows","Win 13 Microsoft-Windows-Kernel-General","System","Information - The operating system is shutting down at system time ‎2026‎-‎01‎-‎15T22:03:23.381636200Z.",""
"1/15/2026 11:03:42 PM","2026-01-15 22:03:42Z","Windows","Win 12 Microsoft-Windows-Kernel-General","System(Get-EventLog)","Information - The description for Event ID '12' in Source 'Microsoft-Windows-Kernel-General' cannot be found.  The local computer may not have the necessary registry information or message DLL files to display the message, or you may not have permission to access them.  The following information is part of the event:'10', '0', '19041', '6807', '0', '0', '2026-01-15T22:03:41.5000000Z'",""
"1/15/2026 11:03:42 PM","2026-01-15 22:03:42Z","Windows","Win 12 Microsoft-Windows-Kernel-General","System","Information - The operating system started at system time ‎2026‎-‎01‎-‎15T22:03:41.500000000Z.",""
"1/15/2026 11:03:50 PM","2026-01-15 22:03:50Z","Windows","Win 6009 EventLog","System(Get-EventLog)","Information - Microsoft (R) Windows (R) 10.00. 19044  Multiprocessor Free.",""
"1/15/2026 11:03:50 PM","2026-01-15 22:03:50Z","Windows","Win 6005 EventLog","System(Get-EventLog)","Information - The Event log service was started.",""
"1/15/2026 11:03:50 PM","2026-01-15 22:03:50Z","Windows","Win 6009 EventLog","System","Information - Microsoft (R) Windows (R) 10.00. 19044  Multiprocessor Free.",""
"1/15/2026 11:03:50 PM","2026-01-15 22:03:50Z","Windows","Win 6005 EventLog","System","Information - The Event log service was started.",""
"1/15/2026 11:03:51 PM","2026-01-15 22:03:51Z","Windows","Win 12 Microsoft-Windows-UserModePowerService","System(Get-EventLog)","Information - Process C:\Windows\System32\DriverStore\FileRepository\ipf_cpu.inf_amd64_049e38a37c46edc4\ipf_uf.exe (process ID:3468) reset policy scheme from {07084296-1ee0-4afa-bf25-f667953ec23a} to {07084296-1ee0-4afa-bf25-f667953ec23a}",""
"1/15/2026 11:03:51 PM","2026-01-15 22:03:51Z","Windows","Win 12 Microsoft-Windows-UserModePowerService","System(Get-EventLog)","Information - Process C:\Windows\System32\DriverStore\FileRepository\ipf_cpu.inf_amd64_049e38a37c46edc4\ipf_uf.exe (process ID:3468) reset policy scheme from {07084296-1ee0-4afa-bf25-f667953ec23a} to {07084296-1ee0-4afa-bf25-f667953ec23a}",""
"1/15/2026 11:03:51 PM","2026-01-15 22:03:51Z","Windows","Win 12 Microsoft-Windows-UserModePowerService","System","Information - Process C:\Windows\System32\DriverStore\FileRepository\ipf_cpu.inf_amd64_049e38a37c46edc4\ipf_uf.exe (process ID:3468) reset policy scheme from {07084296-1ee0-4afa-bf25-f667953ec23a} to {07084296-1ee0-4afa-bf25-f667953ec23a}",""
"1/15/2026 11:03:51 PM","2026-01-15 22:03:51Z","Windows","Win 12 Microsoft-Windows-UserModePowerService","System","Information - Process C:\Windows\System32\DriverStore\FileRepository\ipf_cpu.inf_amd64_049e38a37c46edc4\ipf_uf.exe (process ID:3468) reset policy scheme from {07084296-1ee0-4afa-bf25-f667953ec23a} to {07084296-1ee0-4afa-bf25-f667953ec23a}",""
