Error Message,Error Exception,Line,Date

Could not load PSWriteWord for signature list creation; part of folder creation function will not work,The specified module 'pswriteword' was not loaded because no valid module file was found in any module directory.,4374,2025-11-13 16:11:52
An error has occured at function create-folder while trying to build folder for GXMRSA-NXG-CE-10,The term 'Get-WordDocument' is not recognized as the name of a cmdlet; function; script file; or operable program. Check the spelling of the name; or if a path was included; verify that the path is correct and try again.,3037,2025-11-13 16:16:28
An error has occured at function create-folder while trying to build folder for GXGI-10,Cannot index into a null array.,2839,2026-01-06 13:52:14
