﻿"CPHD-5RT7YB4","\Microsoft\Windows\Maintenance\WinSAT","N/A","Ready","Interactive/Background","11/26/2025 11:10:34 AM","-2147023829","Microsoft","COM handler","N/A","Measures a system's performance and capabilities","Enabled","Disabled","Stop On Battery Mode, No Start On Batteries","Administrators","Disabled","00:30:00","Scheduling data is not available in this format.","On demand only","N/A","N/A","N/A","N/A","N/A","N/A","N/A","N/A","N/A"
"CPHD-5RT7YB4","\Microsoft\Windows\Management\Provisioning\RunOnReboot","N/A","Disabled","Interactive/Background","11/30/1999 12:00:00 AM","267011","N/A","%windir%\system32\ProvTool.exe /turn 5 /source ContinueSessionTask","N/A","N/A","Disabled","Disabled","","SYSTEM","Disabled","72:00:00","Scheduling data is not available in this format.","At system start up","N/A","N/A","N/A","N/A","N/A","N/A","N/A","N/A","N/A"
"CPHD-5RT7YB4","\Microsoft\Windows\Plug and Play\Device Install Reboot Required","N/A","Ready","Interactive/Background","1/15/2026 2:16:11 PM","0","Microsoft Corporation","COM handler","N/A","Notifies the user that Windows needs to be restarted to finish setting up a device.","Enabled","Disabled","","INTERACTIVE","Disabled","72:00:00","Scheduling data is not available in this format.","Undefined","N/A","N/A","N/A","N/A","N/A","N/A","N/A","N/A","N/A"
"CPHD-5RT7YB4","\Microsoft\Windows\Plug and Play\Device Install Reboot Required","N/A","Ready","Interactive/Background","1/15/2026 2:16:11 PM","0","Microsoft Corporation","COM handler","N/A","Notifies the user that Windows needs to be restarted to finish setting up a device.","Enabled","Disabled","","INTERACTIVE","Disabled","72:00:00","Scheduling data is not available in this format.","At logon time","N/A","N/A","N/A","N/A","N/A","N/A","N/A","N/A","N/A"
"CPHD-5RT7YB4","\Microsoft\Windows\Servicing\StartComponentCleanup","N/A","Ready","Interactive/Background","1/9/2026 10:01:03 PM","0","N/A","COM handler","N/A","N/A","Enabled","Disabled","Stop On Battery Mode, No Start On Batteries","SYSTEM","Disabled","01:00:00","Scheduling data is not available in this format.","On demand only","N/A","N/A","N/A","N/A","N/A","N/A","N/A","N/A","N/A"
"CPHD-5RT7YB4","\Microsoft\Windows\SoftwareProtectionPlatform\SvcRestartTaskLogon","N/A","Disabled","Interactive/Background","9/17/2025 6:18:09 PM","0","Microsoft Corporation","COM handler","N/A","This task restarts the Software Protection Platform service when user logon occurs","Disabled","Disabled","","INTERACTIVE","Disabled","Disabled","Scheduling data is not available in this format.","At logon time","N/A","N/A","N/A","N/A","N/A","N/A","N/A","N/A","N/A"
"CPHD-5RT7YB4","\Microsoft\Windows\StateRepository\MaintenanceTasks","N/A","Ready","Interactive/Background","1/15/2026 10:28:54 PM","0","$(@%SystemRoot%\system32\Windows.StateRepositoryClient.dll,-600)","%windir%\system32\rundll32.exe %windir%\system32\Windows.StateRepositoryClient.dll,StateRepositoryDoMaintenanceTasks","N/A","$(@%SystemRoot%\system32\Windows.StateRepositoryClient.dll,-602)","Enabled","Disabled","","SYSTEM","Disabled","72:00:00","Scheduling data is not available in this format.","On demand only","N/A","N/A","N/A","N/A","N/A","N/A","N/A","N/A","N/A"
"CPHD-5RT7YB4","\Microsoft\Windows\WindowsUpdate\Scheduled Start","1/17/2026 8:13:45 AM","Ready","Interactive/Background","1/16/2026 8:14:28 AM","0","Microsoft Corporation.","C:\Windows\system32\sc.exe start wuauserv","N/A","This task is used to start the Windows Update service when needed to perform scheduled operations such as scans.","Enabled","Disabled","","SYSTEM","Disabled","72:00:00","Scheduling data is not available in this format.","One Time Only","8:13:29 AM","1/17/2026","N/A","N/A","N/A","Disabled","Disabled","Disabled","Disabled"
"CPHD-5RT7YB4","\Microsoft\Windows\WindowsUpdate\Scheduled Start","1/17/2026 8:14:18 AM","Ready","Interactive/Background","1/16/2026 8:14:28 AM","0","Microsoft Corporation.","C:\Windows\system32\sc.exe start wuauserv","N/A","This task is used to start the Windows Update service when needed to perform scheduled operations such as scans.","Enabled","Disabled","","SYSTEM","Disabled","72:00:00","Scheduling data is not available in this format.","When an event occurs","N/A","N/A","N/A","N/A","N/A","N/A","N/A","N/A","N/A"
"CPHD-5RT7YB4","\Microsoft\Windows\WindowsUpdate\Scheduled Start","1/17/2026 8:13:39 AM","Ready","Interactive/Background","1/16/2026 8:14:28 AM","0","Microsoft Corporation.","C:\Windows\system32\sc.exe start wuauserv","N/A","This task is used to start the Windows Update service when needed to perform scheduled operations such as scans.","Enabled","Disabled","","SYSTEM","Disabled","72:00:00","Scheduling data is not available in this format.","When an event occurs","N/A","N/A","N/A","N/A","N/A","N/A","N/A","N/A","N/A"
"CPHD-5RT7YB4","\Microsoft\Windows\WindowsUpdate\Scheduled Start","1/17/2026 8:14:02 AM","Ready","Interactive/Background","1/16/2026 8:14:28 AM","0","Microsoft Corporation.","C:\Windows\system32\sc.exe start wuauserv","N/A","This task is used to start the Windows Update service when needed to perform scheduled operations such as scans.","Enabled","Disabled","","SYSTEM","Disabled","72:00:00","Scheduling data is not available in this format.","Undefined","N/A","N/A","N/A","N/A","N/A","N/A","N/A","N/A","N/A"
