﻿"LocalTime","UtcTime","Source","Type","Device","Details","AnchorId"
"1/15/2026 12:07:01 AM","2026-01-14 23:07:01Z","Windows","Win 1074 User32","System(Get-EventLog)","Information - The process C:\Windows\system32\svchost.exe (CPHD-5RT7YB4) has initiated the restart of computer CPHD-5RT7YB4 on behalf of user NT AUTHORITY\SYSTEM for the following reason: Operating System: Service pack (Planned)
 Reason Code: 0x80020010
 Shutdown Type: restart
 Comment: ",""
"1/15/2026 12:07:01 AM","2026-01-14 23:07:01Z","Windows","Win 1074 User32","System","Information - The process C:\Windows\system32\svchost.exe (CPHD-5RT7YB4) has initiated the restart of computer CPHD-5RT7YB4 on behalf of user NT AUTHORITY\SYSTEM for the following reason: Operating System: Service pack (Planned)
 Reason Code: 0x80020010
 Shutdown Type: restart
 Comment: ",""
"1/15/2026 12:07:24 AM","2026-01-14 23:07:24Z","Windows","Win 6006 EventLog","System(Get-EventLog)","Information - The Event log service was stopped.",""
"1/15/2026 12:07:24 AM","2026-01-14 23:07:24Z","Windows","Win 6006 EventLog","System","Information - The Event log service was stopped.",""
"1/15/2026 12:07:29 AM","2026-01-14 23:07:29Z","Windows","Win 109 Microsoft-Windows-Kernel-Power","System(Get-EventLog)","Information - The description for Event ID '109' in Source 'Microsoft-Windows-Kernel-Power' cannot be found.  The local computer may not have the necessary registry information or message DLL files to display the message, or you may not have permission to access them.  The following information is part of the event:'5', '0', '5'",""
"1/15/2026 12:07:29 AM","2026-01-14 23:07:29Z","Windows","Win 109 Microsoft-Windows-Kernel-Power","System","Information - The kernel power manager has initiated a shutdown transition.

Shutdown Reason: Kernel API",""
"1/15/2026 12:07:30 AM","2026-01-14 23:07:30Z","Windows","Win 13 Microsoft-Windows-Kernel-General","System(Get-EventLog)","Information - The description for Event ID '13' in Source 'Microsoft-Windows-Kernel-General' cannot be found.  The local computer may not have the necessary registry information or message DLL files to display the message, or you may not have permission to access them.  The following information is part of the event:'2026-01-14T23:07:30.1930183Z'",""
"1/15/2026 12:07:30 AM","2026-01-14 23:07:30Z","Windows","Win 13 Microsoft-Windows-Kernel-General","System","Information - The operating system is shutting down at system time ‎2026‎-‎01‎-‎14T23:07:30.193018300Z.",""
"1/15/2026 12:07:45 AM","2026-01-14 23:07:45Z","Windows","Win 12 Microsoft-Windows-Kernel-General","System(Get-EventLog)","Information - The description for Event ID '12' in Source 'Microsoft-Windows-Kernel-General' cannot be found.  The local computer may not have the necessary registry information or message DLL files to display the message, or you may not have permission to access them.  The following information is part of the event:'10', '0', '19041', '6807', '0', '0', '2026-01-14T23:07:44.5000000Z'",""
"1/15/2026 12:07:45 AM","2026-01-14 23:07:45Z","Windows","Win 12 Microsoft-Windows-Kernel-General","System","Information - The operating system started at system time ‎2026‎-‎01‎-‎14T23:07:44.500000000Z.",""
"1/15/2026 12:08:14 AM","2026-01-14 23:08:14Z","Windows","Win 6005 EventLog","System(Get-EventLog)","Information - The Event log service was started.",""
"1/15/2026 12:08:14 AM","2026-01-14 23:08:14Z","Windows","Win 6009 EventLog","System(Get-EventLog)","Information - Microsoft (R) Windows (R) 10.00. 19044  Multiprocessor Free.",""
"1/15/2026 12:08:14 AM","2026-01-14 23:08:14Z","Windows","Win 6009 EventLog","System","Information - Microsoft (R) Windows (R) 10.00. 19044  Multiprocessor Free.",""
"1/15/2026 12:08:14 AM","2026-01-14 23:08:14Z","Windows","Win 6005 EventLog","System","Information - The Event log service was started.",""
"1/15/2026 12:08:15 AM","2026-01-14 23:08:15Z","Windows","Win 12 Microsoft-Windows-UserModePowerService","System(Get-EventLog)","Information - Process C:\Windows\System32\DriverStore\FileRepository\ipf_cpu.inf_amd64_049e38a37c46edc4\ipf_uf.exe (process ID:3688) reset policy scheme from {07084296-1ee0-4afa-bf25-f667953ec23a} to {07084296-1ee0-4afa-bf25-f667953ec23a}",""
"1/15/2026 12:08:15 AM","2026-01-14 23:08:15Z","Windows","Win 12 Microsoft-Windows-UserModePowerService","System(Get-EventLog)","Information - Process C:\Windows\System32\DriverStore\FileRepository\ipf_cpu.inf_amd64_049e38a37c46edc4\ipf_uf.exe (process ID:3688) reset policy scheme from {07084296-1ee0-4afa-bf25-f667953ec23a} to {07084296-1ee0-4afa-bf25-f667953ec23a}",""
"1/15/2026 12:08:15 AM","2026-01-14 23:08:15Z","Windows","Win 12 Microsoft-Windows-UserModePowerService","System","Information - Process C:\Windows\System32\DriverStore\FileRepository\ipf_cpu.inf_amd64_049e38a37c46edc4\ipf_uf.exe (process ID:3688) reset policy scheme from {07084296-1ee0-4afa-bf25-f667953ec23a} to {07084296-1ee0-4afa-bf25-f667953ec23a}",""
"1/15/2026 12:08:15 AM","2026-01-14 23:08:15Z","Windows","Win 12 Microsoft-Windows-UserModePowerService","System","Information - Process C:\Windows\System32\DriverStore\FileRepository\ipf_cpu.inf_amd64_049e38a37c46edc4\ipf_uf.exe (process ID:3688) reset policy scheme from {07084296-1ee0-4afa-bf25-f667953ec23a} to {07084296-1ee0-4afa-bf25-f667953ec23a}",""
"1/15/2026 1:58:22 PM","2026-01-15 12:58:22Z","Windows","Win 1074 User32","System(Get-EventLog)","Information - The process C:\Windows\system32\winlogon.exe (CPHD-5RT7YB4) has initiated the power off of computer CPHD-5RT7YB4 on behalf of user NT AUTHORITY\SYSTEM for the following reason: No title for this reason could be found
 Reason Code: 0x500ff
 Shutdown Type: power off
 Comment: ",""
"1/15/2026 1:58:22 PM","2026-01-15 12:58:22Z","Windows","Win 1074 User32","System","Information - The process C:\Windows\system32\winlogon.exe (CPHD-5RT7YB4) has initiated the power off of computer CPHD-5RT7YB4 on behalf of user NT AUTHORITY\SYSTEM for the following reason: No title for this reason could be found
 Reason Code: 0x500ff
 Shutdown Type: power off
 Comment: ",""
"1/15/2026 1:58:23 PM","2026-01-15 12:58:23Z","Windows","Win 6006 EventLog","System(Get-EventLog)","Information - The Event log service was stopped.",""
"1/15/2026 1:58:23 PM","2026-01-15 12:58:23Z","Windows","Win 6006 EventLog","System","Information - The Event log service was stopped.",""
"1/15/2026 1:58:28 PM","2026-01-15 12:58:28Z","Windows","Win 109 Microsoft-Windows-Kernel-Power","System(Get-EventLog)","Information - The description for Event ID '109' in Source 'Microsoft-Windows-Kernel-Power' cannot be found.  The local computer may not have the necessary registry information or message DLL files to display the message, or you may not have permission to access them.  The following information is part of the event:'6', '0', '5'",""
"1/15/2026 1:58:28 PM","2026-01-15 12:58:28Z","Windows","Win 109 Microsoft-Windows-Kernel-Power","System","Information - The kernel power manager has initiated a shutdown transition.

Shutdown Reason: Kernel API",""
"1/15/2026 1:58:29 PM","2026-01-15 12:58:29Z","Windows","Win 13 Microsoft-Windows-Kernel-General","System(Get-EventLog)","Information - The description for Event ID '13' in Source 'Microsoft-Windows-Kernel-General' cannot be found.  The local computer may not have the necessary registry information or message DLL files to display the message, or you may not have permission to access them.  The following information is part of the event:'2026-01-15T12:58:29.1689138Z'",""
"1/15/2026 1:58:29 PM","2026-01-15 12:58:29Z","Windows","Win 13 Microsoft-Windows-Kernel-General","System","Information - The operating system is shutting down at system time ‎2026‎-‎01‎-‎15T12:58:29.168913800Z.",""
"1/15/2026 2:12:52 PM","2026-01-15 13:12:52Z","Windows","Win 12 Microsoft-Windows-Kernel-General","System(Get-EventLog)","Information - The description for Event ID '12' in Source 'Microsoft-Windows-Kernel-General' cannot be found.  The local computer may not have the necessary registry information or message DLL files to display the message, or you may not have permission to access them.  The following information is part of the event:'10', '0', '19041', '6807', '0', '0', '2026-01-15T13:12:51.5000000Z'",""
"1/15/2026 2:12:52 PM","2026-01-15 13:12:52Z","Windows","Win 12 Microsoft-Windows-Kernel-General","System","Information - The operating system started at system time ‎2026‎-‎01‎-‎15T13:12:51.500000000Z.",""
"1/15/2026 2:13:19 PM","2026-01-15 13:13:19Z","Windows","Win 6009 EventLog","System(Get-EventLog)","Information - Microsoft (R) Windows (R) 10.00. 19044  Multiprocessor Free.",""
"1/15/2026 2:13:19 PM","2026-01-15 13:13:19Z","Windows","Win 6005 EventLog","System(Get-EventLog)","Information - The Event log service was started.",""
"1/15/2026 2:13:19 PM","2026-01-15 13:13:19Z","Windows","Win 6005 EventLog","System","Information - The Event log service was started.",""
"1/15/2026 2:13:19 PM","2026-01-15 13:13:19Z","Windows","Win 6009 EventLog","System","Information - Microsoft (R) Windows (R) 10.00. 19044  Multiprocessor Free.",""
"1/15/2026 2:13:20 PM","2026-01-15 13:13:20Z","Windows","Win 12 Microsoft-Windows-UserModePowerService","System(Get-EventLog)","Information - Process C:\Windows\System32\DriverStore\FileRepository\ipf_cpu.inf_amd64_049e38a37c46edc4\ipf_uf.exe (process ID:3676) reset policy scheme from {07084296-1ee0-4afa-bf25-f667953ec23a} to {07084296-1ee0-4afa-bf25-f667953ec23a}",""
"1/15/2026 2:13:20 PM","2026-01-15 13:13:20Z","Windows","Win 12 Microsoft-Windows-UserModePowerService","System(Get-EventLog)","Information - Process C:\Windows\System32\DriverStore\FileRepository\ipf_cpu.inf_amd64_049e38a37c46edc4\ipf_uf.exe (process ID:3676) reset policy scheme from {07084296-1ee0-4afa-bf25-f667953ec23a} to {07084296-1ee0-4afa-bf25-f667953ec23a}",""
"1/15/2026 2:13:20 PM","2026-01-15 13:13:20Z","Windows","Win 12 Microsoft-Windows-UserModePowerService","System","Information - Process C:\Windows\System32\DriverStore\FileRepository\ipf_cpu.inf_amd64_049e38a37c46edc4\ipf_uf.exe (process ID:3676) reset policy scheme from {07084296-1ee0-4afa-bf25-f667953ec23a} to {07084296-1ee0-4afa-bf25-f667953ec23a}",""
"1/15/2026 2:13:20 PM","2026-01-15 13:13:20Z","Windows","Win 12 Microsoft-Windows-UserModePowerService","System","Information - Process C:\Windows\System32\DriverStore\FileRepository\ipf_cpu.inf_amd64_049e38a37c46edc4\ipf_uf.exe (process ID:3676) reset policy scheme from {07084296-1ee0-4afa-bf25-f667953ec23a} to {07084296-1ee0-4afa-bf25-f667953ec23a}",""
