﻿"Anchor","AnchorLocal","AnchorUtc","LocalTime","UtcTime","Id","ProviderName","LevelDisplayName","LogName","Message"
"41","12/16/2025 1:22:52 PM","12/16/2025 12:22:52 PM","12/16/2025 1:22:52 PM","12/16/2025 12:22:52 PM","44","Microsoft-Windows-WindowsUpdateClient","Information","System","Windows Update started downloading an update."
"41","12/16/2025 1:22:52 PM","12/16/2025 12:22:52 PM","12/16/2025 1:22:52 PM","12/16/2025 12:22:52 PM","41","Microsoft-Windows-WindowsUpdateClient","Information","Microsoft-Windows-WindowsUpdateClient/Operational","An update was downloaded."
"41","12/17/2025 3:04:01 PM","12/17/2025 2:04:01 PM","12/17/2025 3:03:54 PM","12/17/2025 2:03:54 PM","26","Microsoft-Windows-WindowsUpdateClient","Information","Microsoft-Windows-WindowsUpdateClient/Operational","Windows Update successfully found 1 updates."
"41","12/17/2025 3:04:01 PM","12/17/2025 2:04:01 PM","12/17/2025 3:03:54 PM","12/17/2025 2:03:54 PM","26","Microsoft-Windows-WindowsUpdateClient","Information","Microsoft-Windows-WindowsUpdateClient/Operational","Windows Update successfully found 0 updates."
"41","12/17/2025 3:04:01 PM","12/17/2025 2:04:01 PM","12/17/2025 3:03:54 PM","12/17/2025 2:03:54 PM","26","Microsoft-Windows-WindowsUpdateClient","Information","Microsoft-Windows-WindowsUpdateClient/Operational","Windows Update successfully found 1 updates."
"41","12/17/2025 3:04:01 PM","12/17/2025 2:04:01 PM","12/17/2025 3:03:54 PM","12/17/2025 2:03:54 PM","26","Microsoft-Windows-WindowsUpdateClient","Information","Microsoft-Windows-WindowsUpdateClient/Operational","Windows Update successfully found 0 updates."
"41","12/17/2025 3:04:01 PM","12/17/2025 2:04:01 PM","12/17/2025 3:03:54 PM","12/17/2025 2:03:54 PM","26","Microsoft-Windows-WindowsUpdateClient","Information","Microsoft-Windows-WindowsUpdateClient/Operational","Windows Update successfully found 0 updates."
"41","12/17/2025 3:04:01 PM","12/17/2025 2:04:01 PM","12/17/2025 3:04:01 PM","12/17/2025 2:04:01 PM","44","Microsoft-Windows-WindowsUpdateClient","Information","System","Windows Update started downloading an update."
"41","12/17/2025 3:04:01 PM","12/17/2025 2:04:01 PM","12/17/2025 3:04:01 PM","12/17/2025 2:04:01 PM","41","Microsoft-Windows-WindowsUpdateClient","Information","Microsoft-Windows-WindowsUpdateClient/Operational","An update was downloaded."
"41","12/19/2025 3:00:57 PM","12/19/2025 2:00:57 PM","12/19/2025 3:00:50 PM","12/19/2025 2:00:50 PM","26","Microsoft-Windows-WindowsUpdateClient","Information","Microsoft-Windows-WindowsUpdateClient/Operational","Windows Update successfully found 1 updates."
"41","12/19/2025 3:00:57 PM","12/19/2025 2:00:57 PM","12/19/2025 3:00:50 PM","12/19/2025 2:00:50 PM","26","Microsoft-Windows-WindowsUpdateClient","Information","Microsoft-Windows-WindowsUpdateClient/Operational","Windows Update successfully found 0 updates."
"41","12/19/2025 3:00:57 PM","12/19/2025 2:00:57 PM","12/19/2025 3:00:50 PM","12/19/2025 2:00:50 PM","26","Microsoft-Windows-WindowsUpdateClient","Information","Microsoft-Windows-WindowsUpdateClient/Operational","Windows Update successfully found 1 updates."
"41","12/19/2025 3:00:57 PM","12/19/2025 2:00:57 PM","12/19/2025 3:00:50 PM","12/19/2025 2:00:50 PM","26","Microsoft-Windows-WindowsUpdateClient","Information","Microsoft-Windows-WindowsUpdateClient/Operational","Windows Update successfully found 0 updates."
"41","12/19/2025 3:00:57 PM","12/19/2025 2:00:57 PM","12/19/2025 3:00:50 PM","12/19/2025 2:00:50 PM","26","Microsoft-Windows-WindowsUpdateClient","Information","Microsoft-Windows-WindowsUpdateClient/Operational","Windows Update successfully found 0 updates."
"41","12/19/2025 3:00:57 PM","12/19/2025 2:00:57 PM","12/19/2025 3:00:57 PM","12/19/2025 2:00:57 PM","44","Microsoft-Windows-WindowsUpdateClient","Information","System","Windows Update started downloading an update."
"41","12/19/2025 3:00:57 PM","12/19/2025 2:00:57 PM","12/19/2025 3:00:57 PM","12/19/2025 2:00:57 PM","41","Microsoft-Windows-WindowsUpdateClient","Information","Microsoft-Windows-WindowsUpdateClient/Operational","An update was downloaded."
"41","12/21/2025 9:53:24 PM","12/21/2025 8:53:24 PM","12/21/2025 9:45:26 PM","12/21/2025 8:45:26 PM","26","Microsoft-Windows-WindowsUpdateClient","Information","Microsoft-Windows-WindowsUpdateClient/Operational","Windows Update successfully found 1 updates."
"41","12/21/2025 9:53:24 PM","12/21/2025 8:53:24 PM","12/21/2025 9:45:26 PM","12/21/2025 8:45:26 PM","26","Microsoft-Windows-WindowsUpdateClient","Information","Microsoft-Windows-WindowsUpdateClient/Operational","Windows Update successfully found 0 updates."
"41","12/21/2025 9:53:24 PM","12/21/2025 8:53:24 PM","12/21/2025 9:45:26 PM","12/21/2025 8:45:26 PM","26","Microsoft-Windows-WindowsUpdateClient","Information","Microsoft-Windows-WindowsUpdateClient/Operational","Windows Update successfully found 1 updates."
"41","12/21/2025 9:53:24 PM","12/21/2025 8:53:24 PM","12/21/2025 9:45:26 PM","12/21/2025 8:45:26 PM","26","Microsoft-Windows-WindowsUpdateClient","Information","Microsoft-Windows-WindowsUpdateClient/Operational","Windows Update successfully found 0 updates."
"41","12/21/2025 9:53:24 PM","12/21/2025 8:53:24 PM","12/21/2025 9:45:26 PM","12/21/2025 8:45:26 PM","26","Microsoft-Windows-WindowsUpdateClient","Information","Microsoft-Windows-WindowsUpdateClient/Operational","Windows Update successfully found 0 updates."
"41","12/21/2025 9:53:24 PM","12/21/2025 8:53:24 PM","12/21/2025 9:53:24 PM","12/21/2025 8:53:24 PM","44","Microsoft-Windows-WindowsUpdateClient","Information","System","Windows Update started downloading an update."
"41","12/21/2025 9:53:24 PM","12/21/2025 8:53:24 PM","12/21/2025 9:53:24 PM","12/21/2025 8:53:24 PM","41","Microsoft-Windows-WindowsUpdateClient","Information","Microsoft-Windows-WindowsUpdateClient/Operational","An update was downloaded."
"41","12/23/2025 11:09:09 PM","12/23/2025 10:09:09 PM","12/23/2025 11:09:09 PM","12/23/2025 10:09:09 PM","44","Microsoft-Windows-WindowsUpdateClient","Information","System","Windows Update started downloading an update."
"41","12/23/2025 11:09:09 PM","12/23/2025 10:09:09 PM","12/23/2025 11:09:09 PM","12/23/2025 10:09:09 PM","41","Microsoft-Windows-WindowsUpdateClient","Information","Microsoft-Windows-WindowsUpdateClient/Operational","An update was downloaded."
"41","12/25/2025 2:41:35 PM","12/25/2025 1:41:35 PM","12/25/2025 2:41:29 PM","12/25/2025 1:41:29 PM","26","Microsoft-Windows-WindowsUpdateClient","Information","Microsoft-Windows-WindowsUpdateClient/Operational","Windows Update successfully found 1 updates."
"41","12/25/2025 2:41:35 PM","12/25/2025 1:41:35 PM","12/25/2025 2:41:29 PM","12/25/2025 1:41:29 PM","26","Microsoft-Windows-WindowsUpdateClient","Information","Microsoft-Windows-WindowsUpdateClient/Operational","Windows Update successfully found 0 updates."
"41","12/25/2025 2:41:35 PM","12/25/2025 1:41:35 PM","12/25/2025 2:41:29 PM","12/25/2025 1:41:29 PM","26","Microsoft-Windows-WindowsUpdateClient","Information","Microsoft-Windows-WindowsUpdateClient/Operational","Windows Update successfully found 1 updates."
"41","12/25/2025 2:41:35 PM","12/25/2025 1:41:35 PM","12/25/2025 2:41:29 PM","12/25/2025 1:41:29 PM","26","Microsoft-Windows-WindowsUpdateClient","Information","Microsoft-Windows-WindowsUpdateClient/Operational","Windows Update successfully found 0 updates."
"41","12/25/2025 2:41:35 PM","12/25/2025 1:41:35 PM","12/25/2025 2:41:29 PM","12/25/2025 1:41:29 PM","26","Microsoft-Windows-WindowsUpdateClient","Information","Microsoft-Windows-WindowsUpdateClient/Operational","Windows Update successfully found 0 updates."
"41","12/25/2025 2:41:35 PM","12/25/2025 1:41:35 PM","12/25/2025 2:41:35 PM","12/25/2025 1:41:35 PM","44","Microsoft-Windows-WindowsUpdateClient","Information","System","Windows Update started downloading an update."
"41","12/25/2025 2:41:35 PM","12/25/2025 1:41:35 PM","12/25/2025 2:41:35 PM","12/25/2025 1:41:35 PM","41","Microsoft-Windows-WindowsUpdateClient","Information","Microsoft-Windows-WindowsUpdateClient/Operational","An update was downloaded."
"41","12/27/2025 9:38:50 PM","12/27/2025 8:38:50 PM","12/27/2025 9:38:45 PM","12/27/2025 8:38:45 PM","26","Microsoft-Windows-WindowsUpdateClient","Information","Microsoft-Windows-WindowsUpdateClient/Operational","Windows Update successfully found 1 updates."
"41","12/27/2025 9:38:50 PM","12/27/2025 8:38:50 PM","12/27/2025 9:38:45 PM","12/27/2025 8:38:45 PM","26","Microsoft-Windows-WindowsUpdateClient","Information","Microsoft-Windows-WindowsUpdateClient/Operational","Windows Update successfully found 0 updates."
"41","12/27/2025 9:38:50 PM","12/27/2025 8:38:50 PM","12/27/2025 9:38:45 PM","12/27/2025 8:38:45 PM","26","Microsoft-Windows-WindowsUpdateClient","Information","Microsoft-Windows-WindowsUpdateClient/Operational","Windows Update successfully found 1 updates."
"41","12/27/2025 9:38:50 PM","12/27/2025 8:38:50 PM","12/27/2025 9:38:45 PM","12/27/2025 8:38:45 PM","26","Microsoft-Windows-WindowsUpdateClient","Information","Microsoft-Windows-WindowsUpdateClient/Operational","Windows Update successfully found 0 updates."
"41","12/27/2025 9:38:50 PM","12/27/2025 8:38:50 PM","12/27/2025 9:38:45 PM","12/27/2025 8:38:45 PM","26","Microsoft-Windows-WindowsUpdateClient","Information","Microsoft-Windows-WindowsUpdateClient/Operational","Windows Update successfully found 0 updates."
"41","12/27/2025 9:38:50 PM","12/27/2025 8:38:50 PM","12/27/2025 9:38:50 PM","12/27/2025 8:38:50 PM","44","Microsoft-Windows-WindowsUpdateClient","Information","System","Windows Update started downloading an update."
"41","12/27/2025 9:38:50 PM","12/27/2025 8:38:50 PM","12/27/2025 9:38:50 PM","12/27/2025 8:38:50 PM","41","Microsoft-Windows-WindowsUpdateClient","Information","Microsoft-Windows-WindowsUpdateClient/Operational","An update was downloaded."
"41","12/30/2025 12:30:24 AM","12/29/2025 11:30:24 PM","12/30/2025 12:30:19 AM","12/29/2025 11:30:19 PM","26","Microsoft-Windows-WindowsUpdateClient","Information","Microsoft-Windows-WindowsUpdateClient/Operational","Windows Update successfully found 1 updates."
"41","12/30/2025 12:30:24 AM","12/29/2025 11:30:24 PM","12/30/2025 12:30:19 AM","12/29/2025 11:30:19 PM","26","Microsoft-Windows-WindowsUpdateClient","Information","Microsoft-Windows-WindowsUpdateClient/Operational","Windows Update successfully found 0 updates."
"41","12/30/2025 12:30:24 AM","12/29/2025 11:30:24 PM","12/30/2025 12:30:19 AM","12/29/2025 11:30:19 PM","26","Microsoft-Windows-WindowsUpdateClient","Information","Microsoft-Windows-WindowsUpdateClient/Operational","Windows Update successfully found 1 updates."
"41","12/30/2025 12:30:24 AM","12/29/2025 11:30:24 PM","12/30/2025 12:30:19 AM","12/29/2025 11:30:19 PM","26","Microsoft-Windows-WindowsUpdateClient","Information","Microsoft-Windows-WindowsUpdateClient/Operational","Windows Update successfully found 0 updates."
"41","12/30/2025 12:30:24 AM","12/29/2025 11:30:24 PM","12/30/2025 12:30:19 AM","12/29/2025 11:30:19 PM","26","Microsoft-Windows-WindowsUpdateClient","Information","Microsoft-Windows-WindowsUpdateClient/Operational","Windows Update successfully found 0 updates."
"41","12/30/2025 12:30:24 AM","12/29/2025 11:30:24 PM","12/30/2025 12:30:24 AM","12/29/2025 11:30:24 PM","44","Microsoft-Windows-WindowsUpdateClient","Information","System","Windows Update started downloading an update."
"41","12/30/2025 12:30:24 AM","12/29/2025 11:30:24 PM","12/30/2025 12:30:24 AM","12/29/2025 11:30:24 PM","41","Microsoft-Windows-WindowsUpdateClient","Information","Microsoft-Windows-WindowsUpdateClient/Operational","An update was downloaded."
"41","12/31/2025 3:54:20 PM","12/31/2025 2:54:20 PM","12/31/2025 3:54:15 PM","12/31/2025 2:54:15 PM","26","Microsoft-Windows-WindowsUpdateClient","Information","Microsoft-Windows-WindowsUpdateClient/Operational","Windows Update successfully found 1 updates."
"41","12/31/2025 3:54:20 PM","12/31/2025 2:54:20 PM","12/31/2025 3:54:15 PM","12/31/2025 2:54:15 PM","26","Microsoft-Windows-WindowsUpdateClient","Information","Microsoft-Windows-WindowsUpdateClient/Operational","Windows Update successfully found 0 updates."
"41","12/31/2025 3:54:20 PM","12/31/2025 2:54:20 PM","12/31/2025 3:54:15 PM","12/31/2025 2:54:15 PM","26","Microsoft-Windows-WindowsUpdateClient","Information","Microsoft-Windows-WindowsUpdateClient/Operational","Windows Update successfully found 1 updates."
"41","12/31/2025 3:54:20 PM","12/31/2025 2:54:20 PM","12/31/2025 3:54:15 PM","12/31/2025 2:54:15 PM","26","Microsoft-Windows-WindowsUpdateClient","Information","Microsoft-Windows-WindowsUpdateClient/Operational","Windows Update successfully found 0 updates."
"41","12/31/2025 3:54:20 PM","12/31/2025 2:54:20 PM","12/31/2025 3:54:15 PM","12/31/2025 2:54:15 PM","26","Microsoft-Windows-WindowsUpdateClient","Information","Microsoft-Windows-WindowsUpdateClient/Operational","Windows Update successfully found 0 updates."
"41","12/31/2025 3:54:20 PM","12/31/2025 2:54:20 PM","12/31/2025 3:54:20 PM","12/31/2025 2:54:20 PM","44","Microsoft-Windows-WindowsUpdateClient","Information","System","Windows Update started downloading an update."
"41","12/31/2025 3:54:20 PM","12/31/2025 2:54:20 PM","12/31/2025 3:54:20 PM","12/31/2025 2:54:20 PM","41","Microsoft-Windows-WindowsUpdateClient","Information","Microsoft-Windows-WindowsUpdateClient/Operational","An update was downloaded."
"41","1/2/2026 8:07:43 PM","1/2/2026 7:07:43 PM","1/2/2026 8:07:38 PM","1/2/2026 7:07:38 PM","26","Microsoft-Windows-WindowsUpdateClient","Information","Microsoft-Windows-WindowsUpdateClient/Operational","Windows Update successfully found 1 updates."
"41","1/2/2026 8:07:43 PM","1/2/2026 7:07:43 PM","1/2/2026 8:07:38 PM","1/2/2026 7:07:38 PM","26","Microsoft-Windows-WindowsUpdateClient","Information","Microsoft-Windows-WindowsUpdateClient/Operational","Windows Update successfully found 0 updates."
"41","1/2/2026 8:07:43 PM","1/2/2026 7:07:43 PM","1/2/2026 8:07:38 PM","1/2/2026 7:07:38 PM","26","Microsoft-Windows-WindowsUpdateClient","Information","Microsoft-Windows-WindowsUpdateClient/Operational","Windows Update successfully found 1 updates."
"41","1/2/2026 8:07:43 PM","1/2/2026 7:07:43 PM","1/2/2026 8:07:38 PM","1/2/2026 7:07:38 PM","26","Microsoft-Windows-WindowsUpdateClient","Information","Microsoft-Windows-WindowsUpdateClient/Operational","Windows Update successfully found 0 updates."
"41","1/2/2026 8:07:43 PM","1/2/2026 7:07:43 PM","1/2/2026 8:07:38 PM","1/2/2026 7:07:38 PM","26","Microsoft-Windows-WindowsUpdateClient","Information","Microsoft-Windows-WindowsUpdateClient/Operational","Windows Update successfully found 0 updates."
"41","1/2/2026 8:07:43 PM","1/2/2026 7:07:43 PM","1/2/2026 8:07:43 PM","1/2/2026 7:07:43 PM","44","Microsoft-Windows-WindowsUpdateClient","Information","System","Windows Update started downloading an update."
"41","1/2/2026 8:07:43 PM","1/2/2026 7:07:43 PM","1/2/2026 8:07:43 PM","1/2/2026 7:07:43 PM","41","Microsoft-Windows-WindowsUpdateClient","Information","Microsoft-Windows-WindowsUpdateClient/Operational","An update was downloaded."
"41","1/2/2026 8:07:43 PM","1/2/2026 7:07:43 PM","1/2/2026 8:16:37 PM","1/2/2026 7:16:37 PM","108","Application Management Group Policy","Warning","System","Failed to apply changes to software installation settings.  The installation of software deployed through Group Policy for this user has been delayed until the next logon because the changes must be applied before the user logon.  The error was : %%1274"
"41","1/2/2026 8:07:43 PM","1/2/2026 7:07:43 PM","1/2/2026 8:16:37 PM","1/2/2026 7:16:37 PM","1112","Microsoft-Windows-GroupPolicy","Warning","System","The Group Policy Client Side Extension Software Installation was unable to apply one or more settings because the changes must be processed before system startup or user logon. The system will wait for Group Policy processing to finish completely before the next startup or logon for this user, and this may result in slow startup and boot performance."
"41","1/4/2026 11:13:06 AM","1/4/2026 10:13:06 AM","1/4/2026 11:13:01 AM","1/4/2026 10:13:01 AM","26","Microsoft-Windows-WindowsUpdateClient","Information","Microsoft-Windows-WindowsUpdateClient/Operational","Windows Update successfully found 1 updates."
"41","1/4/2026 11:13:06 AM","1/4/2026 10:13:06 AM","1/4/2026 11:13:01 AM","1/4/2026 10:13:01 AM","26","Microsoft-Windows-WindowsUpdateClient","Information","Microsoft-Windows-WindowsUpdateClient/Operational","Windows Update successfully found 0 updates."
"41","1/4/2026 11:13:06 AM","1/4/2026 10:13:06 AM","1/4/2026 11:13:01 AM","1/4/2026 10:13:01 AM","26","Microsoft-Windows-WindowsUpdateClient","Information","Microsoft-Windows-WindowsUpdateClient/Operational","Windows Update successfully found 1 updates."
"41","1/4/2026 11:13:06 AM","1/4/2026 10:13:06 AM","1/4/2026 11:13:01 AM","1/4/2026 10:13:01 AM","26","Microsoft-Windows-WindowsUpdateClient","Information","Microsoft-Windows-WindowsUpdateClient/Operational","Windows Update successfully found 0 updates."
"41","1/4/2026 11:13:06 AM","1/4/2026 10:13:06 AM","1/4/2026 11:13:01 AM","1/4/2026 10:13:01 AM","26","Microsoft-Windows-WindowsUpdateClient","Information","Microsoft-Windows-WindowsUpdateClient/Operational","Windows Update successfully found 0 updates."
"41","1/4/2026 11:13:06 AM","1/4/2026 10:13:06 AM","1/4/2026 11:13:06 AM","1/4/2026 10:13:06 AM","44","Microsoft-Windows-WindowsUpdateClient","Information","System","Windows Update started downloading an update."
"41","1/4/2026 11:13:06 AM","1/4/2026 10:13:06 AM","1/4/2026 11:13:06 AM","1/4/2026 10:13:06 AM","41","Microsoft-Windows-WindowsUpdateClient","Information","Microsoft-Windows-WindowsUpdateClient/Operational","An update was downloaded."
"41","1/6/2026 9:14:11 PM","1/6/2026 8:14:11 PM","1/6/2026 9:14:05 PM","1/6/2026 8:14:05 PM","26","Microsoft-Windows-WindowsUpdateClient","Information","Microsoft-Windows-WindowsUpdateClient/Operational","Windows Update successfully found 1 updates."
"41","1/6/2026 9:14:11 PM","1/6/2026 8:14:11 PM","1/6/2026 9:14:05 PM","1/6/2026 8:14:05 PM","26","Microsoft-Windows-WindowsUpdateClient","Information","Microsoft-Windows-WindowsUpdateClient/Operational","Windows Update successfully found 0 updates."
"41","1/6/2026 9:14:11 PM","1/6/2026 8:14:11 PM","1/6/2026 9:14:05 PM","1/6/2026 8:14:05 PM","26","Microsoft-Windows-WindowsUpdateClient","Information","Microsoft-Windows-WindowsUpdateClient/Operational","Windows Update successfully found 1 updates."
"41","1/6/2026 9:14:11 PM","1/6/2026 8:14:11 PM","1/6/2026 9:14:05 PM","1/6/2026 8:14:05 PM","26","Microsoft-Windows-WindowsUpdateClient","Information","Microsoft-Windows-WindowsUpdateClient/Operational","Windows Update successfully found 0 updates."
"41","1/6/2026 9:14:11 PM","1/6/2026 8:14:11 PM","1/6/2026 9:14:05 PM","1/6/2026 8:14:05 PM","26","Microsoft-Windows-WindowsUpdateClient","Information","Microsoft-Windows-WindowsUpdateClient/Operational","Windows Update successfully found 0 updates."
"41","1/6/2026 9:14:11 PM","1/6/2026 8:14:11 PM","1/6/2026 9:14:11 PM","1/6/2026 8:14:11 PM","44","Microsoft-Windows-WindowsUpdateClient","Information","System","Windows Update started downloading an update."
"41","1/6/2026 9:14:11 PM","1/6/2026 8:14:11 PM","1/6/2026 9:14:11 PM","1/6/2026 8:14:11 PM","41","Microsoft-Windows-WindowsUpdateClient","Information","Microsoft-Windows-WindowsUpdateClient/Operational","An update was downloaded."
"41","1/8/2026 2:53:12 PM","1/8/2026 1:53:12 PM","1/8/2026 2:53:12 PM","1/8/2026 1:53:12 PM","44","Microsoft-Windows-WindowsUpdateClient","Information","System","Windows Update started downloading an update."
"41","1/8/2026 2:53:12 PM","1/8/2026 1:53:12 PM","1/8/2026 2:53:12 PM","1/8/2026 1:53:12 PM","41","Microsoft-Windows-WindowsUpdateClient","Information","Microsoft-Windows-WindowsUpdateClient/Operational","An update was downloaded."
"41","1/9/2026 3:50:45 PM","1/9/2026 2:50:45 PM","1/9/2026 3:50:39 PM","1/9/2026 2:50:39 PM","26","Microsoft-Windows-WindowsUpdateClient","Information","Microsoft-Windows-WindowsUpdateClient/Operational","Windows Update successfully found 1 updates."
"41","1/9/2026 3:50:45 PM","1/9/2026 2:50:45 PM","1/9/2026 3:50:39 PM","1/9/2026 2:50:39 PM","26","Microsoft-Windows-WindowsUpdateClient","Information","Microsoft-Windows-WindowsUpdateClient/Operational","Windows Update successfully found 0 updates."
"41","1/9/2026 3:50:45 PM","1/9/2026 2:50:45 PM","1/9/2026 3:50:39 PM","1/9/2026 2:50:39 PM","26","Microsoft-Windows-WindowsUpdateClient","Information","Microsoft-Windows-WindowsUpdateClient/Operational","Windows Update successfully found 1 updates."
"41","1/9/2026 3:50:45 PM","1/9/2026 2:50:45 PM","1/9/2026 3:50:39 PM","1/9/2026 2:50:39 PM","26","Microsoft-Windows-WindowsUpdateClient","Information","Microsoft-Windows-WindowsUpdateClient/Operational","Windows Update successfully found 0 updates."
"41","1/9/2026 3:50:45 PM","1/9/2026 2:50:45 PM","1/9/2026 3:50:39 PM","1/9/2026 2:50:39 PM","26","Microsoft-Windows-WindowsUpdateClient","Information","Microsoft-Windows-WindowsUpdateClient/Operational","Windows Update successfully found 0 updates."
"41","1/9/2026 3:50:45 PM","1/9/2026 2:50:45 PM","1/9/2026 3:50:45 PM","1/9/2026 2:50:45 PM","44","Microsoft-Windows-WindowsUpdateClient","Information","System","Windows Update started downloading an update."
"41","1/9/2026 3:50:45 PM","1/9/2026 2:50:45 PM","1/9/2026 3:50:45 PM","1/9/2026 2:50:45 PM","41","Microsoft-Windows-WindowsUpdateClient","Information","Microsoft-Windows-WindowsUpdateClient/Operational","An update was downloaded."
"41","1/11/2026 11:44:16 PM","1/11/2026 10:44:16 PM","1/11/2026 11:44:11 PM","1/11/2026 10:44:11 PM","26","Microsoft-Windows-WindowsUpdateClient","Information","Microsoft-Windows-WindowsUpdateClient/Operational","Windows Update successfully found 1 updates."
"41","1/11/2026 11:44:16 PM","1/11/2026 10:44:16 PM","1/11/2026 11:44:11 PM","1/11/2026 10:44:11 PM","26","Microsoft-Windows-WindowsUpdateClient","Information","Microsoft-Windows-WindowsUpdateClient/Operational","Windows Update successfully found 0 updates."
"41","1/11/2026 11:44:16 PM","1/11/2026 10:44:16 PM","1/11/2026 11:44:11 PM","1/11/2026 10:44:11 PM","26","Microsoft-Windows-WindowsUpdateClient","Information","Microsoft-Windows-WindowsUpdateClient/Operational","Windows Update successfully found 1 updates."
"41","1/11/2026 11:44:16 PM","1/11/2026 10:44:16 PM","1/11/2026 11:44:11 PM","1/11/2026 10:44:11 PM","26","Microsoft-Windows-WindowsUpdateClient","Information","Microsoft-Windows-WindowsUpdateClient/Operational","Windows Update successfully found 0 updates."
"41","1/11/2026 11:44:16 PM","1/11/2026 10:44:16 PM","1/11/2026 11:44:11 PM","1/11/2026 10:44:11 PM","26","Microsoft-Windows-WindowsUpdateClient","Information","Microsoft-Windows-WindowsUpdateClient/Operational","Windows Update successfully found 0 updates."
"41","1/11/2026 11:44:16 PM","1/11/2026 10:44:16 PM","1/11/2026 11:44:16 PM","1/11/2026 10:44:16 PM","44","Microsoft-Windows-WindowsUpdateClient","Information","System","Windows Update started downloading an update."
"41","1/11/2026 11:44:16 PM","1/11/2026 10:44:16 PM","1/11/2026 11:44:16 PM","1/11/2026 10:44:16 PM","41","Microsoft-Windows-WindowsUpdateClient","Information","Microsoft-Windows-WindowsUpdateClient/Operational","An update was downloaded."
"41","1/11/2026 11:44:16 PM","1/11/2026 10:44:16 PM","1/11/2026 11:51:09 PM","1/11/2026 10:51:09 PM","108","Application Management Group Policy","Warning","System","Failed to apply changes to software installation settings.  The installation of software deployed through Group Policy for this user has been delayed until the next logon because the changes must be applied before the user logon.  The error was : %%1274"
"41","1/11/2026 11:44:16 PM","1/11/2026 10:44:16 PM","1/11/2026 11:51:09 PM","1/11/2026 10:51:09 PM","1112","Microsoft-Windows-GroupPolicy","Warning","System","The Group Policy Client Side Extension Software Installation was unable to apply one or more settings because the changes must be processed before system startup or user logon. The system will wait for Group Policy processing to finish completely before the next startup or logon for this user, and this may result in slow startup and boot performance."
"41","1/13/2026 2:07:03 PM","1/13/2026 1:07:03 PM","1/13/2026 2:06:58 PM","1/13/2026 1:06:58 PM","26","Microsoft-Windows-WindowsUpdateClient","Information","Microsoft-Windows-WindowsUpdateClient/Operational","Windows Update successfully found 1 updates."
"41","1/13/2026 2:07:03 PM","1/13/2026 1:07:03 PM","1/13/2026 2:06:58 PM","1/13/2026 1:06:58 PM","26","Microsoft-Windows-WindowsUpdateClient","Information","Microsoft-Windows-WindowsUpdateClient/Operational","Windows Update successfully found 0 updates."
"41","1/13/2026 2:07:03 PM","1/13/2026 1:07:03 PM","1/13/2026 2:06:58 PM","1/13/2026 1:06:58 PM","26","Microsoft-Windows-WindowsUpdateClient","Information","Microsoft-Windows-WindowsUpdateClient/Operational","Windows Update successfully found 1 updates."
"41","1/13/2026 2:07:03 PM","1/13/2026 1:07:03 PM","1/13/2026 2:06:58 PM","1/13/2026 1:06:58 PM","26","Microsoft-Windows-WindowsUpdateClient","Information","Microsoft-Windows-WindowsUpdateClient/Operational","Windows Update successfully found 0 updates."
"41","1/13/2026 2:07:03 PM","1/13/2026 1:07:03 PM","1/13/2026 2:06:58 PM","1/13/2026 1:06:58 PM","26","Microsoft-Windows-WindowsUpdateClient","Information","Microsoft-Windows-WindowsUpdateClient/Operational","Windows Update successfully found 0 updates."
"41","1/13/2026 2:07:03 PM","1/13/2026 1:07:03 PM","1/13/2026 2:07:03 PM","1/13/2026 1:07:03 PM","44","Microsoft-Windows-WindowsUpdateClient","Information","System","Windows Update started downloading an update."
"41","1/13/2026 2:07:03 PM","1/13/2026 1:07:03 PM","1/13/2026 2:07:03 PM","1/13/2026 1:07:03 PM","41","Microsoft-Windows-WindowsUpdateClient","Information","Microsoft-Windows-WindowsUpdateClient/Operational","An update was downloaded."
"41","1/14/2026 3:49:45 PM","1/14/2026 2:49:45 PM","1/14/2026 3:49:40 PM","1/14/2026 2:49:40 PM","26","Microsoft-Windows-WindowsUpdateClient","Information","Microsoft-Windows-WindowsUpdateClient/Operational","Windows Update successfully found 1 updates."
"41","1/14/2026 3:49:45 PM","1/14/2026 2:49:45 PM","1/14/2026 3:49:40 PM","1/14/2026 2:49:40 PM","26","Microsoft-Windows-WindowsUpdateClient","Information","Microsoft-Windows-WindowsUpdateClient/Operational","Windows Update successfully found 0 updates."
"41","1/14/2026 3:49:45 PM","1/14/2026 2:49:45 PM","1/14/2026 3:49:40 PM","1/14/2026 2:49:40 PM","26","Microsoft-Windows-WindowsUpdateClient","Information","Microsoft-Windows-WindowsUpdateClient/Operational","Windows Update successfully found 1 updates."
"41","1/14/2026 3:49:45 PM","1/14/2026 2:49:45 PM","1/14/2026 3:49:40 PM","1/14/2026 2:49:40 PM","26","Microsoft-Windows-WindowsUpdateClient","Information","Microsoft-Windows-WindowsUpdateClient/Operational","Windows Update successfully found 0 updates."
"41","1/14/2026 3:49:45 PM","1/14/2026 2:49:45 PM","1/14/2026 3:49:40 PM","1/14/2026 2:49:40 PM","26","Microsoft-Windows-WindowsUpdateClient","Information","Microsoft-Windows-WindowsUpdateClient/Operational","Windows Update successfully found 0 updates."
"41","1/14/2026 3:49:45 PM","1/14/2026 2:49:45 PM","1/14/2026 3:49:45 PM","1/14/2026 2:49:45 PM","44","Microsoft-Windows-WindowsUpdateClient","Information","System","Windows Update started downloading an update."
"41","1/14/2026 3:49:45 PM","1/14/2026 2:49:45 PM","1/14/2026 3:49:45 PM","1/14/2026 2:49:45 PM","41","Microsoft-Windows-WindowsUpdateClient","Information","Microsoft-Windows-WindowsUpdateClient/Operational","An update was downloaded."
