﻿"AnchorId","AnchorLocal","AnchorUtc","Has1074","Has109","HasWU19","Has6006","HasBootMarkers","Score_AcLossLik"
"41","12/16/2025 1:22:52 PM","12/16/2025 12:22:52 PM","False","False","False","False","False","4"
"41","12/17/2025 3:04:01 PM","12/17/2025 2:04:01 PM","False","False","False","False","False","4"
"41","12/19/2025 3:00:57 PM","12/19/2025 2:00:57 PM","False","False","False","False","False","4"
"41","12/21/2025 9:53:24 PM","12/21/2025 8:53:24 PM","False","False","False","False","False","4"
"41","12/23/2025 11:09:09 PM","12/23/2025 10:09:09 PM","False","False","False","False","False","4"
"41","12/25/2025 2:41:35 PM","12/25/2025 1:41:35 PM","False","False","False","False","False","4"
"41","12/27/2025 9:38:50 PM","12/27/2025 8:38:50 PM","False","False","False","False","False","4"
"41","12/30/2025 12:30:24 AM","12/29/2025 11:30:24 PM","False","False","False","False","False","4"
"41","12/31/2025 3:54:20 PM","12/31/2025 2:54:20 PM","False","False","False","False","False","4"
"41","1/2/2026 8:07:43 PM","1/2/2026 7:07:43 PM","False","False","False","False","False","4"
"41","1/4/2026 11:13:06 AM","1/4/2026 10:13:06 AM","False","False","False","False","False","4"
"41","1/6/2026 9:14:11 PM","1/6/2026 8:14:11 PM","False","False","False","False","False","4"
"41","1/8/2026 2:53:12 PM","1/8/2026 1:53:12 PM","False","False","False","False","False","4"
"41","1/9/2026 3:50:45 PM","1/9/2026 2:50:45 PM","False","False","False","False","False","4"
"41","1/11/2026 11:44:16 PM","1/11/2026 10:44:16 PM","False","False","False","False","False","4"
"41","1/13/2026 2:07:03 PM","1/13/2026 1:07:03 PM","False","False","False","False","False","4"
"41","1/14/2026 3:49:45 PM","1/14/2026 2:49:45 PM","False","False","False","False","False","4"
