﻿"LocalTime","UtcTime","Source","Type","Device","Details","AnchorId"
"12/16/2025 1:22:52 PM","2025-12-16 12:22:52Z","Windows","Win 44 Microsoft-Windows-WindowsUpdateClient","System","",""
"12/16/2025 1:22:52 PM","2025-12-16 12:22:52Z","Windows","Anchor-41","Microsoft-Windows-WindowsUpdateClient/Operational","","41"
"12/17/2025 3:03:54 PM","2025-12-17 14:03:54Z","Windows","Win 26 Microsoft-Windows-WindowsUpdateClient","Microsoft-Windows-WindowsUpdateClient/Operational","",""
"12/17/2025 3:03:54 PM","2025-12-17 14:03:54Z","Windows","Win 26 Microsoft-Windows-WindowsUpdateClient","Microsoft-Windows-WindowsUpdateClient/Operational","",""
"12/17/2025 3:03:54 PM","2025-12-17 14:03:54Z","Windows","Win 26 Microsoft-Windows-WindowsUpdateClient","Microsoft-Windows-WindowsUpdateClient/Operational","",""
"12/17/2025 3:03:54 PM","2025-12-17 14:03:54Z","Windows","Win 26 Microsoft-Windows-WindowsUpdateClient","Microsoft-Windows-WindowsUpdateClient/Operational","",""
"12/17/2025 3:03:54 PM","2025-12-17 14:03:54Z","Windows","Win 26 Microsoft-Windows-WindowsUpdateClient","Microsoft-Windows-WindowsUpdateClient/Operational","",""
"12/17/2025 3:04:01 PM","2025-12-17 14:04:01Z","Windows","Win 44 Microsoft-Windows-WindowsUpdateClient","System","",""
"12/17/2025 3:04:01 PM","2025-12-17 14:04:01Z","Windows","Anchor-41","Microsoft-Windows-WindowsUpdateClient/Operational","","41"
"12/19/2025 3:00:50 PM","2025-12-19 14:00:50Z","Windows","Win 26 Microsoft-Windows-WindowsUpdateClient","Microsoft-Windows-WindowsUpdateClient/Operational","",""
"12/19/2025 3:00:50 PM","2025-12-19 14:00:50Z","Windows","Win 26 Microsoft-Windows-WindowsUpdateClient","Microsoft-Windows-WindowsUpdateClient/Operational","",""
"12/19/2025 3:00:50 PM","2025-12-19 14:00:50Z","Windows","Win 26 Microsoft-Windows-WindowsUpdateClient","Microsoft-Windows-WindowsUpdateClient/Operational","",""
"12/19/2025 3:00:50 PM","2025-12-19 14:00:50Z","Windows","Win 26 Microsoft-Windows-WindowsUpdateClient","Microsoft-Windows-WindowsUpdateClient/Operational","",""
"12/19/2025 3:00:50 PM","2025-12-19 14:00:50Z","Windows","Win 26 Microsoft-Windows-WindowsUpdateClient","Microsoft-Windows-WindowsUpdateClient/Operational","",""
"12/19/2025 3:00:57 PM","2025-12-19 14:00:57Z","Windows","Win 44 Microsoft-Windows-WindowsUpdateClient","System","",""
"12/19/2025 3:00:57 PM","2025-12-19 14:00:57Z","Windows","Anchor-41","Microsoft-Windows-WindowsUpdateClient/Operational","","41"
"12/21/2025 9:45:26 PM","2025-12-21 20:45:26Z","Windows","Win 26 Microsoft-Windows-WindowsUpdateClient","Microsoft-Windows-WindowsUpdateClient/Operational","",""
"12/21/2025 9:45:26 PM","2025-12-21 20:45:26Z","Windows","Win 26 Microsoft-Windows-WindowsUpdateClient","Microsoft-Windows-WindowsUpdateClient/Operational","",""
"12/21/2025 9:45:26 PM","2025-12-21 20:45:26Z","Windows","Win 26 Microsoft-Windows-WindowsUpdateClient","Microsoft-Windows-WindowsUpdateClient/Operational","",""
"12/21/2025 9:45:26 PM","2025-12-21 20:45:26Z","Windows","Win 26 Microsoft-Windows-WindowsUpdateClient","Microsoft-Windows-WindowsUpdateClient/Operational","",""
"12/21/2025 9:45:26 PM","2025-12-21 20:45:26Z","Windows","Win 26 Microsoft-Windows-WindowsUpdateClient","Microsoft-Windows-WindowsUpdateClient/Operational","",""
"12/21/2025 9:53:24 PM","2025-12-21 20:53:24Z","Windows","Win 44 Microsoft-Windows-WindowsUpdateClient","System","",""
"12/21/2025 9:53:24 PM","2025-12-21 20:53:24Z","Windows","Anchor-41","Microsoft-Windows-WindowsUpdateClient/Operational","","41"
"12/23/2025 11:09:09 PM","2025-12-23 22:09:09Z","Windows","Win 44 Microsoft-Windows-WindowsUpdateClient","System","",""
"12/23/2025 11:09:09 PM","2025-12-23 22:09:09Z","Windows","Anchor-41","Microsoft-Windows-WindowsUpdateClient/Operational","","41"
"12/25/2025 2:41:29 PM","2025-12-25 13:41:29Z","Windows","Win 26 Microsoft-Windows-WindowsUpdateClient","Microsoft-Windows-WindowsUpdateClient/Operational","",""
"12/25/2025 2:41:29 PM","2025-12-25 13:41:29Z","Windows","Win 26 Microsoft-Windows-WindowsUpdateClient","Microsoft-Windows-WindowsUpdateClient/Operational","",""
"12/25/2025 2:41:29 PM","2025-12-25 13:41:29Z","Windows","Win 26 Microsoft-Windows-WindowsUpdateClient","Microsoft-Windows-WindowsUpdateClient/Operational","",""
"12/25/2025 2:41:29 PM","2025-12-25 13:41:29Z","Windows","Win 26 Microsoft-Windows-WindowsUpdateClient","Microsoft-Windows-WindowsUpdateClient/Operational","",""
"12/25/2025 2:41:29 PM","2025-12-25 13:41:29Z","Windows","Win 26 Microsoft-Windows-WindowsUpdateClient","Microsoft-Windows-WindowsUpdateClient/Operational","",""
"12/25/2025 2:41:35 PM","2025-12-25 13:41:35Z","Windows","Win 44 Microsoft-Windows-WindowsUpdateClient","System","",""
"12/25/2025 2:41:35 PM","2025-12-25 13:41:35Z","Windows","Anchor-41","Microsoft-Windows-WindowsUpdateClient/Operational","","41"
"12/27/2025 9:38:45 PM","2025-12-27 20:38:45Z","Windows","Win 26 Microsoft-Windows-WindowsUpdateClient","Microsoft-Windows-WindowsUpdateClient/Operational","",""
"12/27/2025 9:38:45 PM","2025-12-27 20:38:45Z","Windows","Win 26 Microsoft-Windows-WindowsUpdateClient","Microsoft-Windows-WindowsUpdateClient/Operational","",""
"12/27/2025 9:38:45 PM","2025-12-27 20:38:45Z","Windows","Win 26 Microsoft-Windows-WindowsUpdateClient","Microsoft-Windows-WindowsUpdateClient/Operational","",""
"12/27/2025 9:38:45 PM","2025-12-27 20:38:45Z","Windows","Win 26 Microsoft-Windows-WindowsUpdateClient","Microsoft-Windows-WindowsUpdateClient/Operational","",""
"12/27/2025 9:38:45 PM","2025-12-27 20:38:45Z","Windows","Win 26 Microsoft-Windows-WindowsUpdateClient","Microsoft-Windows-WindowsUpdateClient/Operational","",""
"12/27/2025 9:38:50 PM","2025-12-27 20:38:50Z","Windows","Win 44 Microsoft-Windows-WindowsUpdateClient","System","",""
"12/27/2025 9:38:50 PM","2025-12-27 20:38:50Z","Windows","Anchor-41","Microsoft-Windows-WindowsUpdateClient/Operational","","41"
"12/30/2025 12:30:19 AM","2025-12-29 23:30:19Z","Windows","Win 26 Microsoft-Windows-WindowsUpdateClient","Microsoft-Windows-WindowsUpdateClient/Operational","",""
"12/30/2025 12:30:19 AM","2025-12-29 23:30:19Z","Windows","Win 26 Microsoft-Windows-WindowsUpdateClient","Microsoft-Windows-WindowsUpdateClient/Operational","",""
"12/30/2025 12:30:19 AM","2025-12-29 23:30:19Z","Windows","Win 26 Microsoft-Windows-WindowsUpdateClient","Microsoft-Windows-WindowsUpdateClient/Operational","",""
"12/30/2025 12:30:19 AM","2025-12-29 23:30:19Z","Windows","Win 26 Microsoft-Windows-WindowsUpdateClient","Microsoft-Windows-WindowsUpdateClient/Operational","",""
"12/30/2025 12:30:19 AM","2025-12-29 23:30:19Z","Windows","Win 26 Microsoft-Windows-WindowsUpdateClient","Microsoft-Windows-WindowsUpdateClient/Operational","",""
"12/30/2025 12:30:24 AM","2025-12-29 23:30:24Z","Windows","Win 44 Microsoft-Windows-WindowsUpdateClient","System","",""
"12/30/2025 12:30:24 AM","2025-12-29 23:30:24Z","Windows","Anchor-41","Microsoft-Windows-WindowsUpdateClient/Operational","","41"
"12/31/2025 3:54:15 PM","2025-12-31 14:54:15Z","Windows","Win 26 Microsoft-Windows-WindowsUpdateClient","Microsoft-Windows-WindowsUpdateClient/Operational","",""
"12/31/2025 3:54:15 PM","2025-12-31 14:54:15Z","Windows","Win 26 Microsoft-Windows-WindowsUpdateClient","Microsoft-Windows-WindowsUpdateClient/Operational","",""
"12/31/2025 3:54:15 PM","2025-12-31 14:54:15Z","Windows","Win 26 Microsoft-Windows-WindowsUpdateClient","Microsoft-Windows-WindowsUpdateClient/Operational","",""
"12/31/2025 3:54:15 PM","2025-12-31 14:54:15Z","Windows","Win 26 Microsoft-Windows-WindowsUpdateClient","Microsoft-Windows-WindowsUpdateClient/Operational","",""
"12/31/2025 3:54:15 PM","2025-12-31 14:54:15Z","Windows","Win 26 Microsoft-Windows-WindowsUpdateClient","Microsoft-Windows-WindowsUpdateClient/Operational","",""
"12/31/2025 3:54:20 PM","2025-12-31 14:54:20Z","Windows","Win 44 Microsoft-Windows-WindowsUpdateClient","System","",""
"12/31/2025 3:54:20 PM","2025-12-31 14:54:20Z","Windows","Anchor-41","Microsoft-Windows-WindowsUpdateClient/Operational","","41"
"1/2/2026 8:07:38 PM","2026-01-02 19:07:38Z","Windows","Win 26 Microsoft-Windows-WindowsUpdateClient","Microsoft-Windows-WindowsUpdateClient/Operational","",""
"1/2/2026 8:07:38 PM","2026-01-02 19:07:38Z","Windows","Win 26 Microsoft-Windows-WindowsUpdateClient","Microsoft-Windows-WindowsUpdateClient/Operational","",""
"1/2/2026 8:07:38 PM","2026-01-02 19:07:38Z","Windows","Win 26 Microsoft-Windows-WindowsUpdateClient","Microsoft-Windows-WindowsUpdateClient/Operational","",""
"1/2/2026 8:07:38 PM","2026-01-02 19:07:38Z","Windows","Win 26 Microsoft-Windows-WindowsUpdateClient","Microsoft-Windows-WindowsUpdateClient/Operational","",""
"1/2/2026 8:07:38 PM","2026-01-02 19:07:38Z","Windows","Win 26 Microsoft-Windows-WindowsUpdateClient","Microsoft-Windows-WindowsUpdateClient/Operational","",""
"1/2/2026 8:07:43 PM","2026-01-02 19:07:43Z","Windows","Win 44 Microsoft-Windows-WindowsUpdateClient","System","",""
"1/2/2026 8:07:43 PM","2026-01-02 19:07:43Z","Windows","Anchor-41","Microsoft-Windows-WindowsUpdateClient/Operational","","41"
"1/2/2026 8:16:37 PM","2026-01-02 19:16:37Z","Windows","Win 108 Application Management Group Policy","System","",""
"1/2/2026 8:16:37 PM","2026-01-02 19:16:37Z","Windows","Win 1112 Microsoft-Windows-GroupPolicy","System","",""
"1/4/2026 11:13:01 AM","2026-01-04 10:13:01Z","Windows","Win 26 Microsoft-Windows-WindowsUpdateClient","Microsoft-Windows-WindowsUpdateClient/Operational","",""
"1/4/2026 11:13:01 AM","2026-01-04 10:13:01Z","Windows","Win 26 Microsoft-Windows-WindowsUpdateClient","Microsoft-Windows-WindowsUpdateClient/Operational","",""
"1/4/2026 11:13:01 AM","2026-01-04 10:13:01Z","Windows","Win 26 Microsoft-Windows-WindowsUpdateClient","Microsoft-Windows-WindowsUpdateClient/Operational","",""
"1/4/2026 11:13:01 AM","2026-01-04 10:13:01Z","Windows","Win 26 Microsoft-Windows-WindowsUpdateClient","Microsoft-Windows-WindowsUpdateClient/Operational","",""
"1/4/2026 11:13:01 AM","2026-01-04 10:13:01Z","Windows","Win 26 Microsoft-Windows-WindowsUpdateClient","Microsoft-Windows-WindowsUpdateClient/Operational","",""
"1/4/2026 11:13:06 AM","2026-01-04 10:13:06Z","Windows","Win 44 Microsoft-Windows-WindowsUpdateClient","System","",""
"1/4/2026 11:13:06 AM","2026-01-04 10:13:06Z","Windows","Anchor-41","Microsoft-Windows-WindowsUpdateClient/Operational","","41"
"1/6/2026 9:14:05 PM","2026-01-06 20:14:05Z","Windows","Win 26 Microsoft-Windows-WindowsUpdateClient","Microsoft-Windows-WindowsUpdateClient/Operational","",""
"1/6/2026 9:14:05 PM","2026-01-06 20:14:05Z","Windows","Win 26 Microsoft-Windows-WindowsUpdateClient","Microsoft-Windows-WindowsUpdateClient/Operational","",""
"1/6/2026 9:14:05 PM","2026-01-06 20:14:05Z","Windows","Win 26 Microsoft-Windows-WindowsUpdateClient","Microsoft-Windows-WindowsUpdateClient/Operational","",""
"1/6/2026 9:14:05 PM","2026-01-06 20:14:05Z","Windows","Win 26 Microsoft-Windows-WindowsUpdateClient","Microsoft-Windows-WindowsUpdateClient/Operational","",""
"1/6/2026 9:14:05 PM","2026-01-06 20:14:05Z","Windows","Win 26 Microsoft-Windows-WindowsUpdateClient","Microsoft-Windows-WindowsUpdateClient/Operational","",""
"1/6/2026 9:14:11 PM","2026-01-06 20:14:11Z","Windows","Win 44 Microsoft-Windows-WindowsUpdateClient","System","",""
"1/6/2026 9:14:11 PM","2026-01-06 20:14:11Z","Windows","Anchor-41","Microsoft-Windows-WindowsUpdateClient/Operational","","41"
"1/8/2026 2:53:12 PM","2026-01-08 13:53:12Z","Windows","Win 44 Microsoft-Windows-WindowsUpdateClient","System","",""
"1/8/2026 2:53:12 PM","2026-01-08 13:53:12Z","Windows","Anchor-41","Microsoft-Windows-WindowsUpdateClient/Operational","","41"
"1/9/2026 3:50:39 PM","2026-01-09 14:50:39Z","Windows","Win 26 Microsoft-Windows-WindowsUpdateClient","Microsoft-Windows-WindowsUpdateClient/Operational","",""
"1/9/2026 3:50:39 PM","2026-01-09 14:50:39Z","Windows","Win 26 Microsoft-Windows-WindowsUpdateClient","Microsoft-Windows-WindowsUpdateClient/Operational","",""
"1/9/2026 3:50:39 PM","2026-01-09 14:50:39Z","Windows","Win 26 Microsoft-Windows-WindowsUpdateClient","Microsoft-Windows-WindowsUpdateClient/Operational","",""
"1/9/2026 3:50:39 PM","2026-01-09 14:50:39Z","Windows","Win 26 Microsoft-Windows-WindowsUpdateClient","Microsoft-Windows-WindowsUpdateClient/Operational","",""
"1/9/2026 3:50:39 PM","2026-01-09 14:50:39Z","Windows","Win 26 Microsoft-Windows-WindowsUpdateClient","Microsoft-Windows-WindowsUpdateClient/Operational","",""
"1/9/2026 3:50:45 PM","2026-01-09 14:50:45Z","Windows","Win 44 Microsoft-Windows-WindowsUpdateClient","System","",""
"1/9/2026 3:50:45 PM","2026-01-09 14:50:45Z","Windows","Anchor-41","Microsoft-Windows-WindowsUpdateClient/Operational","","41"
"1/11/2026 11:44:11 PM","2026-01-11 22:44:11Z","Windows","Win 26 Microsoft-Windows-WindowsUpdateClient","Microsoft-Windows-WindowsUpdateClient/Operational","",""
"1/11/2026 11:44:11 PM","2026-01-11 22:44:11Z","Windows","Win 26 Microsoft-Windows-WindowsUpdateClient","Microsoft-Windows-WindowsUpdateClient/Operational","",""
"1/11/2026 11:44:11 PM","2026-01-11 22:44:11Z","Windows","Win 26 Microsoft-Windows-WindowsUpdateClient","Microsoft-Windows-WindowsUpdateClient/Operational","",""
"1/11/2026 11:44:11 PM","2026-01-11 22:44:11Z","Windows","Win 26 Microsoft-Windows-WindowsUpdateClient","Microsoft-Windows-WindowsUpdateClient/Operational","",""
"1/11/2026 11:44:11 PM","2026-01-11 22:44:11Z","Windows","Win 26 Microsoft-Windows-WindowsUpdateClient","Microsoft-Windows-WindowsUpdateClient/Operational","",""
"1/11/2026 11:44:16 PM","2026-01-11 22:44:16Z","Windows","Win 44 Microsoft-Windows-WindowsUpdateClient","System","",""
"1/11/2026 11:44:16 PM","2026-01-11 22:44:16Z","Windows","Anchor-41","Microsoft-Windows-WindowsUpdateClient/Operational","","41"
"1/11/2026 11:51:09 PM","2026-01-11 22:51:09Z","Windows","Win 108 Application Management Group Policy","System","",""
"1/11/2026 11:51:09 PM","2026-01-11 22:51:09Z","Windows","Win 1112 Microsoft-Windows-GroupPolicy","System","",""
"1/13/2026 2:06:58 PM","2026-01-13 13:06:58Z","Windows","Win 26 Microsoft-Windows-WindowsUpdateClient","Microsoft-Windows-WindowsUpdateClient/Operational","",""
"1/13/2026 2:06:58 PM","2026-01-13 13:06:58Z","Windows","Win 26 Microsoft-Windows-WindowsUpdateClient","Microsoft-Windows-WindowsUpdateClient/Operational","",""
"1/13/2026 2:06:58 PM","2026-01-13 13:06:58Z","Windows","Win 26 Microsoft-Windows-WindowsUpdateClient","Microsoft-Windows-WindowsUpdateClient/Operational","",""
"1/13/2026 2:06:58 PM","2026-01-13 13:06:58Z","Windows","Win 26 Microsoft-Windows-WindowsUpdateClient","Microsoft-Windows-WindowsUpdateClient/Operational","",""
"1/13/2026 2:06:58 PM","2026-01-13 13:06:58Z","Windows","Win 26 Microsoft-Windows-WindowsUpdateClient","Microsoft-Windows-WindowsUpdateClient/Operational","",""
"1/13/2026 2:07:03 PM","2026-01-13 13:07:03Z","Windows","Win 44 Microsoft-Windows-WindowsUpdateClient","System","",""
"1/13/2026 2:07:03 PM","2026-01-13 13:07:03Z","Windows","Anchor-41","Microsoft-Windows-WindowsUpdateClient/Operational","","41"
"1/14/2026 3:49:40 PM","2026-01-14 14:49:40Z","Windows","Win 26 Microsoft-Windows-WindowsUpdateClient","Microsoft-Windows-WindowsUpdateClient/Operational","",""
"1/14/2026 3:49:40 PM","2026-01-14 14:49:40Z","Windows","Win 26 Microsoft-Windows-WindowsUpdateClient","Microsoft-Windows-WindowsUpdateClient/Operational","",""
"1/14/2026 3:49:40 PM","2026-01-14 14:49:40Z","Windows","Win 26 Microsoft-Windows-WindowsUpdateClient","Microsoft-Windows-WindowsUpdateClient/Operational","",""
"1/14/2026 3:49:40 PM","2026-01-14 14:49:40Z","Windows","Win 26 Microsoft-Windows-WindowsUpdateClient","Microsoft-Windows-WindowsUpdateClient/Operational","",""
"1/14/2026 3:49:40 PM","2026-01-14 14:49:40Z","Windows","Win 26 Microsoft-Windows-WindowsUpdateClient","Microsoft-Windows-WindowsUpdateClient/Operational","",""
"1/14/2026 3:49:45 PM","2026-01-14 14:49:45Z","Windows","Win 44 Microsoft-Windows-WindowsUpdateClient","System","",""
"1/14/2026 3:49:45 PM","2026-01-14 14:49:45Z","Windows","Anchor-41","Microsoft-Windows-WindowsUpdateClient/Operational","","41"
