Priority,AssayPattern,SampleIdRegex,SampleTypeCode,ExpectedCall,ExpectedTestType,Notes
1000,CARBA[-\s]R\ IUO,^[^_]+_\d+_0_,0,NEG,Negative Control 1,From Specification.xlsx sample-type table sheet=CARBA
1000,CARBA[-\s]R\ IUO,^[^_]+_\d+_1_,1,POS,Positive Control 1,From Specification.xlsx sample-type table sheet=CARBA
1000,CARBA[-\s]R\ IUO,^[^_]+_\d+_2_,2,POS,Positive Control 2,From Specification.xlsx sample-type table sheet=CARBA
1000,CARBA[-\s]R\ RUO,^[^_]+_\d+_0_,0,NEG,Negative Control 1,From Specification.xlsx sample-type table sheet=CARBA
1000,CARBA[-\s]R\ RUO,^[^_]+_\d+_1_,1,POS,Positive Control 1,From Specification.xlsx sample-type table sheet=CARBA
1000,CARBA[-\s]R\ RUO,^[^_]+_\d+_2_,2,POS,Positive Control 2,From Specification.xlsx sample-type table sheet=CARBA
1000,Carba[-\s]R\ BEU\ IUO,^[^_]+_\d+_0_,0,NEG,Negative Control 1,From Specification.xlsx sample-type table sheet=CARBA
1000,Carba[-\s]R\ BEU\ IUO,^[^_]+_\d+_1_,1,POS,Positive Control 1,From Specification.xlsx sample-type table sheet=CARBA
1000,Carba[-\s]R\ BEU\ IUO,^[^_]+_\d+_2_,2,POS,Positive Control 2,From Specification.xlsx sample-type table sheet=CARBA
1000,Carba[-\s]R\ BEU\ RUO,^[^_]+_\d+_0_,0,NEG,Negative Control 1,From Specification.xlsx sample-type table sheet=CARBA
1000,Carba[-\s]R\ BEU\ RUO,^[^_]+_\d+_1_,1,POS,Positive Control 1,From Specification.xlsx sample-type table sheet=CARBA
1000,Carba[-\s]R\ BEU\ RUO,^[^_]+_\d+_2_,2,POS,Positive Control 2,From Specification.xlsx sample-type table sheet=CARBA
1000,Ebola\ RUO,^[^_]+_\d+_0_,0,NEG,Negative Control 1,From Specification.xlsx sample-type table sheet=EBOLA
1000,Ebola\ RUO,^[^_]+_\d+_1_,1,POS,Positive Control 1,From Specification.xlsx sample-type table sheet=EBOLA
1000,Ebola\ RUO,^[^_]+_\d+_2_,2,POS,Positive Control 2,From Specification.xlsx sample-type table sheet=EBOLA
1000,GBS\ LB\ RUO,^[^_]+_\d+_0_,0,NEG,Specimen,From Specification.xlsx sample-type table sheet=GBS XC
1000,GBS\ LB\ RUO,^[^_]+_\d+_1_,1,POS,Specimen,From Specification.xlsx sample-type table sheet=GBS XC
1000,GBS\ LB\ RUO,^[^_]+_\d+_2_,2,POS,,From Specification.xlsx sample-type table sheet=GBS XC
1000,GBS\ LB\ XC\ IUO,^[^_]+_\d+_0_,0,NEG,Specimen,From Specification.xlsx sample-type table sheet=GBS XC
1000,GBS\ LB\ XC\ IUO,^[^_]+_\d+_1_,1,POS,Specimen,From Specification.xlsx sample-type table sheet=GBS XC
1000,GBS\ LB\ XC\ IUO,^[^_]+_\d+_2_,2,POS,,From Specification.xlsx sample-type table sheet=GBS XC
1000,GI\ Panel\ IUO,^[^_]+_\d+_0_,0,NEG,Specimen,From Specification.xlsx sample-type table sheet=GI Panel
1000,GI\ Panel\ IUO,^[^_]+_\d+_1_,1,POS,Specimen,From Specification.xlsx sample-type table sheet=GI Panel
1000,GI\ Panel\ IUO,^[^_]+_\d+_2_,2,POS,,From Specification.xlsx sample-type table sheet=GI Panel
1000,GI\ Panel\ RUO,^[^_]+_\d+_0_,0,NEG,Specimen,From Specification.xlsx sample-type table sheet=GI Panel
1000,GI\ Panel\ RUO,^[^_]+_\d+_1_,1,POS,Specimen,From Specification.xlsx sample-type table sheet=GI Panel
1000,GI\ Panel\ RUO,^[^_]+_\d+_2_,2,POS,,From Specification.xlsx sample-type table sheet=GI Panel
1000,HCV\ IUO,^[^_]+_\d+_0_,0,NEG,Negative Control 1,From Specification.xlsx sample-type table sheet=GX HCV
1000,HCV\ IUO,^[^_]+_\d+_1_,1,POS,Positive Control 1,From Specification.xlsx sample-type table sheet=GX HCV
1000,HCV\ IUO,^[^_]+_\d+_2_,2,POS,,From Specification.xlsx sample-type table sheet=GX HCV
1000,HCV\ VL\ WB\ RUO,^[^_]+_\d+_0_,0,NEG,Negative Control 1,From Specification.xlsx sample-type table sheet=HCV FS
1000,HCV\ VL\ WB\ RUO,^[^_]+_\d+_1_,1,POS,Positive Control 1,From Specification.xlsx sample-type table sheet=HCV FS
1000,HCV\ VL\ WB\ RUO,^[^_]+_\d+_2_,2,POS,Positive Control 2,From Specification.xlsx sample-type table sheet=HCV FS
1000,HCV\ Viral\ Load\ RUO,^[^_]+_\d+_0_,0,NEG,Negative Control 1,From Specification.xlsx sample-type table sheet=HCV VL
1000,HCV\ Viral\ Load\ RUO,^[^_]+_\d+_1_,1,POS,Positive Control 1,From Specification.xlsx sample-type table sheet=HCV VL
1000,HCV\ Viral\ Load\ RUO,^[^_]+_\d+_2_,2,POS,Positive Control 2,From Specification.xlsx sample-type table sheet=HCV VL
1000,HIV[-\s]1\ Viral\ Load\ RUO,^[^_]+_\d+_0_,0,NEG,Negative Control 1,From Specification.xlsx sample-type table sheet=HIV VL
1000,HIV[-\s]1\ Viral\ Load\ RUO,^[^_]+_\d+_1_,1,POS,Positive Control 1,From Specification.xlsx sample-type table sheet=HIV VL
1000,HIV[-\s]1\ Viral\ Load\ RUO,^[^_]+_\d+_2_,2,POS,Positive Control 2,From Specification.xlsx sample-type table sheet=HIV VL
1000,HIV[-\s]1\ Viral\ Load\ XC\ IUO,^[^_]+_\d+_0_,0,NEG,Negative Control 1,From Specification.xlsx sample-type table sheet=HIV VL XC
1000,HIV[-\s]1\ Viral\ Load\ XC\ IUO,^[^_]+_\d+_1_,1,POS,Positive Control 1,From Specification.xlsx sample-type table sheet=HIV VL XC
1000,HIV[-\s]1\ Viral\ Load\ XC\ IUO,^[^_]+_\d+_2_,2,POS,Positive Control 2,From Specification.xlsx sample-type table sheet=HIV VL XC
1000,HIV[-\s]1\ Viral\ Load\ XC\ RUO,^[^_]+_\d+_0_,0,NEG,Negative Control 1,From Specification.xlsx sample-type table sheet=HIV VL XC
1000,HIV[-\s]1\ Viral\ Load\ XC\ RUO,^[^_]+_\d+_1_,1,POS,Positive Control 1,From Specification.xlsx sample-type table sheet=HIV VL XC
1000,HIV[-\s]1\ Viral\ Load\ XC\ RUO,^[^_]+_\d+_2_,2,POS,Positive Control 2,From Specification.xlsx sample-type table sheet=HIV VL XC
1000,HPV\ HR\ AND\ GENOTYPE\ RUO\ ASSAY,^[^_]+_\d+_0_,0,NEG,Negative Control 1,From Specification.xlsx sample-type table sheet=HPV
1000,HPV\ HR\ AND\ GENOTYPE\ RUO\ ASSAY,^[^_]+_\d+_1_,1,POS,Positive Control 1,From Specification.xlsx sample-type table sheet=HPV
1000,HPV\ HR\ AND\ GENOTYPE\ RUO\ ASSAY,^[^_]+_\d+_2_,2,POS,Positive Control 2,From Specification.xlsx sample-type table sheet=HPV
1000,LCE009\ Xpress\ SARS[-\s]CoV[-\s]2\ plus,^[^_]+_\d+_0_,0,NEG,Negative Control 1,From Specification.xlsx sample-type table sheet=Covid plus
1000,LCE009\ Xpress\ SARS[-\s]CoV[-\s]2\ plus,^[^_]+_\d+_1_,1,POS,Positive Control 1,From Specification.xlsx sample-type table sheet=Covid plus
1000,LCE009\ Xpress\ SARS[-\s]CoV[-\s]2\ plus,^[^_]+_\d+_2_,2,POS,,From Specification.xlsx sample-type table sheet=Covid plus
1000,MRSA[-\s]SA\ ETA,^[^_]+_\d+_0_,0,NEG,Specimen,From Specification.xlsx sample-type table sheet=MRSA SA
1000,MRSA[-\s]SA\ ETA,^[^_]+_\d+_1_,1,POS,Specimen,From Specification.xlsx sample-type table sheet=MRSA SA
1000,MRSA[-\s]SA\ ETA,^[^_]+_\d+_2_,2,POS,,From Specification.xlsx sample-type table sheet=MRSA SA
1000,MRSA\ NxG\ IUO,^[^_]+_\d+_0_,0,NEG,Negative Control 1,From Specification.xlsx sample-type table sheet=MRSA NxG
1000,MRSA\ NxG\ IUO,^[^_]+_\d+_1_,1,POS,Positive Control 1,From Specification.xlsx sample-type table sheet=MRSA NxG
1000,MRSA\ NxG\ IUO,^[^_]+_\d+_2_,2,POS,Positive Control 2,From Specification.xlsx sample-type table sheet=MRSA NxG
1000,MRSA\ NxG\ RUO,^[^_]+_\d+_0_,0,NEG,Negative Control 1,From Specification.xlsx sample-type table sheet=MRSA NxG
1000,MRSA\ NxG\ RUO,^[^_]+_\d+_1_,1,POS,Positive Control 1,From Specification.xlsx sample-type table sheet=MRSA NxG
1000,MRSA\ NxG\ RUO,^[^_]+_\d+_2_,2,POS,Positive Control 2,From Specification.xlsx sample-type table sheet=MRSA NxG
1000,MTB[-\s]RIF\ Ultra\ v2\ RUO,^[^_]+_\d+_0_,0,NEG,Negative Control 1,From Specification.xlsx sample-type table sheet=MTB U
1000,MTB[-\s]RIF\ Ultra\ v2\ RUO,^[^_]+_\d+_1_,1,POS,Positive Control 1,From Specification.xlsx sample-type table sheet=MTB U
1000,MTB[-\s]RIF\ Ultra\ v2\ RUO,^[^_]+_\d+_2_,2,POS,Positive Control 2,From Specification.xlsx sample-type table sheet=MTB U
1000,MTB[-\s]XDR\ IUO,^[^_]+_\d+_0_,0,NEG,Negative Control 1,From Specification.xlsx sample-type table sheet=MTB XDR
1000,MTB[-\s]XDR\ IUO,^[^_]+_\d+_1_,1,POS,Positive Control 1,From Specification.xlsx sample-type table sheet=MTB XDR
1000,MTB[-\s]XDR\ IUO,^[^_]+_\d+_2_,2,POS,Positive Control 2,From Specification.xlsx sample-type table sheet=MTB XDR
1000,MTB[-\s]XDR\ RUO,^[^_]+_\d+_0_,0,NEG,Negative Control 1,From Specification.xlsx sample-type table sheet=MTB XDR
1000,MTB[-\s]XDR\ RUO,^[^_]+_\d+_1_,1,POS,Positive Control 1,From Specification.xlsx sample-type table sheet=MTB XDR
1000,MTB[-\s]XDR\ RUO,^[^_]+_\d+_2_,2,POS,Positive Control 2,From Specification.xlsx sample-type table sheet=MTB XDR
1000,P0900,^[^_]+_\d+_0_,0,NEG,Specimen,From Specification.xlsx sample-type table sheet=HIV QA XC
1000,P0900,^[^_]+_\d+_1_,1,POS,Specimen,From Specification.xlsx sample-type table sheet=HIV QA XC
1000,P0900,^[^_]+_\d+_2_,2,POS,,From Specification.xlsx sample-type table sheet=HIV QA XC
1000,P0918,^[^_]+_\d+_0_,0,NEG,Specimen,From Specification.xlsx sample-type table sheet=HIV QA XC
1000,P0918,^[^_]+_\d+_1_,1,POS,Specimen,From Specification.xlsx sample-type table sheet=HIV QA XC
1000,P0918,^[^_]+_\d+_2_,2,POS,,From Specification.xlsx sample-type table sheet=HIV QA XC
1000,P0998,^[^_]+_\d+_0_,0,NEG,Specimen,From Specification.xlsx sample-type table sheet=HIV QA XC
1000,P0998,^[^_]+_\d+_1_,1,POS,Specimen,From Specification.xlsx sample-type table sheet=HIV QA XC
1000,P0998,^[^_]+_\d+_2_,2,POS,,From Specification.xlsx sample-type table sheet=HIV QA XC
1000,P0999,^[^_]+_\d+_0_,0,NEG,Specimen,From Specification.xlsx sample-type table sheet=HIV QA XC
1000,P0999,^[^_]+_\d+_0_,0,NEG,Specimen,From Specification.xlsx sample-type table sheet=HIV QA XC CN
1000,P0999,^[^_]+_\d+_1_,1,POS,Specimen,From Specification.xlsx sample-type table sheet=HIV QA XC
1000,P0999,^[^_]+_\d+_1_,1,POS,Specimen,From Specification.xlsx sample-type table sheet=HIV QA XC CN
1000,P0999,^[^_]+_\d+_2_,2,POS,,From Specification.xlsx sample-type table sheet=HIV QA XC
1000,P0999,^[^_]+_\d+_2_,2,POS,,From Specification.xlsx sample-type table sheet=HIV QA XC CN
1000,Respiratory\ Panel\ IUO,^[^_]+_\d+_0_,0,NEG,Specimen,From Specification.xlsx sample-type table sheet=Respiratory Panel
1000,Respiratory\ Panel\ IUO,^[^_]+_\d+_1_,1,POS,Specimen,From Specification.xlsx sample-type table sheet=Respiratory Panel
1000,Respiratory\ Panel\ IUO,^[^_]+_\d+_2_,2,POS,Specimen,From Specification.xlsx sample-type table sheet=Respiratory Panel
1000,Respiratory\ Panel\ RUO,^[^_]+_\d+_0_,0,NEG,Specimen,From Specification.xlsx sample-type table sheet=Respiratory Panel
1000,Respiratory\ Panel\ RUO,^[^_]+_\d+_1_,1,POS,Specimen,From Specification.xlsx sample-type table sheet=Respiratory Panel
1000,Respiratory\ Panel\ RUO,^[^_]+_\d+_2_,2,POS,Specimen,From Specification.xlsx sample-type table sheet=Respiratory Panel
1000,Respiratory\ panel,^[^_]+_\d+_0_,0,NEG,Specimen,From Specification.xlsx sample-type table sheet=Respiratory Panel
1000,Respiratory\ panel,^[^_]+_\d+_1_,1,POS,Specimen,From Specification.xlsx sample-type table sheet=Respiratory Panel
1000,Respiratory\ panel,^[^_]+_\d+_2_,2,POS,Specimen,From Specification.xlsx sample-type table sheet=Respiratory Panel
1000,Respiratory\ panel\ CE[-\s]IVD,^[^_]+_\d+_0_,0,NEG,Specimen,From Specification.xlsx sample-type table sheet=Respiratory Panel
1000,Respiratory\ panel\ CE[-\s]IVD,^[^_]+_\d+_1_,1,POS,Specimen,From Specification.xlsx sample-type table sheet=Respiratory Panel
1000,Respiratory\ panel\ CE[-\s]IVD,^[^_]+_\d+_2_,2,POS,Specimen,From Specification.xlsx sample-type table sheet=Respiratory Panel
1000,Respiratory\ panel\ UKCA[-\s]IVD,^[^_]+_\d+_0_,0,NEG,Specimen,From Specification.xlsx sample-type table sheet=Respiratory Panel
1000,Respiratory\ panel\ UKCA[-\s]IVD,^[^_]+_\d+_1_,1,POS,Specimen,From Specification.xlsx sample-type table sheet=Respiratory Panel
1000,Respiratory\ panel\ UKCA[-\s]IVD,^[^_]+_\d+_2_,2,POS,Specimen,From Specification.xlsx sample-type table sheet=Respiratory Panel
1000,TAP\ Panel\ IUO,^[^_]+_\d+_0_,0,NEG,Negative Control 1,From Specification.xlsx sample-type table sheet=TAP Panel
1000,TAP\ Panel\ IUO,^[^_]+_\d+_1_,1,POS,Positive Control 2,From Specification.xlsx sample-type table sheet=TAP Panel
1000,TAP\ Panel\ IUO,^[^_]+_\d+_2_,2,POS,,From Specification.xlsx sample-type table sheet=TAP Panel
1000,TAP\ Panel\ RUO,^[^_]+_\d+_0_,0,NEG,Negative Control 1,From Specification.xlsx sample-type table sheet=TAP Panel
1000,TAP\ Panel\ RUO,^[^_]+_\d+_1_,1,POS,Positive Control 2,From Specification.xlsx sample-type table sheet=TAP Panel
1000,TAP\ Panel\ RUO,^[^_]+_\d+_2_,2,POS,,From Specification.xlsx sample-type table sheet=TAP Panel
1000,XP\ Flu[-\s]RSV\ RUO,^[^_]+_\d+_0_,0,NEG,Negative Control 1,From Specification.xlsx sample-type table sheet=FLU RSV
1000,XP\ Flu[-\s]RSV\ RUO,^[^_]+_\d+_1_,1,POS,Positive Control 1,From Specification.xlsx sample-type table sheet=FLU RSV
1000,XP\ Flu[-\s]RSV\ RUO,^[^_]+_\d+_2_,2,POS,Positive Control 2,From Specification.xlsx sample-type table sheet=FLU RSV
1000,Xpert[-\s]C\.\ difficile\ G2,^[^_]+_\d+_0_,0,NEG,Specimen,From Specification.xlsx sample-type table sheet=C.DIFF
1000,Xpert[-\s]C\.\ difficile\ G2,^[^_]+_\d+_1_,1,POS,Specimen,From Specification.xlsx sample-type table sheet=C.DIFF
1000,Xpert[-\s]C\.\ difficile\ G2,^[^_]+_\d+_2_,2,POS,,From Specification.xlsx sample-type table sheet=C.DIFF
1000,Xpert\ C\.diff[-\s]Epi,^[^_]+_\d+_0_,0,NEG,Specimen,From Specification.xlsx sample-type table sheet=C.DIFF
1000,Xpert\ C\.diff[-\s]Epi,^[^_]+_\d+_1_,1,POS,Specimen,From Specification.xlsx sample-type table sheet=C.DIFF
1000,Xpert\ C\.diff[-\s]Epi,^[^_]+_\d+_2_,2,POS,,From Specification.xlsx sample-type table sheet=C.DIFF
1000,Xpert\ C\.difficile\ BT,^[^_]+_\d+_0_,0,NEG,Specimen,From Specification.xlsx sample-type table sheet=C.DIFF
1000,Xpert\ C\.difficile\ BT,^[^_]+_\d+_1_,1,POS,Specimen,From Specification.xlsx sample-type table sheet=C.DIFF
1000,Xpert\ C\.difficile\ BT,^[^_]+_\d+_2_,2,POS,,From Specification.xlsx sample-type table sheet=C.DIFF
1000,Xpert\ C\.difficile\ G3,^[^_]+_\d+_0_,0,NEG,Specimen,From Specification.xlsx sample-type table sheet=C.DIFF
1000,Xpert\ C\.difficile\ G3,^[^_]+_\d+_0_,0,NEG,Specimen,From Specification.xlsx sample-type table sheet=C.DIFF JP
1000,Xpert\ C\.difficile\ G3,^[^_]+_\d+_1_,1,POS,Specimen,From Specification.xlsx sample-type table sheet=C.DIFF
1000,Xpert\ C\.difficile\ G3,^[^_]+_\d+_1_,1,POS,Specimen,From Specification.xlsx sample-type table sheet=C.DIFF JP
1000,Xpert\ C\.difficile\ G3,^[^_]+_\d+_2_,2,POS,,From Specification.xlsx sample-type table sheet=C.DIFF
1000,Xpert\ C\.difficile\ G3,^[^_]+_\d+_2_,2,POS,Specimen,From Specification.xlsx sample-type table sheet=C.DIFF JP
1000,Xpert\ Carba[-\s]R,^[^_]+_\d+_0_,0,NEG,Negative Control 1,From Specification.xlsx sample-type table sheet=CARBA
1000,Xpert\ Carba[-\s]R,^[^_]+_\d+_1_,1,POS,Positive Control 1,From Specification.xlsx sample-type table sheet=CARBA
1000,Xpert\ Carba[-\s]R,^[^_]+_\d+_2_,2,POS,Positive Control 2,From Specification.xlsx sample-type table sheet=CARBA
1000,Xpert\ Ebola\ CE[-\s]IVD,^[^_]+_\d+_0_,0,NEG,Negative Control 1,From Specification.xlsx sample-type table sheet=EBOLA
1000,Xpert\ Ebola\ CE[-\s]IVD,^[^_]+_\d+_1_,1,POS,Positive Control 1,From Specification.xlsx sample-type table sheet=EBOLA
1000,Xpert\ Ebola\ CE[-\s]IVD,^[^_]+_\d+_2_,2,POS,Positive Control 2,From Specification.xlsx sample-type table sheet=EBOLA
1000,Xpert\ Ebola\ EUA,^[^_]+_\d+_0_,0,NEG,Negative Control 1,From Specification.xlsx sample-type table sheet=EBOLA
1000,Xpert\ Ebola\ EUA,^[^_]+_\d+_1_,1,POS,Positive Control 1,From Specification.xlsx sample-type table sheet=EBOLA
1000,Xpert\ Ebola\ EUA,^[^_]+_\d+_2_,2,POS,Positive Control 2,From Specification.xlsx sample-type table sheet=EBOLA
1000,Xpert\ GBS\ LB\ XC,^[^_]+_\d+_0_,0,NEG,Specimen,From Specification.xlsx sample-type table sheet=GBS XC
1000,Xpert\ GBS\ LB\ XC,^[^_]+_\d+_1_,1,POS,Specimen,From Specification.xlsx sample-type table sheet=GBS XC
1000,Xpert\ GBS\ LB\ XC,^[^_]+_\d+_2_,2,POS,,From Specification.xlsx sample-type table sheet=GBS XC
1000,Xpert\ GI\ Panel,^[^_]+_\d+_0_,0,NEG,Specimen,From Specification.xlsx sample-type table sheet=GI Panel
1000,Xpert\ GI\ Panel,^[^_]+_\d+_1_,1,POS,Specimen,From Specification.xlsx sample-type table sheet=GI Panel
1000,Xpert\ GI\ Panel,^[^_]+_\d+_2_,2,POS,,From Specification.xlsx sample-type table sheet=GI Panel
1000,Xpert\ GI\ Panel\ CE[-\s]IVD,^[^_]+_\d+_0_,0,NEG,Specimen,From Specification.xlsx sample-type table sheet=GI Panel
1000,Xpert\ GI\ Panel\ CE[-\s]IVD,^[^_]+_\d+_1_,1,POS,Specimen,From Specification.xlsx sample-type table sheet=GI Panel
1000,Xpert\ GI\ Panel\ CE[-\s]IVD,^[^_]+_\d+_2_,2,POS,,From Specification.xlsx sample-type table sheet=GI Panel
1000,Xpert\ HBV\ Viral\ Load,^[^_]+_\d+_0_,0,NEG,Negative Control 1,From Specification.xlsx sample-type table sheet=HBV VL
1000,Xpert\ HBV\ Viral\ Load,^[^_]+_\d+_1_,1,POS,Positive Control 1,From Specification.xlsx sample-type table sheet=HBV VL
1000,Xpert\ HBV\ Viral\ Load,^[^_]+_\d+_2_,2,POS,Positive Control 2,From Specification.xlsx sample-type table sheet=HBV VL
1000,Xpert\ HCV\ PQC,^[^_]+_\d+_0_,0,NEG,Negative Control 1,From Specification.xlsx sample-type table sheet=GX HCV
1000,Xpert\ HCV\ PQC,^[^_]+_\d+_1_,1,POS,Positive Control 1,From Specification.xlsx sample-type table sheet=GX HCV
1000,Xpert\ HCV\ PQC,^[^_]+_\d+_2_,2,POS,,From Specification.xlsx sample-type table sheet=GX HCV
1000,Xpert\ HCV\ VL\ Fingerstick,^[^_]+_\d+_0_,0,NEG,Negative Control 1,From Specification.xlsx sample-type table sheet=HCV FS
1000,Xpert\ HCV\ VL\ Fingerstick,^[^_]+_\d+_1_,1,POS,Positive Control 1,From Specification.xlsx sample-type table sheet=HCV FS
1000,Xpert\ HCV\ VL\ Fingerstick,^[^_]+_\d+_2_,2,POS,Positive Control 2,From Specification.xlsx sample-type table sheet=HCV FS
1000,Xpert\ HIV[-\s]1\ Viral\ Load\ XC,^[^_]+_\d+_0_,0,NEG,Negative Control 1,From Specification.xlsx sample-type table sheet=HIV VL XC
1000,Xpert\ HIV[-\s]1\ Viral\ Load\ XC,^[^_]+_\d+_1_,1,POS,Positive Control 1,From Specification.xlsx sample-type table sheet=HIV VL XC
1000,Xpert\ HIV[-\s]1\ Viral\ Load\ XC,^[^_]+_\d+_2_,2,POS,Positive Control 2,From Specification.xlsx sample-type table sheet=HIV VL XC
1000,Xpert\ HPV\ HR,^[^_]+_\d+_0_,0,NEG,Negative Control 1,From Specification.xlsx sample-type table sheet=HPV
1000,Xpert\ HPV\ HR,^[^_]+_\d+_1_,1,POS,Positive Control 1,From Specification.xlsx sample-type table sheet=HPV
1000,Xpert\ HPV\ HR,^[^_]+_\d+_2_,2,POS,Positive Control 2,From Specification.xlsx sample-type table sheet=HPV
1000,Xpert\ HPV\ v2\ HR,^[^_]+_\d+_0_,0,NEG,Negative Control 1,From Specification.xlsx sample-type table sheet=HPV
1000,Xpert\ HPV\ v2\ HR,^[^_]+_\d+_1_,1,POS,Positive Control 1,From Specification.xlsx sample-type table sheet=HPV
1000,Xpert\ HPV\ v2\ HR,^[^_]+_\d+_2_,2,POS,Positive Control 2,From Specification.xlsx sample-type table sheet=HPV
1000,Xpert\ MRSA[-\s]SA\ BC\ G3,^[^_]+_\d+_0_,0,NEG,Specimen,From Specification.xlsx sample-type table sheet=MRSA SA
1000,Xpert\ MRSA[-\s]SA\ BC\ G3,^[^_]+_\d+_1_,1,POS,Specimen,From Specification.xlsx sample-type table sheet=MRSA SA
1000,Xpert\ MRSA[-\s]SA\ BC\ G3,^[^_]+_\d+_2_,2,POS,,From Specification.xlsx sample-type table sheet=MRSA SA
1000,Xpert\ MRSA[-\s]SA\ SSTI\ G3,^[^_]+_\d+_0_,0,NEG,Specimen,From Specification.xlsx sample-type table sheet=MRSA SA
1000,Xpert\ MRSA[-\s]SA\ SSTI\ G3,^[^_]+_\d+_1_,1,POS,Specimen,From Specification.xlsx sample-type table sheet=MRSA SA
1000,Xpert\ MRSA[-\s]SA\ SSTI\ G3,^[^_]+_\d+_2_,2,POS,,From Specification.xlsx sample-type table sheet=MRSA SA
1000,Xpert\ MRSA\ NxG,^[^_]+_\d+_0_,0,NEG,Negative Control 1,From Specification.xlsx sample-type table sheet=MRSA NxG
1000,Xpert\ MRSA\ NxG,^[^_]+_\d+_1_,1,POS,Positive Control 1,From Specification.xlsx sample-type table sheet=MRSA NxG
1000,Xpert\ MRSA\ NxG,^[^_]+_\d+_2_,2,POS,Positive Control 2,From Specification.xlsx sample-type table sheet=MRSA NxG
1000,Xpert\ MRSA_SA_BC,^[^_]+_\d+_0_,0,NEG,Specimen,From Specification.xlsx sample-type table sheet=MRSA SA
1000,Xpert\ MRSA_SA_BC,^[^_]+_\d+_1_,1,POS,Specimen,From Specification.xlsx sample-type table sheet=MRSA SA
1000,Xpert\ MRSA_SA_BC,^[^_]+_\d+_2_,2,POS,,From Specification.xlsx sample-type table sheet=MRSA SA
1000,Xpert\ MRSA_SA_BC_CE,^[^_]+_\d+_0_,0,NEG,Specimen,From Specification.xlsx sample-type table sheet=MRSA SA
1000,Xpert\ MRSA_SA_BC_CE,^[^_]+_\d+_1_,1,POS,Specimen,From Specification.xlsx sample-type table sheet=MRSA SA
1000,Xpert\ MRSA_SA_BC_CE,^[^_]+_\d+_2_,2,POS,,From Specification.xlsx sample-type table sheet=MRSA SA
1000,Xpert\ MTB[-\s]RIF\ Assay\ G4,^[^_]+_\d+_0_,0,NEG,Specimen,From Specification.xlsx sample-type table sheet=MTB
1000,Xpert\ MTB[-\s]RIF\ Assay\ G4,^[^_]+_\d+_1_,1,POS,Specimen,From Specification.xlsx sample-type table sheet=MTB
1000,Xpert\ MTB[-\s]RIF\ Assay\ G4,^[^_]+_\d+_2_,2,POS,,From Specification.xlsx sample-type table sheet=MTB
1000,Xpert\ MTB[-\s]RIF\ JP\ IVD,^[^_]+_\d+_0_,0,NEG,Specimen,From Specification.xlsx sample-type table sheet=MTB JP
1000,Xpert\ MTB[-\s]RIF\ JP\ IVD,^[^_]+_\d+_1_,1,POS,Specimen,From Specification.xlsx sample-type table sheet=MTB JP
1000,Xpert\ MTB[-\s]RIF\ JP\ IVD,^[^_]+_\d+_2_,2,POS,Specimen,From Specification.xlsx sample-type table sheet=MTB JP
1000,Xpert\ MTB[-\s]RIF\ US\ IVD,^[^_]+_\d+_0_,0,NEG,Specimen,From Specification.xlsx sample-type table sheet=MTB
1000,Xpert\ MTB[-\s]RIF\ US\ IVD,^[^_]+_\d+_1_,1,POS,Specimen,From Specification.xlsx sample-type table sheet=MTB
1000,Xpert\ MTB[-\s]RIF\ US\ IVD,^[^_]+_\d+_2_,2,POS,,From Specification.xlsx sample-type table sheet=MTB
1000,Xpert\ MTB[-\s]RIF\ Ultra,^[^_]+_\d+_0_,0,NEG,Negative Control 1,From Specification.xlsx sample-type table sheet=MTB U
1000,Xpert\ MTB[-\s]RIF\ Ultra,^[^_]+_\d+_1_,1,POS,Positive Control 1,From Specification.xlsx sample-type table sheet=MTB U
1000,Xpert\ MTB[-\s]RIF\ Ultra,^[^_]+_\d+_2_,2,POS,Positive Control 2,From Specification.xlsx sample-type table sheet=MTB U
1000,Xpert\ MTB[-\s]XDR,^[^_]+_\d+_0_,0,NEG,Negative Control 1,From Specification.xlsx sample-type table sheet=MTB XDR
1000,Xpert\ MTB[-\s]XDR,^[^_]+_\d+_1_,1,POS,Positive Control 1,From Specification.xlsx sample-type table sheet=MTB XDR
1000,Xpert\ MTB[-\s]XDR,^[^_]+_\d+_2_,2,POS,Positive Control 2,From Specification.xlsx sample-type table sheet=MTB XDR
1000,Xpert\ Norovirus,^[^_]+_\d+_0_,0,NEG,Negative Control 1,From Specification.xlsx sample-type table sheet=NORO
1000,Xpert\ Norovirus,^[^_]+_\d+_1_,1,POS,Positive Control 1,From Specification.xlsx sample-type table sheet=NORO
1000,Xpert\ Norovirus,^[^_]+_\d+_2_,2,POS,Positive Control 2,From Specification.xlsx sample-type table sheet=NORO
1000,Xpert\ SA\ Nasal\ Complete\ G3,^[^_]+_\d+_0_,0,NEG,Specimen,From Specification.xlsx sample-type table sheet=MRSA SA
1000,Xpert\ SA\ Nasal\ Complete\ G3,^[^_]+_\d+_1_,1,POS,Specimen,From Specification.xlsx sample-type table sheet=MRSA SA
1000,Xpert\ SA\ Nasal\ Complete\ G3,^[^_]+_\d+_2_,2,POS,,From Specification.xlsx sample-type table sheet=MRSA SA
1000,Xpert\ TAP\ Panel,^[^_]+_\d+_0_,0,NEG,Negative Control 1,From Specification.xlsx sample-type table sheet=TAP Panel
1000,Xpert\ TAP\ Panel,^[^_]+_\d+_1_,1,POS,Positive Control 2,From Specification.xlsx sample-type table sheet=TAP Panel
1000,Xpert\ TAP\ Panel,^[^_]+_\d+_2_,2,POS,,From Specification.xlsx sample-type table sheet=TAP Panel
1000,Xpert\ Xpress\ CoV[-\s]2\ plus,^[^_]+_\d+_0_,0,NEG,Negative Control 1,From Specification.xlsx sample-type table sheet=Covid plus
1000,Xpert\ Xpress\ CoV[-\s]2\ plus,^[^_]+_\d+_1_,1,POS,Positive Control 1,From Specification.xlsx sample-type table sheet=Covid plus
1000,Xpert\ Xpress\ CoV[-\s]2\ plus,^[^_]+_\d+_2_,2,POS,,From Specification.xlsx sample-type table sheet=Covid plus
1000,Xpert\ Xpress\ CoV[-\s]2\ plus\ IVD,^[^_]+_\d+_0_,0,NEG,Negative Control 1,From Specification.xlsx sample-type table sheet=Covid plus
1000,Xpert\ Xpress\ CoV[-\s]2\ plus\ IVD,^[^_]+_\d+_1_,1,POS,Positive Control 1,From Specification.xlsx sample-type table sheet=Covid plus
1000,Xpert\ Xpress\ CoV[-\s]2\ plus\ IVD,^[^_]+_\d+_2_,2,POS,,From Specification.xlsx sample-type table sheet=Covid plus
1000,Xpert\ Xpress\ Flu[-\s]RSV,^[^_]+_\d+_0_,0,NEG,Negative Control 1,From Specification.xlsx sample-type table sheet=FLU RSV
1000,Xpert\ Xpress\ Flu[-\s]RSV,^[^_]+_\d+_1_,1,POS,Positive Control 1,From Specification.xlsx sample-type table sheet=FLU RSV
1000,Xpert\ Xpress\ Flu[-\s]RSV,^[^_]+_\d+_2_,2,POS,Positive Control 2,From Specification.xlsx sample-type table sheet=FLU RSV
1000,Xpert\ Xpress\ GBS,^[^_]+_\d+_0_,0,NEG,Specimen,From Specification.xlsx sample-type table sheet=GBS
1000,Xpert\ Xpress\ GBS,^[^_]+_\d+_1_,1,POS,Specimen,From Specification.xlsx sample-type table sheet=GBS
1000,Xpert\ Xpress\ GBS,^[^_]+_\d+_2_,2,POS,,From Specification.xlsx sample-type table sheet=GBS
1000,Xpert\ Xpress\ GBS\ RUO,^[^_]+_\d+_0_,0,NEG,Specimen,From Specification.xlsx sample-type table sheet=GBS
1000,Xpert\ Xpress\ GBS\ RUO,^[^_]+_\d+_1_,1,POS,Specimen,From Specification.xlsx sample-type table sheet=GBS
1000,Xpert\ Xpress\ GBS\ RUO,^[^_]+_\d+_2_,2,POS,,From Specification.xlsx sample-type table sheet=GBS
1000,Xpert\ Xpress\ SARS[-\s]CoV[-\s]2,^[^_]+_\d+_0_,0,NEG,Negative Control 1,From Specification.xlsx sample-type table sheet=Sars
1000,Xpert\ Xpress\ SARS[-\s]CoV[-\s]2,^[^_]+_\d+_1_,1,POS,Positive Control 1,From Specification.xlsx sample-type table sheet=Sars
1000,Xpert\ Xpress\ SARS[-\s]CoV[-\s]2,^[^_]+_\d+_2_,2,POS,,From Specification.xlsx sample-type table sheet=Sars
1000,Xpert\ Xpress\ SARS[-\s]CoV[-\s]2\ CE[-\s]IVD,^[^_]+_\d+_0_,0,NEG,Negative Control 1,From Specification.xlsx sample-type table sheet=Sars
1000,Xpert\ Xpress\ SARS[-\s]CoV[-\s]2\ CE[-\s]IVD,^[^_]+_\d+_1_,1,POS,Positive Control 1,From Specification.xlsx sample-type table sheet=Sars
1000,Xpert\ Xpress\ SARS[-\s]CoV[-\s]2\ CE[-\s]IVD,^[^_]+_\d+_2_,2,POS,,From Specification.xlsx sample-type table sheet=Sars
1000,Xpert\ Xpress\ Strep\ A,^[^_]+_\d+_0_,0,NEG,Negative Control 1,From Specification.xlsx sample-type table sheet=STREPA
1000,Xpert\ Xpress\ Strep\ A,^[^_]+_\d+_1_,1,POS,Positive Control 1,From Specification.xlsx sample-type table sheet=STREPA
1000,Xpert\ Xpress\ Strep\ A,^[^_]+_\d+_2_,2,POS,Positive Control 2,From Specification.xlsx sample-type table sheet=STREPA
1000,Xpert\ Xpress_Strep\ A,^[^_]+_\d+_0_,0,NEG,Negative Control 1,From Specification.xlsx sample-type table sheet=STREPA
1000,Xpert\ Xpress_Strep\ A,^[^_]+_\d+_1_,1,POS,Positive Control 1,From Specification.xlsx sample-type table sheet=STREPA
1000,Xpert\ Xpress_Strep\ A,^[^_]+_\d+_2_,2,POS,Positive Control 2,From Specification.xlsx sample-type table sheet=STREPA
1000,Xpert\ vanA\ vanB,^[^_]+_\d+_0_,0,NEG,Negative Control 1,From Specification.xlsx sample-type table sheet=VAN AB
1000,Xpert\ vanA\ vanB,^[^_]+_\d+_1_,1,POS,Positive Control 1,From Specification.xlsx sample-type table sheet=VAN AB
1000,Xpert\ vanA\ vanB,^[^_]+_\d+_2_,2,POS,,From Specification.xlsx sample-type table sheet=VAN AB
1000,Xpert_Carba[-\s]R,^[^_]+_\d+_0_,0,NEG,Negative Control 1,From Specification.xlsx sample-type table sheet=CARBA
1000,Xpert_Carba[-\s]R,^[^_]+_\d+_1_,1,POS,Positive Control 1,From Specification.xlsx sample-type table sheet=CARBA
1000,Xpert_Carba[-\s]R,^[^_]+_\d+_2_,2,POS,Positive Control 2,From Specification.xlsx sample-type table sheet=CARBA
1000,Xpert_HCV\ Viral\ Load,^[^_]+_\d+_0_,0,NEG,Negative Control 1,From Specification.xlsx sample-type table sheet=HCV VL
1000,Xpert_HCV\ Viral\ Load,^[^_]+_\d+_1_,1,POS,Positive Control 1,From Specification.xlsx sample-type table sheet=HCV VL
1000,Xpert_HCV\ Viral\ Load,^[^_]+_\d+_2_,2,POS,Positive Control 2,From Specification.xlsx sample-type table sheet=HCV VL
1000,Xpert_HIV[-\s]1\ Viral\ Load,^[^_]+_\d+_0_,0,NEG,Negative Control 1,From Specification.xlsx sample-type table sheet=HIV VL
1000,Xpert_HIV[-\s]1\ Viral\ Load,^[^_]+_\d+_1_,1,POS,Positive Control 1,From Specification.xlsx sample-type table sheet=HIV VL
1000,Xpert_HIV[-\s]1\ Viral\ Load,^[^_]+_\d+_2_,2,POS,Positive Control 2,From Specification.xlsx sample-type table sheet=HIV VL
1000,Xpress\ CoV[-\s]2\ plus\ IUO,^[^_]+_\d+_0_,0,NEG,Negative Control 1,From Specification.xlsx sample-type table sheet=Covid plus
1000,Xpress\ CoV[-\s]2\ plus\ IUO,^[^_]+_\d+_1_,1,POS,Positive Control 1,From Specification.xlsx sample-type table sheet=Covid plus
1000,Xpress\ CoV[-\s]2\ plus\ IUO,^[^_]+_\d+_2_,2,POS,,From Specification.xlsx sample-type table sheet=Covid plus
1000,Xpress\ CoV[-\s]2\ plus\ RUO,^[^_]+_\d+_0_,0,NEG,Negative Control 1,From Specification.xlsx sample-type table sheet=Covid plus
1000,Xpress\ CoV[-\s]2\ plus\ RUO,^[^_]+_\d+_1_,1,POS,Positive Control 1,From Specification.xlsx sample-type table sheet=Covid plus
1000,Xpress\ CoV[-\s]2\ plus\ RUO,^[^_]+_\d+_2_,2,POS,,From Specification.xlsx sample-type table sheet=Covid plus
1000,Xpress\ Flu\ IPT_EAT\ off,^[^_]+_\d+_0_,0,NEG,Negative Control 1,From Specification.xlsx sample-type table sheet=FLU RSV
1000,Xpress\ Flu\ IPT_EAT\ off,^[^_]+_\d+_1_,1,POS,Positive Control 1,From Specification.xlsx sample-type table sheet=FLU RSV
1000,Xpress\ Flu\ IPT_EAT\ off,^[^_]+_\d+_2_,2,POS,Positive Control 2,From Specification.xlsx sample-type table sheet=FLU RSV
1000,Xpress\ GBS\ IUO,^[^_]+_\d+_0_,0,NEG,Specimen,From Specification.xlsx sample-type table sheet=GBS
1000,Xpress\ GBS\ IUO,^[^_]+_\d+_1_,1,POS,Specimen,From Specification.xlsx sample-type table sheet=GBS
1000,Xpress\ GBS\ IUO,^[^_]+_\d+_2_,2,POS,,From Specification.xlsx sample-type table sheet=GBS
1000,Xpress\ GBS\ RUO,^[^_]+_\d+_0_,0,NEG,Specimen,From Specification.xlsx sample-type table sheet=GBS
1000,Xpress\ GBS\ RUO,^[^_]+_\d+_1_,1,POS,Specimen,From Specification.xlsx sample-type table sheet=GBS
1000,Xpress\ GBS\ RUO,^[^_]+_\d+_2_,2,POS,,From Specification.xlsx sample-type table sheet=GBS
200,,^NEG_,0,NEG,,Generic prefix
200,,^POS_,1,POS,,Generic prefix
