﻿AssayFamily,Assay,Preffix Sample ID,Test Type,_0_,_1_,_2_,_3_,_4_,_5_
C.DIFF G2,Xpert-C. difficile G2,"NEG, CELLNAMN",Specimen,Toxigenic C.diff NEGATIVE,Toxigenic C.diff POSITIVE,,,,
C.DIFF BT,Xpert C.difficile BT,"NEG, CELLNAMN",Specimen,Toxigenic C.diff NEG;Binary Toxin NEG;027 NEG,Toxigenic C.diff POS;Binary Toxin POS;027 PRESUMPTIVE POS,,,,
C.DIFF EP,Xpert C.diff-Epi,"NEG, CELLNAMN",Specimen,Toxigenic C.diff NEGATIVE;027 PRESUMPTIVE NEGATIVE,Toxigenic C.diff POSITIVE;027 PRESUMPTIVE POSITIVE,,,,
C.DIFF,Xpert C.difficile G3,"NEG, CELLNAMN",Specimen,Toxigenic C.diff NEGATIVE;027 PRESUMPTIVE NEG,Toxigenic C.diff POSITIVE;027 PRESUMPTIVE POS,,,,
C.DIFF JP,Xpert C.difficile G3,"NEG, CELLNAMN",Specimen,Toxigenic C.diff NEGATIVE;027 PRESUMPTIVE NEG,Toxigenic C.diff POSITIVE;027 PRESUMPTIVE POS,Toxigenic C.diff POSITIVE;027 PRESUMPTIVE POS,Toxigenic C.diff POSITIVE;027 PRESUMPTIVE POS,,
CARBA IMP1,Xpert Carba-R,CELLNAMN,"Negative Control 1, Positive Control 1, Positive Control 2",IMP1 NOT DETECTED;VIM NOT DETECTED;NDM NOT DETECTED;KPC NOT DETECTED;OXA48 NOT DETECTED,IMP1 DETECTED;VIM DETECTED;NDM DETECTED;KPC DETECTED;OXA48 DETECTED,IMP1 DETECTED;VIM DETECTED;NDM DETECTED;KPC DETECTED;OXA48 DETECTED,,,
CARBA IMP1,CARBA-R IUO,CELLNAMN,"Negative Control 1, Positive Control 1, Positive Control 2",IMP1 NOT DETECTED;VIM NOT DETECTED;NDM NOT DETECTED;KPC NOT DETECTED;OXA48 NOT DETECTED,IMP1 DETECTED;VIM DETECTED;NDM DETECTED;KPC DETECTED;OXA48 DETECTED,IMP1 DETECTED;VIM DETECTED;NDM DETECTED;KPC DETECTED;OXA48 DETECTED,,,
CARBA,Carba-R BEU IUO,CELLNAMN,"Negative Control 1, Positive Control 1, Positive Control 2",IMP NOT DETECTED;VIM NOT DETECTED;NDM NOT DETECTED;KPC NOT DETECTED;OXA48 NOT DETECTED,IMP DETECTED;VIM DETECTED;NDM DETECTED;KPC DETECTED;OXA48 DETECTED,IMP DETECTED;VIM DETECTED;NDM DETECTED;KPC DETECTED;OXA48 DETECTED,,,
CARBA,CARBA-R RUO,CELLNAMN,"Negative Control 1, Positive Control 1, Positive Control 2",IMP NOT DETECTED;VIM NOT DETECTED;NDM NOT DETECTED;KPC NOT DETECTED;OXA48 NOT DETECTED,IMP DETECTED;VIM DETECTED;NDM DETECTED;KPC DETECTED;OXA48 DETECTED,IMP DETECTED;VIM DETECTED;NDM DETECTED;KPC DETECTED;OXA48 DETECTED,,,
CARBA,Carba-R BEU RUO,CELLNAMN,"Negative Control 1, Positive Control 1, Positive Control 2",IMP NOT DETECTED;VIM NOT DETECTED;NDM NOT DETECTED;KPC NOT DETECTED;OXA48 NOT DETECTED,IMP DETECTED;VIM DETECTED;NDM DETECTED;KPC DETECTED;OXA48 DETECTED,IMP DETECTED;VIM DETECTED;NDM DETECTED;KPC DETECTED;OXA48 DETECTED,,,
CARBA,Xpert_Carba-R,CELLNAMN,"Negative Control 1, Positive Control 1, Positive Control 2",IMP NOT DETECTED;VIM NOT DETECTED;NDM NOT DETECTED;KPC NOT DETECTED;OXA48 NOT DETECTED,IMP DETECTED;VIM DETECTED;NDM DETECTED;KPC DETECTED;OXA48 DETECTED,IMP DETECTED;VIM DETECTED;NDM DETECTED;KPC DETECTED;OXA48 DETECTED,,,
SARS,Xpert Xpress SARS-CoV-2 CE-IVD,"NEG, CELLNAMN","Negative Control 1, Positive Control 1",SARS-CoV-2 NEGATIVE,SARS-CoV-2 POSITIVE,,,,
SARS,Xpert Xpress SARS-CoV-2,"NEG, CELLNAMN","Negative Control 1, Positive Control 1",SARS-CoV-2 NEGATIVE,SARS-CoV-2 POSITIVE,,,,
COVID plus,LCE009 Xpress SARS-CoV-2 plus,"NEG, CELLNAMN","Negative Control 1, Positive Control 1",SARS-CoV-2 NEGATIVE,SARS-CoV-2 POSITIVE,,,,
COVID plus,Xpress CoV-2 plus IUO,"NEG, CELLNAMN","Negative Control 1, Positive Control 1",SARS-CoV-2 NEGATIVE,SARS-CoV-2 POSITIVE,,,,
COVID plus,Xpress CoV-2 plus RUO,"NEG, CELLNAMN","Negative Control 1, Positive Control 1",SARS-CoV-2 NEGATIVE,SARS-CoV-2 POSITIVE,,,,
COVID plus,Xpert Xpress CoV-2 plus,"NEG, CELLNAMN","Negative Control 1, Positive Control 1",SARS-CoV-2 NEGATIVE,SARS-CoV-2 POSITIVE,,,,
COVID plus,Xpert Xpress CoV-2 plus IVD,"NEG, CELLNAMN","Negative Control 1, Positive Control 1",SARS-CoV-2 NEGATIVE,SARS-CoV-2 POSITIVE,,,,
FLUVID plus,SARS-CoV-2_Flu_RSV_plus,"NEG, POS","Negative Control 1, Positive Control 1",SARS-CoV-2 NEGATIVE;Flu A NEGATIVE;Flu B NEGATIVE;RSV NEGATIVE,SARS-CoV-2 POSITIVE;Flu A POSITIVE;Flu B POSITIVE;RSV POSITIVE,,,,
FLUVID plus,SARS-CoV-2_Flu_RSV plus IUO,"NEG, POS","Negative Control 1, Positive Control 1",SARS-CoV-2 NEGATIVE;Flu A NEGATIVE;Flu B NEGATIVE;RSV NEGATIVE,SARS-CoV-2 POSITIVE;Flu A POSITIVE;Flu B POSITIVE;RSV POSITIVE,,,,
FLUVID plus,SARS-CoV-2_Flu_RSV plus RUO,"NEG, POS","Negative Control 1, Positive Control 1",SARS-CoV-2 NEGATIVE;Flu A NEGATIVE;Flu B NEGATIVE;RSV NEGATIVE,SARS-CoV-2 POSITIVE;Flu A POSITIVE;Flu B POSITIVE;RSV POSITIVE,,,,
FLUVID plus,Xpress SARS-CoV-2_Flu_RSV plus,"NEG, POS","Negative Control 1, Positive Control 1",SARS-CoV-2 NEGATIVE;Flu A NEGATIVE;Flu B NEGATIVE;RSV NEGATIVE,SARS-CoV-2 POSITIVE;Flu A POSITIVE;Flu B POSITIVE;RSV POSITIVE,,,,
FLUVID plus,Xpress SARS-CoV-2 Flu RSV plus,"NEG, POS","Negative Control 1, Positive Control 1",SARS-CoV-2 NEGATIVE;Flu A NEGATIVE;Flu B NEGATIVE;RSV NEGATIVE,SARS-CoV-2 POSITIVE;Flu A POSITIVE;Flu B POSITIVE;RSV POSITIVE,,,,
CT,Xpert CT_CE,CELLNAMN,Specimen,CT NOT DETECTED,CT DETECTED,,,,
CTNG,Xpert CT_NG,CELLNAMN,Specimen,CT NOT DETECTED;NG NOT DETECTED,CT DETECTED;NG DETECTED,,,,
CTNG JP,Xpert CT_NG,CELLNAMN,Specimen,CT NOT DETECTED;NG NOT DETECTED,CT DETECTED;NG DETECTED,CT DETECTED;NG DETECTED,CT DETECTED;NG DETECTED,,
EBOLA,Xpert Ebola EUA,CELLNAMN,"Negative Control 1, Positive Control 1, Positive Control 2",Ebola GP NOT DETECTED;Ebola NP NOT DETECTED,Ebola GP DETECTED;Ebola NP DETECTED,Ebola GP DETECTED;Ebola NP DETECTED,,,
EBOLA,Xpert Ebola CE-IVD,CELLNAMN,"Negative Control 1, Positive Control 1, Positive Control 2",Ebola GP NOT DETECTED;Ebola NP NOT DETECTED,Ebola GP DETECTED;Ebola NP DETECTED,Ebola GP DETECTED;Ebola NP DETECTED,,,
EBOLA,Ebola RUO,CELLNAMN,"Negative Control 1, Positive Control 1, Positive Control 2",Ebola GP NOT DETECTED;Ebola NP NOT DETECTED,Ebola GP DETECTED;Ebola NP DETECTED,Ebola GP DETECTED;Ebola NP DETECTED,,,
GBS,Xpress GBS IUO,"NEG, CELLNAMN",Specimen,GBS NEGATIVE,GBS POSITIVE,,,,
GBS,Xpress GBS RUO,"NEG, CELLNAMN",Specimen,GBS NEGATIVE,GBS POSITIVE,,,,
GBS,Xpert Xpress GBS RUO,"NEG, CELLNAMN",Specimen,GBS NEGATIVE,GBS POSITIVE,,,,
GBS,Xpert Xpress GBS,"NEG, CELLNAMN",Specimen,GBS NEGATIVE,GBS POSITIVE,,,,
GBS,GBS LB RUO,CELLNAMN,Specimen,GBS NEGATIVE,GBS POSITIVE,,,,
GBS,GBS LB XC IUO,CELLNAMN,Specimen,GBS NEGATIVE,GBS POSITIVE,,,,
GBS,Xpert GBS LB XC,CELLNAMN,Specimen,GBS NEGATIVE,GBS POSITIVE,,,,
HBV*,Xpert HBV Viral Load,"CELLNAMN, POS","Negative Control 1, Positive Control 1, Positive Control 2",HBV NOT DETECTED,HBV DETECTED,HBV DETECTED,,,
HCV FS*,Xpert HCV VL Fingerstick,CELLNAMN,"Negative Control 1, Positive Control 1, Positive Control 2",HCV NOT DETECTED,HCV DETECTED,HCV DETECTED,,,
HCV FS*,HCV VL WB RUO,CELLNAMN,"Negative Control 1, Positive Control 1, Positive Control 2",HCV NOT DETECTED,HCV DETECTED,HCV DETECTED,,,
HCV,HCV IUO,CELLNAMN,"Negative Control 1, Positive Control 1",HCV NOT DETECTED,HCV DETECTED,,,,
HCV,Xpert HCV PQC,CELLNAMN,"Negative Control 1, Positive Control 1",HCV NOT DETECTED,HCV DETECTED,,,,
HCV VL*,Xpert_HCV Viral Load,CELLNAMN,"Negative Control 1, Positive Control 1, Positive Control 2",HCV NOT DETECTED,HCV DETECTED,HCV DETECTED,,,
HCV VL*,HCV Viral Load RUO,CELLNAMN,"Negative Control 1, Positive Control 1, Positive Control 2",HCV NOT DETECTED,HCV DETECTED,HCV DETECTED,,,
HIV VL*,Xpert_HIV-1 Viral Load,CELLNAMN,"Negative Control 1, Positive Control 1, Positive Control 2",HIV-1 NOT DETECTED,HIV-1 DETECTED,HIV-1 DETECTED,,,
HIV VL*,HIV-1 Viral Load RUO,CELLNAMN,"Negative Control 1, Positive Control 1, Positive Control 2",HIV-1 NOT DETECTED,HIV-1 DETECTED,HIV-1 DETECTED,,,
HIV QA XC,HIV-1 Qual XC DBS RUO,CELLNAMN,Specimen,HIV-1 NOT DETECTED,HIV-1 DETECTED,,,,
HIV QA XC,HIV-1 Qual XC DBS IUO,CELLNAMN,Specimen,HIV-1 NOT DETECTED,HIV-1 DETECTED,,,,
HIV QA XC,Xpert HIV-1 Qual XC PQC,CELLNAMN,Specimen,HIV-1 NOT DETECTED,HIV-1 DETECTED,,,,
HIV QA XC,Xpert HIV-1 Qual XC PQC RUO,CELLNAMN,Specimen,HIV-1 NOT DETECTED,HIV-1 DETECTED,,,,
HIV VL XC,HIV-1 Viral Load XC IUO,CELLNAMN,"Negative Control 1, Positive Control 1, Positive Control 2",HIV-1 NOT DETECTED,HIV-1 DETECTED,HIV-1 DETECTED,,,
HIV VL XC,HIV-1 Viral Load XC RUO,CELLNAMN,"Negative Control 1, Positive Control 1, Positive Control 2",HIV-1 NOT DETECTED,HIV-1 DETECTED,HIV-1 DETECTED,,,
HIV VL XC,Xpert HIV-1 Viral Load XC,CELLNAMN,"Negative Control 1, Positive Control 1, Positive Control 2",HIV-1 NOT DETECTED,HIV-1 DETECTED,HIV-1 DETECTED,,,
HPV,Xpert HPV HR,"NEG, CELLNAMN","Negative Control 1, Positive Control 1, Positive Control 2",INVALID,HR HPV POS,HR HPV POS,,,
HPV,Xpert HPV v2 HR,"NEG, CELLNAMN","Negative Control 1, Positive Control 1, Positive Control 2",INVALID,HR HPV POS,HR HPV POS,,,
HPV,HPV HR AND GENOTYPE RUO ASSAY,"NEG, CELLNAMN","Negative Control 1, Positive Control 1, Positive Control 2",INVALID,HR HPV POS,HR HPV POS,,,
MRSA NxG,Xpert MRSA NxG,CELLNAMN,"Negative Control 1, Positive Control 1, Positive Control 2",MRSA NOT DETECTED,MRSA DETECTED,MRSA DETECTED,,,
MRSA NxG,MRSA NxG IUO,CELLNAMN,"Negative Control 1, Positive Control 1, Positive Control 2",MRSA NOT DETECTED,MRSA DETECTED,MRSA DETECTED,,,
MRSA NxG,MRSA NxG RUO,CELLNAMN,"Negative Control 1, Positive Control 1, Positive Control 2",MRSA NOT DETECTED,MRSA DETECTED,MRSA DETECTED,,,
MRSA SA,Xpert MRSA_SA_BC,"NEG, CELLNAMN",Specimen,MRSA NEGATIVE;SA NEGATIVE,MRSA POSITIVE;SA POSITIVE,,,,
MRSA SA,Xpert MRSA_SA_BC_CE,"NEG, CELLNAMN",Specimen,MRSA NEGATIVE;SA NEGATIVE,MRSA POSITIVE;SA POSITIVE,,,,
MRSA SA,Xpert MRSA-SA BC G3,"NEG, CELLNAMN",Specimen,MRSA NEGATIVE;SA NEGATIVE,MRSA POSITIVE;SA POSITIVE,,,,
MRSA SA,Xpert MRSA-SA SSTI G3,"NEG, CELLNAMN",Specimen,MRSA NEGATIVE;SA NEGATIVE,MRSA POSITIVE;SA POSITIVE,,,,
MRSA SA,Xpert SA Nasal Complete G3,"NEG, CELLNAMN",Specimen,MRSA NEGATIVE;SA NEGATIVE,MRSA POSITIVE;SA POSITIVE,,,,
MRSA SA,MRSA-SA ETA,"NEG, CELLNAMN",Specimen,MRSA NEGATIVE;SA NEGATIVE,MRSA POSITIVE;SA POSITIVE,,,,
MTB U,Xpert MTB-RIF Ultra,"NEG, CELLNAMN","Negative Control 1, Positive Control 1, Positive Control 2",MTB NOT DETECTED,MTB DETECTED *;Rif Resistance DETECTED,MTB DETECTED *;Rif Resistance NOT DETECTED,,,
MTB U,MTB-RIF Ultra v2 RUO,"NEG, CELLNAMN","Negative Control 1, Positive Control 1, Positive Control 2",MTB NOT DETECTED,MTB DETECTED *;Rif Resistance DETECTED,MTB DETECTED *;Rif Resistance NOT DETECTED,,,
MTB,Xpert MTB-RIF Assay G4,"NEG, CELLNAMN",Specimen,MTB NOT DETECTED,MTB DETECTED *;Rif Resistance NOT DETECTED,,,,
MTB,Xpert MTB-RIF US IVD,"NEG, CELLNAMN",Specimen,MTB NOT DETECTED,MTB DETECTED;Rif Resistance NOT DETECTED,,,,
MTB JP,Xpert MTB-RIF JP IVD,"NEG, CELLNAMN",Specimen,MTB NOT DETECTED,MTB DETECTED;Rif Resistance NOT DETECTED,MTB DETECTED;Rif Resistance DETECTED,MTB DETECTED;Rif Resistance DETECTED,MTB DETECTED;Rif Resistance DETECTED,MTB DETECTED;Rif Resistance DETECTED
MTB XDR,Xpert MTB-XDR,"NEG, CELLNAMN","Negative Control 1, Positive Control 1, Positive Control 2",MTB NOT DETECTED,MTB DETECTED;INH Resistance NOT DETECTED;FLQ Resistance NOT DETECTED;AMK Resistance NOT DETECTED;KAN Resistance NOT DETECTED;CAP Resistance NOT DETECTED;ETH Resistance NOT DETECTED,MTB DETECTED;INH Resistance DETECTED;FLQ Resistance DETECTED;AMK Resistance DETECTED;KAN Resistance DETECTED;CAP Resistance DETECTED;ETH Resistance DETECTED,,,
MTB XDR,MTB-XDR RUO,"NEG, CELLNAMN","Negative Control 1, Positive Control 1, Positive Control 2",MTB NOT DETECTED,MTB DETECTED;INH Resistance NOT DETECTED;FLQ Resistance NOT DETECTED;AMK Resistance NOT DETECTED;KAN Resistance NOT DETECTED;CAP Resistance NOT DETECTED;ETH Resistance NOT DETECTED,MTB DETECTED;INH Resistance DETECTED;FLQ Resistance DETECTED;AMK Resistance DETECTED;KAN Resistance DETECTED;CAP Resistance DETECTED;ETH Resistance DETECTED,,,
MTB XDR,MTB-XDR IUO,"NEG, CELLNAMN","Negative Control 1, Positive Control 1, Positive Control 2",MTB NOT DETECTED,MTB DETECTED;INH Resistance NOT DETECTED;FLQ Resistance NOT DETECTED;AMK Resistance NOT DETECTED;KAN Resistance NOT DETECTED;CAP Resistance NOT DETECTED;ETH Resistance NOT DETECTED,MTB DETECTED;INH Resistance DETECTED;FLQ Resistance DETECTED;AMK Resistance DETECTED;KAN Resistance DETECTED;CAP Resistance DETECTED;ETH Resistance DETECTED,,,
NORO,Xpert Norovirus,CELLNAMN,"Negative Control 1, Positive Control 1, Positive Control 2",NORO GI NOT DETECTED;NORO GII NOT DETECTED,NORO GI DETECTED;NORO GII DETECTED,NORO GI DETECTED;NORO GII DETECTED,,,
TAP Panel,TAP Panel RUO,CELLNAMN,Specimen,Ft NOT DETECTED;Ba NOT DETECTED;Yp NOT DETECTED,Ft DETECTED;Ba DETECTED;Yp DETECTED,,,,
TAP Panel,TAP Panel IUO,CELLNAMN,Specimen,Ft NOT DETECTED;Ba NOT DETECTED;Yp NOT DETECTED,Ft DETECTED;Ba DETECTED;Yp DETECTED,,,,
TAP Panel,Xpert TAP Panel,CELLNAMN,Specimen,Ft NOT DETECTED;Ba NOT DETECTED;Yp NOT DETECTED,Ft DETECTED;Ba DETECTED;Yp DETECTED,,,,
VAN AB,Xpert vanA vanB,"NEG, CELLNAMN","Negative Control 1, Positive Control 1",vanA NEGATIVE;vanB NEGATIVE,vanA POSITIVE;vanB POSITIVE,,,,
FLU RSV,XP Flu-RSV RUO,"POS, CELLNAMN","Negative Control 1, Positive Control 1, Positive Control 2",Flu A NEGATIVE;Flu B NEGATIVE;RSV NEGATIVE,Flu A POSITIVE;Flu B POSITIVE;RSV POSITIVE,Flu A POSITIVE;Flu B POSITIVE;RSV POSITIVE,,,
FLU RSV,Xpert Xpress Flu-RSV,"POS, CELLNAMN","Negative Control 1, Positive Control 1, Positive Control 2",Flu A NEGATIVE;Flu B NEGATIVE;RSV NEGATIVE,Flu A POSITIVE;Flu B POSITIVE;RSV POSITIVE,Flu A POSITIVE;Flu B POSITIVE;RSV POSITIVE,,,
FLU,Xpress Flu IPT_EAT off,"POS, CELLNAMN","Negative Control 1, Positive Control 1, Positive Control 2",Flu A NEGATIVE;Flu B NEGATIVE,Flu A POSITIVE;Flu B POSITIVE,Flu A POSITIVE;Flu B POSITIVE,,,
Resp Panel,Respiratory Panel IUO,NEG. CELLNAMN,Specimen,Adenovirus NEGATIVE;Coronavirus NEGATIVE;SARS-CoV-2 NEGATIVE;Flu A NEGATIVE;Flu B NEGATIVE;hMPV NEGATIVE;Parainfluenza NEGATIVE;Rhino-Enterovirus NEGATIVE;RSV NEGATIVE;B. parapertussis NEGATIVE;B. pertussis NEGATIVE;Chlam. pneumoniae NEGATIVE;Myco. pneumoniae NEGATIVE,Adenovirus NEGATIVE;Coronavirus POSITIVE;SARS-CoV-2 NEGATIVE;Flu A POSITIVE;Flu B NEGATIVE;hMPV NEGATIVE;Parainfluenza POSITIVE;Rhino-Enterovirus NEGATIVE;RSV POSITIVE;B. parapertussis NEGATIVE;B. pertussis NEGATIVE;Chlam. pneumoniae POSITIVE;Myco. pneumoniae NEGATIVE,Adenovirus NEGATIVE;Coronavirus POSITIVE;SARS-CoV-2 POSITIVE;Flu A NEGATIVE;Flu B POSITIVE;hMPV NEGATIVE;Parainfluenza POSITIVE;Rhino-Enterovirus NEGATIVE;RSV NEGATIVE;B. parapertussis POSITIVE;B. pertussis NEGATIVE;Chlam. pneumoniae NEGATIVE;Myco. pneumoniae NEGATIVE,Adenovirus POSITIVE;Coronavirus POSITIVE;SARS-CoV-2 NEGATIVE;Flu A POSITIVE;Flu B NEGATIVE;hMPV POSITIVE;Parainfluenza POSITIVE;Rhino-Enterovirus POSITIVE;RSV NEGATIVE;B. parapertussis NEGATIVE;B. pertussis NEGATIVE;Chlam. pneumoniae NEGATIVE;Myco. pneumoniae NEGATIVE,Adenovirus NEGATIVE;Coronavirus POSITIVE;SARS-CoV-2 NEGATIVE;Flu A NEGATIVE;Flu B NEGATIVE;hMPV NEGATIVE;Parainfluenza POSITIVE;Rhino-Enterovirus NEGATIVE;RSV POSITIVE;B. parapertussis NEGATIVE;B. pertussis POSITIVE;Chlam. pneumoniae NEGATIVE;Myco. pneumoniae POSITIVE,
Resp Panel,Respiratory Panel RUO,NEG. CELLNAMN,Specimen,Adenovirus NEGATIVE;Coronavirus NEGATIVE;SARS-CoV-2 NEGATIVE;Flu A NEGATIVE;Flu B NEGATIVE;hMPV NEGATIVE;Parainfluenza NEGATIVE;Rhino-Enterovirus NEGATIVE;RSV NEGATIVE;B. parapertussis NEGATIVE;B. pertussis NEGATIVE;Chlam. pneumoniae NEGATIVE;Myco. pneumoniae NEGATIVE,Adenovirus NEGATIVE;Coronavirus POSITIVE;SARS-CoV-2 NEGATIVE;Flu A POSITIVE;Flu B NEGATIVE;hMPV NEGATIVE;Parainfluenza POSITIVE;Rhino-Enterovirus NEGATIVE;RSV POSITIVE;B. parapertussis NEGATIVE;B. pertussis NEGATIVE;Chlam. pneumoniae POSITIVE;Myco. pneumoniae NEGATIVE,Adenovirus NEGATIVE;Coronavirus POSITIVE;SARS-CoV-2 POSITIVE;Flu A NEGATIVE;Flu B POSITIVE;hMPV NEGATIVE;Parainfluenza POSITIVE;Rhino-Enterovirus NEGATIVE;RSV NEGATIVE;B. parapertussis POSITIVE;B. pertussis NEGATIVE;Chlam. pneumoniae NEGATIVE;Myco. pneumoniae NEGATIVE,Adenovirus POSITIVE;Coronavirus POSITIVE;SARS-CoV-2 NEGATIVE;Flu A POSITIVE;Flu B NEGATIVE;hMPV POSITIVE;Parainfluenza POSITIVE;Rhino-Enterovirus POSITIVE;RSV NEGATIVE;B. parapertussis NEGATIVE;B. pertussis NEGATIVE;Chlam. pneumoniae NEGATIVE;Myco. pneumoniae NEGATIVE,Adenovirus NEGATIVE;Coronavirus POSITIVE;SARS-CoV-2 NEGATIVE;Flu A NEGATIVE;Flu B NEGATIVE;hMPV NEGATIVE;Parainfluenza POSITIVE;Rhino-Enterovirus NEGATIVE;RSV POSITIVE;B. parapertussis NEGATIVE;B. pertussis POSITIVE;Chlam. pneumoniae NEGATIVE;Myco. pneumoniae POSITIVE,
Resp Panel,Respiratory panel ,NEG. CELLNAMN,Specimen,Adenovirus NEGATIVE;Coronavirus NEGATIVE;SARS-CoV-2 NEGATIVE;Flu A NEGATIVE;Flu B NEGATIVE;hMPV NEGATIVE;Parainfluenza NEGATIVE;Rhino-Enterovirus NEGATIVE;RSV NEGATIVE;B. parapertussis NEGATIVE;B. pertussis NEGATIVE;Chlam. pneumoniae NEGATIVE;Myco. pneumoniae NEGATIVE,Adenovirus NEGATIVE;Coronavirus POSITIVE;SARS-CoV-2 NEGATIVE;Flu A POSITIVE;Flu B NEGATIVE;hMPV NEGATIVE;Parainfluenza POSITIVE;Rhino-Enterovirus NEGATIVE;RSV POSITIVE;B. parapertussis NEGATIVE;B. pertussis NEGATIVE;Chlam. pneumoniae POSITIVE;Myco. pneumoniae NEGATIVE,Adenovirus NEGATIVE;Coronavirus POSITIVE;SARS-CoV-2 POSITIVE;Flu A NEGATIVE;Flu B POSITIVE;hMPV NEGATIVE;Parainfluenza POSITIVE;Rhino-Enterovirus NEGATIVE;RSV NEGATIVE;B. parapertussis POSITIVE;B. pertussis NEGATIVE;Chlam. pneumoniae NEGATIVE;Myco. pneumoniae NEGATIVE,Adenovirus POSITIVE;Coronavirus POSITIVE;SARS-CoV-2 NEGATIVE;Flu A POSITIVE;Flu B NEGATIVE;hMPV POSITIVE;Parainfluenza POSITIVE;Rhino-Enterovirus POSITIVE;RSV NEGATIVE;B. parapertussis NEGATIVE;B. pertussis NEGATIVE;Chlam. pneumoniae NEGATIVE;Myco. pneumoniae NEGATIVE,Adenovirus NEGATIVE;Coronavirus POSITIVE;SARS-CoV-2 NEGATIVE;Flu A NEGATIVE;Flu B NEGATIVE;hMPV NEGATIVE;Parainfluenza POSITIVE;Rhino-Enterovirus NEGATIVE;RSV POSITIVE;B. parapertussis NEGATIVE;B. pertussis POSITIVE;Chlam. pneumoniae NEGATIVE;Myco. pneumoniae POSITIVE,
Resp Panel,Respiratory panel CE-IVD,NEG. CELLNAMN,Specimen,Adenovirus NEGATIVE;Coronavirus NEGATIVE;SARS-CoV-2 NEGATIVE;Flu A NEGATIVE;Flu B NEGATIVE;hMPV NEGATIVE;Parainfluenza NEGATIVE;Rhino-Enterovirus NEGATIVE;RSV NEGATIVE;B. parapertussis NEGATIVE;B. pertussis NEGATIVE;Chlam. pneumoniae NEGATIVE;Myco. pneumoniae NEGATIVE,Adenovirus NEGATIVE;Coronavirus POSITIVE;SARS-CoV-2 NEGATIVE;Flu A POSITIVE;Flu B NEGATIVE;hMPV NEGATIVE;Parainfluenza POSITIVE;Rhino-Enterovirus NEGATIVE;RSV POSITIVE;B. parapertussis NEGATIVE;B. pertussis NEGATIVE;Chlam. pneumoniae POSITIVE;Myco. pneumoniae NEGATIVE,Adenovirus NEGATIVE;Coronavirus POSITIVE;SARS-CoV-2 POSITIVE;Flu A NEGATIVE;Flu B POSITIVE;hMPV NEGATIVE;Parainfluenza POSITIVE;Rhino-Enterovirus NEGATIVE;RSV NEGATIVE;B. parapertussis POSITIVE;B. pertussis NEGATIVE;Chlam. pneumoniae NEGATIVE;Myco. pneumoniae NEGATIVE,Adenovirus POSITIVE;Coronavirus POSITIVE;SARS-CoV-2 NEGATIVE;Flu A POSITIVE;Flu B NEGATIVE;hMPV POSITIVE;Parainfluenza POSITIVE;Rhino-Enterovirus POSITIVE;RSV NEGATIVE;B. parapertussis NEGATIVE;B. pertussis NEGATIVE;Chlam. pneumoniae NEGATIVE;Myco. pneumoniae NEGATIVE,Adenovirus NEGATIVE;Coronavirus POSITIVE;SARS-CoV-2 NEGATIVE;Flu A NEGATIVE;Flu B NEGATIVE;hMPV NEGATIVE;Parainfluenza POSITIVE;Rhino-Enterovirus NEGATIVE;RSV POSITIVE;B. parapertussis NEGATIVE;B. pertussis POSITIVE;Chlam. pneumoniae NEGATIVE;Myco. pneumoniae POSITIVE,
Resp Panel,Respiratory panel UKCA-IVD,NEG. CELLNAMN,Specimen,Adenovirus NEGATIVE;Coronavirus NEGATIVE;SARS-CoV-2 NEGATIVE;Flu A NEGATIVE;Flu B NEGATIVE;hMPV NEGATIVE;Parainfluenza NEGATIVE;Rhino-Enterovirus NEGATIVE;RSV NEGATIVE;B. parapertussis NEGATIVE;B. pertussis NEGATIVE;Chlam. pneumoniae NEGATIVE;Myco. pneumoniae NEGATIVE,Adenovirus NEGATIVE;Coronavirus POSITIVE;SARS-CoV-2 NEGATIVE;Flu A POSITIVE;Flu B NEGATIVE;hMPV NEGATIVE;Parainfluenza POSITIVE;Rhino-Enterovirus NEGATIVE;RSV POSITIVE;B. parapertussis NEGATIVE;B. pertussis NEGATIVE;Chlam. pneumoniae POSITIVE;Myco. pneumoniae NEGATIVE,Adenovirus NEGATIVE;Coronavirus POSITIVE;SARS-CoV-2 POSITIVE;Flu A NEGATIVE;Flu B POSITIVE;hMPV NEGATIVE;Parainfluenza POSITIVE;Rhino-Enterovirus NEGATIVE;RSV NEGATIVE;B. parapertussis POSITIVE;B. pertussis NEGATIVE;Chlam. pneumoniae NEGATIVE;Myco. pneumoniae NEGATIVE,Adenovirus POSITIVE;Coronavirus POSITIVE;SARS-CoV-2 NEGATIVE;Flu A POSITIVE;Flu B NEGATIVE;hMPV POSITIVE;Parainfluenza POSITIVE;Rhino-Enterovirus POSITIVE;RSV NEGATIVE;B. parapertussis NEGATIVE;B. pertussis NEGATIVE;Chlam. pneumoniae NEGATIVE;Myco. pneumoniae NEGATIVE,Adenovirus NEGATIVE;Coronavirus POSITIVE;SARS-CoV-2 NEGATIVE;Flu A NEGATIVE;Flu B NEGATIVE;hMPV NEGATIVE;Parainfluenza POSITIVE;Rhino-Enterovirus NEGATIVE;RSV POSITIVE;B. parapertussis NEGATIVE;B. pertussis POSITIVE;Chlam. pneumoniae NEGATIVE;Myco. pneumoniae POSITIVE,
GI Panel,GI Panel RUO,"NEG, CELLNAMN",Specimen,Campylobacter NEGATIVE;Salmonella NEGATIVE;STEC stx1 NEGATIVE;STEC stx2 NEGATIVE;Shigella EIEC NEGATIVE;V. cholerae NEGATIVE;V. parahaemolyticus NEGATIVE;Yersinia NEGATIVE;Cryptosporidium NEGATIVE;Giardia NEGATIVE;Norovirus NEGATIVE,Campylobacter POSITIVE;Salmonella POSITIVE;STEC stx1 POSITIVE;STEC stx2 POSITIVE;Shigella EIEC POSITIVE;V. cholerae POSITIVE;V. parahaemolyticus POSITIVE;Yersinia POSITIVE;Cryptosporidium POSITIVE;Giardia POSITIVE;Norovirus POSITIVE,,,,
GI Panel,GI Panel IUO,"NEG, CELLNAMN",Specimen,Campylobacter NEGATIVE;Salmonella NEGATIVE;STEC stx1 NEGATIVE;STEC stx2 NEGATIVE;Shigella EIEC NEGATIVE;V. cholerae NEGATIVE;V. parahaemolyticus NEGATIVE;Yersinia NEGATIVE;Cryptosporidium NEGATIVE;Giardia NEGATIVE;Norovirus NEGATIVE,Campylobacter POSITIVE;Salmonella POSITIVE;STEC stx1 POSITIVE;STEC stx2 POSITIVE;Shigella EIEC POSITIVE;V. cholerae POSITIVE;V. parahaemolyticus POSITIVE;Yersinia POSITIVE;Cryptosporidium POSITIVE;Giardia POSITIVE;Norovirus POSITIVE,,,,
GI Panel,Xpert GI Panel,"NEG, CELLNAMN",Specimen,Campylobacter NEGATIVE;Salmonella NEGATIVE;STEC stx1 NEGATIVE;STEC stx2 NEGATIVE;Shigella EIEC NEGATIVE;V. cholerae NEGATIVE;V. parahaemolyticus NEGATIVE;Yersinia NEGATIVE;Cryptosporidium NEGATIVE;Giardia NEGATIVE;Norovirus NEGATIVE,Campylobacter POSITIVE;Salmonella POSITIVE;STEC stx1 POSITIVE;STEC stx2 POSITIVE;Shigella EIEC POSITIVE;V. cholerae POSITIVE;V. parahaemolyticus POSITIVE;Yersinia POSITIVE;Cryptosporidium POSITIVE;Giardia POSITIVE;Norovirus POSITIVE,,,,
GI Panel,Xpert GI Panel CE-IVD,"NEG, CELLNAMN",Specimen,Campylobacter NEGATIVE;Salmonella NEGATIVE;STEC stx1 NEGATIVE;STEC stx2 NEGATIVE;Shigella EIEC NEGATIVE;V. cholerae NEGATIVE;V. parahaemolyticus NEGATIVE;Yersinia NEGATIVE;Cryptosporidium NEGATIVE;Giardia NEGATIVE;Norovirus NEGATIVE,Campylobacter POSITIVE;Salmonella POSITIVE;STEC stx1 POSITIVE;STEC stx2 POSITIVE;Shigella EIEC POSITIVE;V. cholerae POSITIVE;V. parahaemolyticus POSITIVE;Yersinia POSITIVE;Cryptosporidium POSITIVE;Giardia POSITIVE;Norovirus POSITIVE,,,,
STREPA,Xpert Xpress Strep A,CELLNAMN,"Negative Control 1, Positive Control 1, Positive Control 2",Strep A NOT DETECTED,Strep A DETECTED,Strep A DETECTED,,,
STREPA,Xpert Xpress_Strep A,CELLNAMN,"Negative Control 1, Positive Control 1, Positive Control 2",Strep A NOT DETECTED,Strep A DETECTED,Strep A DETECTED,,,
