Priority,AssayPattern,Field,MatchType,Pattern,Call,Notes
2000,CARBA[-\s]R\ IUO,Test Result,exact_ci,IMP1 DETECTED;VIM DETECTED;NDM DETECTED;KPC DETECTED;OXA48 DETECTED,POS,"From Specification.xlsx sheet=CARBA, sampleGroup=1"
2000,CARBA[-\s]R\ IUO,Test Result,exact_ci,IMP1 NOT DETECTED;VIM NOT DETECTED;NDM NOT DETECTED;KPC NOT DETECTED;OXA48 NOT DETECTED,NEG,"From Specification.xlsx sheet=CARBA, sampleGroup=0"
2000,CARBA[-\s]R\ RUO,Test Result,exact_ci,IMP DETECTED;VIM DETECTED;NDM DETECTED;KPC DETECTED;OXA48 DETECTED,POS,"From Specification.xlsx sheet=CARBA, sampleGroup=1"
2000,CARBA[-\s]R\ RUO,Test Result,exact_ci,IMP NOT DETECTED;VIM NOT DETECTED;NDM NOT DETECTED;KPC NOT DETECTED;OXA48 NOT DETECTED,NEG,"From Specification.xlsx sheet=CARBA, sampleGroup=0"
2000,Carba[-\s]R\ BEU\ IUO,Test Result,exact_ci,IMP DETECTED;VIM DETECTED;NDM DETECTED;KPC DETECTED;OXA48 DETECTED,POS,"From Specification.xlsx sheet=CARBA, sampleGroup=1"
2000,Carba[-\s]R\ BEU\ IUO,Test Result,exact_ci,IMP NOT DETECTED;VIM NOT DETECTED;NDM NOT DETECTED;KPC NOT DETECTED;OXA48 NOT DETECTED,NEG,"From Specification.xlsx sheet=CARBA, sampleGroup=0"
2000,Carba[-\s]R\ BEU\ RUO,Test Result,exact_ci,IMP DETECTED;VIM DETECTED;NDM DETECTED;KPC DETECTED;OXA48 DETECTED,POS,"From Specification.xlsx sheet=CARBA, sampleGroup=1"
2000,Carba[-\s]R\ BEU\ RUO,Test Result,exact_ci,IMP NOT DETECTED;VIM NOT DETECTED;NDM NOT DETECTED;KPC NOT DETECTED;OXA48 NOT DETECTED,NEG,"From Specification.xlsx sheet=CARBA, sampleGroup=0"
2000,Ebola\ RUO,Test Result,exact_ci,Ebola GP DETECTED;Ebola NP DETECTED,POS,"From Specification.xlsx sheet=EBOLA, sampleGroup=1"
2000,Ebola\ RUO,Test Result,exact_ci,Ebola GP NOT DETECTED;Ebola NP NOT DETECTED,NEG,"From Specification.xlsx sheet=EBOLA, sampleGroup=0"
2000,GBS\ LB\ RUO,Test Result,exact_ci,GBS POSITIVE,NEG,"From Specification.xlsx sheet=GBS XC, sampleGroup=0"
2000,GBS\ LB\ XC\ IUO,Test Result,exact_ci,GBS POSITIVE,NEG,"From Specification.xlsx sheet=GBS XC, sampleGroup=0"
2000,GI\ Panel\ IUO,Test Result,exact_ci,Campylobacter POSITIVE;Salmonella POSITIVE;STEC stx1 POSITIVE;STEC stx2 POSITIVE;Shigella EIEC POSITIVE;V. cholerae POSITIVE;V. parahaemolyticus POSITIVE;Yersinia POSITIVE;Cryptosporidium POSITIVE;Giardia POSITIVE;Norovirus POSITIVE,NEG,"From Specification.xlsx sheet=GI Panel, sampleGroup=0"
2000,GI\ Panel\ RUO,Test Result,exact_ci,Campylobacter POSITIVE;Salmonella POSITIVE;STEC stx1 POSITIVE;STEC stx2 POSITIVE;Shigella EIEC POSITIVE;V. cholerae POSITIVE;V. parahaemolyticus POSITIVE;Yersinia POSITIVE;Cryptosporidium POSITIVE;Giardia POSITIVE;Norovirus POSITIVE,NEG,"From Specification.xlsx sheet=GI Panel, sampleGroup=0"
2000,HCV\ IUO,Test Result,exact_ci,HCV DETECTED,NEG,"From Specification.xlsx sheet=GX HCV, sampleGroup=0"
2000,HCV\ VL\ WB\ RUO,Test Result,exact_ci,HCV DETECTED * IU/mL (log *.*),POS,"From Specification.xlsx sheet=HCV FS, sampleGroup=1"
2000,HCV\ VL\ WB\ RUO,Test Result,exact_ci,HCV NOT DETECTED,NEG,"From Specification.xlsx sheet=HCV FS, sampleGroup=0"
2000,HCV\ Viral\ Load\ RUO,Test Result,exact_ci,HCV DETECTED * IU/mL (log *.*),POS,"From Specification.xlsx sheet=HCV VL, sampleGroup=1"
2000,HCV\ Viral\ Load\ RUO,Test Result,exact_ci,HCV NOT DETECTED,NEG,"From Specification.xlsx sheet=HCV VL, sampleGroup=0"
2000,HIV[-\s]1\ Viral\ Load\ RUO,Test Result,exact_ci,HIV-1 DETECTED * copies/mL (log *.*),POS,"From Specification.xlsx sheet=HIV VL, sampleGroup=1"
2000,HIV[-\s]1\ Viral\ Load\ RUO,Test Result,exact_ci,HIV-1 NOT DETECTED,NEG,"From Specification.xlsx sheet=HIV VL, sampleGroup=0"
2000,HIV[-\s]1\ Viral\ Load\ XC\ IUO,Test Result,exact_ci,HIV-1 DETECTED * copies/mL (log *.*),POS,"From Specification.xlsx sheet=HIV VL XC, sampleGroup=1"
2000,HIV[-\s]1\ Viral\ Load\ XC\ IUO,Test Result,exact_ci,HIV-1 NOT DETECTED,NEG,"From Specification.xlsx sheet=HIV VL XC, sampleGroup=0"
2000,HIV[-\s]1\ Viral\ Load\ XC\ RUO,Test Result,exact_ci,HIV-1 DETECTED * copies/mL (log *.*),POS,"From Specification.xlsx sheet=HIV VL XC, sampleGroup=1"
2000,HIV[-\s]1\ Viral\ Load\ XC\ RUO,Test Result,exact_ci,HIV-1 NOT DETECTED,NEG,"From Specification.xlsx sheet=HIV VL XC, sampleGroup=0"
2000,HPV\ HR\ AND\ GENOTYPE\ RUO\ ASSAY,Test Result,exact_ci,HR HPV POS,POS,"From Specification.xlsx sheet=HPV, sampleGroup=1"
2000,HPV\ HR\ AND\ GENOTYPE\ RUO\ ASSAY,Test Result,exact_ci,INVALID,NEG,"From Specification.xlsx sheet=HPV, sampleGroup=0"
2000,LCE009\ Xpress\ SARS[-\s]CoV[-\s]2\ plus,Test Result,exact_ci,SARS-CoV-2 NEGATIVE,NEG,"From Specification.xlsx sheet=Covid plus, sampleGroup=0"
2000,LCE009\ Xpress\ SARS[-\s]CoV[-\s]2\ plus,Test Result,exact_ci,SARS-CoV-2 POSITIVE,POS,"From Specification.xlsx sheet=Covid plus, sampleGroup=1"
2000,MRSA[-\s]SA\ ETA,Test Result,exact_ci,MRSA NEGATIVE;SA NEGATIVE,NEG,"From Specification.xlsx sheet=MRSA SA, sampleGroup=0"
2000,MRSA[-\s]SA\ ETA,Test Result,exact_ci,MRSA POSITIVE;SA POSITIVE,POS,"From Specification.xlsx sheet=MRSA SA, sampleGroup=1"
2000,MRSA\ NxG\ IUO,Test Result,exact_ci,MRSA DETECTED,POS,"From Specification.xlsx sheet=MRSA NxG, sampleGroup=1"
2000,MRSA\ NxG\ IUO,Test Result,exact_ci,MRSA NOT DETECTED,NEG,"From Specification.xlsx sheet=MRSA NxG, sampleGroup=0"
2000,MRSA\ NxG\ RUO,Test Result,exact_ci,MRSA DETECTED,POS,"From Specification.xlsx sheet=MRSA NxG, sampleGroup=1"
2000,MRSA\ NxG\ RUO,Test Result,exact_ci,MRSA NOT DETECTED,NEG,"From Specification.xlsx sheet=MRSA NxG, sampleGroup=0"
2000,MTB[-\s]RIF\ Ultra\ v2\ RUO,Test Result,exact_ci,MTB DETECTED *;Rif Resistance DETECTED,NEG,"From Specification.xlsx sheet=MTB U, sampleGroup=0"
2000,MTB[-\s]XDR\ IUO,Test Result,exact_ci,MTB DETECTED;INH Resistance NOT DETECTED;FLQ Resistance NOT DETECTED;AMK Resistance NOT DETECTED;KAN Resistance NOT DETECTED;CAP Resistance NOT DETECTED;ETH Resistance NOT DETECTED,NEG,"From Specification.xlsx sheet=MTB XDR, sampleGroup=0"
2000,MTB[-\s]XDR\ RUO,Test Result,exact_ci,MTB DETECTED;INH Resistance NOT DETECTED;FLQ Resistance NOT DETECTED;AMK Resistance NOT DETECTED;KAN Resistance NOT DETECTED;CAP Resistance NOT DETECTED;ETH Resistance NOT DETECTED,NEG,"From Specification.xlsx sheet=MTB XDR, sampleGroup=0"
2000,P0900,Test Result,exact_ci,HIV-1 DETECTED,NEG,"From Specification.xlsx sheet=HIV QA XC, sampleGroup=0"
2000,P0918,Test Result,exact_ci,HIV-1 DETECTED,NEG,"From Specification.xlsx sheet=HIV QA XC, sampleGroup=0"
2000,P0998,Test Result,exact_ci,HIV-1 DETECTED,NEG,"From Specification.xlsx sheet=HIV QA XC, sampleGroup=0"
2000,P0999,Test Result,exact_ci,HIV-1 DETECTED,NEG,"From Specification.xlsx sheet=HIV QA XC, sampleGroup=0"
2000,Respiratory\ Panel\ IUO,Test Result,exact_ci,Adenovirus NEGATIVE;Coronavirus POSITIVE;SARS-CoV-2 NEGATIVE;Flu A POSITIVE;Flu B NEGATIVE;hMPV NEGATIVE;Parainfluenza POSITIVE;Rhino-Enterovirus NEGATIVE;RSV POSITIVE;B. parapertussis NEGATIVE;B. pertussis NEGATIVE;Chlam. pneumoniae POSITIVE;Myco. pneumoniae NEGATIVE,NEG,"From Specification.xlsx sheet=Respiratory Panel, sampleGroup=0"
2000,Respiratory\ Panel\ IUO,Test Result,exact_ci,Adenovirus POSITIVE;Coronavirus POSITIVE;SARS-CoV-2 NEGATIVE;Flu A POSITIVE;Flu B NEGATIVE;hMPV POSITIVE;Parainfluenza POSITIVE;Rhino-Enterovirus POSITIVE;RSV NEGATIVE;B. parapertussis NEGATIVE;B. pertussis NEGATIVE;Chlam. pneumoniae NEGATIVE;Myco. pneumoniae NEGATIVE,POS,"From Specification.xlsx sheet=Respiratory Panel, sampleGroup=1"
2000,Respiratory\ Panel\ RUO,Test Result,exact_ci,Adenovirus NEGATIVE;Coronavirus POSITIVE;SARS-CoV-2 NEGATIVE;Flu A POSITIVE;Flu B NEGATIVE;hMPV NEGATIVE;Parainfluenza POSITIVE;Rhino-Enterovirus NEGATIVE;RSV POSITIVE;B. parapertussis NEGATIVE;B. pertussis NEGATIVE;Chlam. pneumoniae POSITIVE;Myco. pneumoniae NEGATIVE,NEG,"From Specification.xlsx sheet=Respiratory Panel, sampleGroup=0"
2000,Respiratory\ Panel\ RUO,Test Result,exact_ci,Adenovirus POSITIVE;Coronavirus POSITIVE;SARS-CoV-2 NEGATIVE;Flu A POSITIVE;Flu B NEGATIVE;hMPV POSITIVE;Parainfluenza POSITIVE;Rhino-Enterovirus POSITIVE;RSV NEGATIVE;B. parapertussis NEGATIVE;B. pertussis NEGATIVE;Chlam. pneumoniae NEGATIVE;Myco. pneumoniae NEGATIVE,POS,"From Specification.xlsx sheet=Respiratory Panel, sampleGroup=1"
2000,Respiratory\ panel,Test Result,exact_ci,Adenovirus NEGATIVE;Coronavirus POSITIVE;SARS-CoV-2 NEGATIVE;Flu A POSITIVE;Flu B NEGATIVE;hMPV NEGATIVE;Parainfluenza POSITIVE;Rhino-Enterovirus NEGATIVE;RSV POSITIVE;B. parapertussis NEGATIVE;B. pertussis NEGATIVE;Chlam. pneumoniae POSITIVE;Myco. pneumoniae NEGATIVE,NEG,"From Specification.xlsx sheet=Respiratory Panel, sampleGroup=0"
2000,Respiratory\ panel,Test Result,exact_ci,Adenovirus POSITIVE;Coronavirus POSITIVE;SARS-CoV-2 NEGATIVE;Flu A POSITIVE;Flu B NEGATIVE;hMPV POSITIVE;Parainfluenza POSITIVE;Rhino-Enterovirus POSITIVE;RSV NEGATIVE;B. parapertussis NEGATIVE;B. pertussis NEGATIVE;Chlam. pneumoniae NEGATIVE;Myco. pneumoniae NEGATIVE,POS,"From Specification.xlsx sheet=Respiratory Panel, sampleGroup=1"
2000,Respiratory\ panel\ CE[-\s]IVD,Test Result,exact_ci,Adenovirus NEGATIVE;Coronavirus POSITIVE;SARS-CoV-2 NEGATIVE;Flu A POSITIVE;Flu B NEGATIVE;hMPV NEGATIVE;Parainfluenza POSITIVE;Rhino-Enterovirus NEGATIVE;RSV POSITIVE;B. parapertussis NEGATIVE;B. pertussis NEGATIVE;Chlam. pneumoniae POSITIVE;Myco. pneumoniae NEGATIVE,NEG,"From Specification.xlsx sheet=Respiratory Panel, sampleGroup=0"
2000,Respiratory\ panel\ CE[-\s]IVD,Test Result,exact_ci,Adenovirus POSITIVE;Coronavirus POSITIVE;SARS-CoV-2 NEGATIVE;Flu A POSITIVE;Flu B NEGATIVE;hMPV POSITIVE;Parainfluenza POSITIVE;Rhino-Enterovirus POSITIVE;RSV NEGATIVE;B. parapertussis NEGATIVE;B. pertussis NEGATIVE;Chlam. pneumoniae NEGATIVE;Myco. pneumoniae NEGATIVE,POS,"From Specification.xlsx sheet=Respiratory Panel, sampleGroup=1"
2000,Respiratory\ panel\ UKCA[-\s]IVD,Test Result,exact_ci,Adenovirus NEGATIVE;Coronavirus POSITIVE;SARS-CoV-2 NEGATIVE;Flu A POSITIVE;Flu B NEGATIVE;hMPV NEGATIVE;Parainfluenza POSITIVE;Rhino-Enterovirus NEGATIVE;RSV POSITIVE;B. parapertussis NEGATIVE;B. pertussis NEGATIVE;Chlam. pneumoniae POSITIVE;Myco. pneumoniae NEGATIVE,NEG,"From Specification.xlsx sheet=Respiratory Panel, sampleGroup=0"
2000,Respiratory\ panel\ UKCA[-\s]IVD,Test Result,exact_ci,Adenovirus POSITIVE;Coronavirus POSITIVE;SARS-CoV-2 NEGATIVE;Flu A POSITIVE;Flu B NEGATIVE;hMPV POSITIVE;Parainfluenza POSITIVE;Rhino-Enterovirus POSITIVE;RSV NEGATIVE;B. parapertussis NEGATIVE;B. pertussis NEGATIVE;Chlam. pneumoniae NEGATIVE;Myco. pneumoniae NEGATIVE,POS,"From Specification.xlsx sheet=Respiratory Panel, sampleGroup=1"
2000,TAP\ Panel\ IUO,Test Result,exact_ci,Ft DETECTED;Ba DETECTED;Yp DETECTED,NEG,"From Specification.xlsx sheet=TAP Panel, sampleGroup=0"
2000,TAP\ Panel\ RUO,Test Result,exact_ci,Ft DETECTED;Ba DETECTED;Yp DETECTED,NEG,"From Specification.xlsx sheet=TAP Panel, sampleGroup=0"
2000,XP\ Flu[-\s]RSV\ RUO,Test Result,exact_ci,Flu A NEGATIVE;Flu B NEGATIVE;RSV NEGATIVE,NEG,"From Specification.xlsx sheet=FLU RSV, sampleGroup=0"
2000,XP\ Flu[-\s]RSV\ RUO,Test Result,exact_ci,Flu A POSITIVE;Flu B POSITIVE;RSV POSITIVE,POS,"From Specification.xlsx sheet=FLU RSV, sampleGroup=1"
2000,Xpert[-\s]C\.\ difficile\ G2,Test Result,exact_ci,Toxigenic C.diff NEGATIVE,NEG,"From Specification.xlsx sheet=C.DIFF, sampleGroup=0"
2000,Xpert[-\s]C\.\ difficile\ G2,Test Result,exact_ci,Toxigenic C.diff POSITIVE,POS,"From Specification.xlsx sheet=C.DIFF, sampleGroup=1"
2000,Xpert\ C\.diff[-\s]Epi,Test Result,exact_ci,Toxigenic C.diff NEGATIVE;027 PRESUMPTIVE NEGATIVE,NEG,"From Specification.xlsx sheet=C.DIFF, sampleGroup=0"
2000,Xpert\ C\.diff[-\s]Epi,Test Result,exact_ci,Toxigenic C.diff POSITIVE;027 PRESUMPTIVE POSITIVE,POS,"From Specification.xlsx sheet=C.DIFF, sampleGroup=1"
2000,Xpert\ C\.difficile\ BT,Test Result,exact_ci,Toxigenic C.diff NEG;Binary Toxin NEG;027 NEG,NEG,"From Specification.xlsx sheet=C.DIFF, sampleGroup=0"
2000,Xpert\ C\.difficile\ BT,Test Result,exact_ci,Toxigenic C.diff POS;Binary Toxin POS;027 PRESUMPTIVE POS,POS,"From Specification.xlsx sheet=C.DIFF, sampleGroup=1"
2000,Xpert\ C\.difficile\ G3,Test Result,exact_ci,Toxigenic C.diff NEGATIVE;027 PRESUMPTIVE NEG,NEG,"From Specification.xlsx sheet=C.DIFF, sampleGroup=0"
2000,Xpert\ C\.difficile\ G3,Test Result,exact_ci,Toxigenic C.diff POSITIVE;027 PRESUMPTIVE POS,POS,"From Specification.xlsx sheet=C.DIFF, sampleGroup=1"
2000,Xpert\ Carba[-\s]R,Test Result,exact_ci,IMP1 DETECTED;VIM DETECTED;NDM DETECTED;KPC DETECTED;OXA48 DETECTED,POS,"From Specification.xlsx sheet=CARBA, sampleGroup=1"
2000,Xpert\ Carba[-\s]R,Test Result,exact_ci,IMP1 NOT DETECTED;VIM NOT DETECTED;NDM NOT DETECTED;KPC NOT DETECTED;OXA48 NOT DETECTED,NEG,"From Specification.xlsx sheet=CARBA, sampleGroup=0"
2000,Xpert\ Ebola\ CE[-\s]IVD,Test Result,exact_ci,Ebola GP DETECTED;Ebola NP DETECTED,POS,"From Specification.xlsx sheet=EBOLA, sampleGroup=1"
2000,Xpert\ Ebola\ CE[-\s]IVD,Test Result,exact_ci,Ebola GP NOT DETECTED;Ebola NP NOT DETECTED,NEG,"From Specification.xlsx sheet=EBOLA, sampleGroup=0"
2000,Xpert\ Ebola\ EUA,Test Result,exact_ci,Ebola GP DETECTED;Ebola NP DETECTED,POS,"From Specification.xlsx sheet=EBOLA, sampleGroup=1"
2000,Xpert\ Ebola\ EUA,Test Result,exact_ci,Ebola GP NOT DETECTED;Ebola NP NOT DETECTED,NEG,"From Specification.xlsx sheet=EBOLA, sampleGroup=0"
2000,Xpert\ GBS\ LB\ XC,Test Result,exact_ci,GBS POSITIVE,NEG,"From Specification.xlsx sheet=GBS XC, sampleGroup=0"
2000,Xpert\ GI\ Panel,Test Result,exact_ci,Campylobacter POSITIVE;Salmonella POSITIVE;STEC stx1 POSITIVE;STEC stx2 POSITIVE;Shigella EIEC POSITIVE;V. cholerae POSITIVE;V. parahaemolyticus POSITIVE;Yersinia POSITIVE;Cryptosporidium POSITIVE;Giardia POSITIVE;Norovirus POSITIVE,NEG,"From Specification.xlsx sheet=GI Panel, sampleGroup=0"
2000,Xpert\ GI\ Panel\ CE[-\s]IVD,Test Result,exact_ci,Campylobacter POSITIVE;Salmonella POSITIVE;STEC stx1 POSITIVE;STEC stx2 POSITIVE;Shigella EIEC POSITIVE;V. cholerae POSITIVE;V. parahaemolyticus POSITIVE;Yersinia POSITIVE;Cryptosporidium POSITIVE;Giardia POSITIVE;Norovirus POSITIVE,NEG,"From Specification.xlsx sheet=GI Panel, sampleGroup=0"
2000,Xpert\ HBV\ Viral\ Load,Test Result,exact_ci,HBV DETECTED * IU/mL (log *.*),POS,"From Specification.xlsx sheet=HBV VL, sampleGroup=1"
2000,Xpert\ HBV\ Viral\ Load,Test Result,exact_ci,HBV NOT DETECTED,NEG,"From Specification.xlsx sheet=HBV VL, sampleGroup=0"
2000,Xpert\ HCV\ PQC,Test Result,exact_ci,HCV DETECTED,NEG,"From Specification.xlsx sheet=GX HCV, sampleGroup=0"
2000,Xpert\ HCV\ VL\ Fingerstick,Test Result,exact_ci,HCV DETECTED * IU/mL (log *.*),POS,"From Specification.xlsx sheet=HCV FS, sampleGroup=1"
2000,Xpert\ HCV\ VL\ Fingerstick,Test Result,exact_ci,HCV NOT DETECTED,NEG,"From Specification.xlsx sheet=HCV FS, sampleGroup=0"
2000,Xpert\ HIV[-\s]1\ Viral\ Load\ XC,Test Result,exact_ci,HIV-1 DETECTED * copies/mL (log *.*),POS,"From Specification.xlsx sheet=HIV VL XC, sampleGroup=1"
2000,Xpert\ HIV[-\s]1\ Viral\ Load\ XC,Test Result,exact_ci,HIV-1 NOT DETECTED,NEG,"From Specification.xlsx sheet=HIV VL XC, sampleGroup=0"
2000,Xpert\ HPV\ HR,Test Result,exact_ci,HR HPV POS,POS,"From Specification.xlsx sheet=HPV, sampleGroup=1"
2000,Xpert\ HPV\ HR,Test Result,exact_ci,INVALID,NEG,"From Specification.xlsx sheet=HPV, sampleGroup=0"
2000,Xpert\ HPV\ v2\ HR,Test Result,exact_ci,HR HPV POS,POS,"From Specification.xlsx sheet=HPV, sampleGroup=1"
2000,Xpert\ HPV\ v2\ HR,Test Result,exact_ci,INVALID,NEG,"From Specification.xlsx sheet=HPV, sampleGroup=0"
2000,Xpert\ MRSA[-\s]SA\ BC\ G3,Test Result,exact_ci,MRSA NEGATIVE;SA NEGATIVE,NEG,"From Specification.xlsx sheet=MRSA SA, sampleGroup=0"
2000,Xpert\ MRSA[-\s]SA\ BC\ G3,Test Result,exact_ci,MRSA POSITIVE;SA POSITIVE,POS,"From Specification.xlsx sheet=MRSA SA, sampleGroup=1"
2000,Xpert\ MRSA[-\s]SA\ SSTI\ G3,Test Result,exact_ci,MRSA NEGATIVE;SA NEGATIVE,NEG,"From Specification.xlsx sheet=MRSA SA, sampleGroup=0"
2000,Xpert\ MRSA[-\s]SA\ SSTI\ G3,Test Result,exact_ci,MRSA POSITIVE;SA POSITIVE,POS,"From Specification.xlsx sheet=MRSA SA, sampleGroup=1"
2000,Xpert\ MRSA\ NxG,Test Result,exact_ci,MRSA DETECTED,POS,"From Specification.xlsx sheet=MRSA NxG, sampleGroup=1"
2000,Xpert\ MRSA\ NxG,Test Result,exact_ci,MRSA NOT DETECTED,NEG,"From Specification.xlsx sheet=MRSA NxG, sampleGroup=0"
2000,Xpert\ MRSA_SA_BC,Test Result,exact_ci,MRSA NEGATIVE;SA NEGATIVE,NEG,"From Specification.xlsx sheet=MRSA SA, sampleGroup=0"
2000,Xpert\ MRSA_SA_BC,Test Result,exact_ci,MRSA POSITIVE;SA POSITIVE,POS,"From Specification.xlsx sheet=MRSA SA, sampleGroup=1"
2000,Xpert\ MRSA_SA_BC_CE,Test Result,exact_ci,MRSA NEGATIVE;SA NEGATIVE,NEG,"From Specification.xlsx sheet=MRSA SA, sampleGroup=0"
2000,Xpert\ MRSA_SA_BC_CE,Test Result,exact_ci,MRSA POSITIVE;SA POSITIVE,POS,"From Specification.xlsx sheet=MRSA SA, sampleGroup=1"
2000,Xpert\ MTB[-\s]RIF\ Assay\ G4,Test Result,exact_ci,MTB DETECTED *;Rif Resistance NOT DETECTED,NEG,"From Specification.xlsx sheet=MTB, sampleGroup=0"
2000,Xpert\ MTB[-\s]RIF\ JP\ IVD,Test Result,exact_ci,MTB DETECTED;Rif Resistance DETECTED,POS,"From Specification.xlsx sheet=MTB JP, sampleGroup=2"
2000,Xpert\ MTB[-\s]RIF\ JP\ IVD,Test Result,exact_ci,MTB DETECTED;Rif Resistance NOT DETECTED,POS,"From Specification.xlsx sheet=MTB JP, sampleGroup=1"
2000,Xpert\ MTB[-\s]RIF\ JP\ IVD,Test Result,exact_ci,MTB NOT DETECTED,NEG,"From Specification.xlsx sheet=MTB JP, sampleGroup=0"
2000,Xpert\ MTB[-\s]RIF\ US\ IVD,Test Result,exact_ci,MTB DETECTED;Rif Resistance NOT DETECTED,NEG,"From Specification.xlsx sheet=MTB, sampleGroup=0"
2000,Xpert\ MTB[-\s]RIF\ Ultra,Test Result,exact_ci,MTB DETECTED *;Rif Resistance DETECTED,NEG,"From Specification.xlsx sheet=MTB U, sampleGroup=0"
2000,Xpert\ MTB[-\s]XDR,Test Result,exact_ci,MTB DETECTED;INH Resistance NOT DETECTED;FLQ Resistance NOT DETECTED;AMK Resistance NOT DETECTED;KAN Resistance NOT DETECTED;CAP Resistance NOT DETECTED;ETH Resistance NOT DETECTED,NEG,"From Specification.xlsx sheet=MTB XDR, sampleGroup=0"
2000,Xpert\ Norovirus,Test Result,exact_ci,NORO GI DETECTED;NORO GII DETECTED,POS,"From Specification.xlsx sheet=NORO, sampleGroup=1"
2000,Xpert\ Norovirus,Test Result,exact_ci,NORO GI NOT DETECTED;NORO GII NOT DETECTED,NEG,"From Specification.xlsx sheet=NORO, sampleGroup=0"
2000,Xpert\ SA\ Nasal\ Complete\ G3,Test Result,exact_ci,MRSA NEGATIVE;SA NEGATIVE,NEG,"From Specification.xlsx sheet=MRSA SA, sampleGroup=0"
2000,Xpert\ SA\ Nasal\ Complete\ G3,Test Result,exact_ci,MRSA POSITIVE;SA POSITIVE,POS,"From Specification.xlsx sheet=MRSA SA, sampleGroup=1"
2000,Xpert\ TAP\ Panel,Test Result,exact_ci,Ft DETECTED;Ba DETECTED;Yp DETECTED,NEG,"From Specification.xlsx sheet=TAP Panel, sampleGroup=0"
2000,Xpert\ Xpress\ CoV[-\s]2\ plus,Test Result,exact_ci,SARS-CoV-2 NEGATIVE,NEG,"From Specification.xlsx sheet=Covid plus, sampleGroup=0"
2000,Xpert\ Xpress\ CoV[-\s]2\ plus,Test Result,exact_ci,SARS-CoV-2 POSITIVE,POS,"From Specification.xlsx sheet=Covid plus, sampleGroup=1"
2000,Xpert\ Xpress\ CoV[-\s]2\ plus\ IVD,Test Result,exact_ci,SARS-CoV-2 NEGATIVE,NEG,"From Specification.xlsx sheet=Covid plus, sampleGroup=0"
2000,Xpert\ Xpress\ CoV[-\s]2\ plus\ IVD,Test Result,exact_ci,SARS-CoV-2 POSITIVE,POS,"From Specification.xlsx sheet=Covid plus, sampleGroup=1"
2000,Xpert\ Xpress\ Flu[-\s]RSV,Test Result,exact_ci,Flu A NEGATIVE;Flu B NEGATIVE;RSV NEGATIVE,NEG,"From Specification.xlsx sheet=FLU RSV, sampleGroup=0"
2000,Xpert\ Xpress\ Flu[-\s]RSV,Test Result,exact_ci,Flu A POSITIVE;Flu B POSITIVE;RSV POSITIVE,POS,"From Specification.xlsx sheet=FLU RSV, sampleGroup=1"
2000,Xpert\ Xpress\ GBS,Test Result,exact_ci,GBS POSITIVE,NEG,"From Specification.xlsx sheet=GBS, sampleGroup=0"
2000,Xpert\ Xpress\ GBS\ RUO,Test Result,exact_ci,GBS POSITIVE,NEG,"From Specification.xlsx sheet=GBS, sampleGroup=0"
2000,Xpert\ Xpress\ SARS[-\s]CoV[-\s]2,Test Result,exact_ci,SARS-CoV-2 NEGATIVE,NEG,"From Specification.xlsx sheet=Sars, sampleGroup=0"
2000,Xpert\ Xpress\ SARS[-\s]CoV[-\s]2,Test Result,exact_ci,SARS-CoV-2 POSITIVE,POS,"From Specification.xlsx sheet=Sars, sampleGroup=1"
2000,Xpert\ Xpress\ SARS[-\s]CoV[-\s]2\ CE[-\s]IVD,Test Result,exact_ci,SARS-CoV-2 NEGATIVE,NEG,"From Specification.xlsx sheet=Sars, sampleGroup=0"
2000,Xpert\ Xpress\ SARS[-\s]CoV[-\s]2\ CE[-\s]IVD,Test Result,exact_ci,SARS-CoV-2 POSITIVE,POS,"From Specification.xlsx sheet=Sars, sampleGroup=1"
2000,Xpert\ Xpress\ Strep\ A,Test Result,exact_ci,Strep A DETECTED,POS,"From Specification.xlsx sheet=STREPA, sampleGroup=1"
2000,Xpert\ Xpress\ Strep\ A,Test Result,exact_ci,Strep A NOT DETECTED,NEG,"From Specification.xlsx sheet=STREPA, sampleGroup=0"
2000,Xpert\ Xpress_Strep\ A,Test Result,exact_ci,Strep A DETECTED,POS,"From Specification.xlsx sheet=STREPA, sampleGroup=1"
2000,Xpert\ Xpress_Strep\ A,Test Result,exact_ci,Strep A NOT DETECTED,NEG,"From Specification.xlsx sheet=STREPA, sampleGroup=0"
2000,Xpert\ vanA\ vanB,Test Result,exact_ci,vanA NEGATIVE;vanB NEGATIVE,NEG,"From Specification.xlsx sheet=VAN AB, sampleGroup=0"
2000,Xpert\ vanA\ vanB,Test Result,exact_ci,vanA POSITIVE;vanB POSITIVE,POS,"From Specification.xlsx sheet=VAN AB, sampleGroup=1"
2000,Xpert_Carba[-\s]R,Test Result,exact_ci,IMP DETECTED;VIM DETECTED;NDM DETECTED;KPC DETECTED;OXA48 DETECTED,POS,"From Specification.xlsx sheet=CARBA, sampleGroup=1"
2000,Xpert_Carba[-\s]R,Test Result,exact_ci,IMP NOT DETECTED;VIM NOT DETECTED;NDM NOT DETECTED;KPC NOT DETECTED;OXA48 NOT DETECTED,NEG,"From Specification.xlsx sheet=CARBA, sampleGroup=0"
2000,Xpert_HCV\ Viral\ Load,Test Result,exact_ci,HCV DETECTED * IU/mL (log *.*),POS,"From Specification.xlsx sheet=HCV VL, sampleGroup=1"
2000,Xpert_HCV\ Viral\ Load,Test Result,exact_ci,HCV NOT DETECTED,NEG,"From Specification.xlsx sheet=HCV VL, sampleGroup=0"
2000,Xpert_HIV[-\s]1\ Viral\ Load,Test Result,exact_ci,HIV-1 DETECTED * copies/mL (log *.*),POS,"From Specification.xlsx sheet=HIV VL, sampleGroup=1"
2000,Xpert_HIV[-\s]1\ Viral\ Load,Test Result,exact_ci,HIV-1 NOT DETECTED,NEG,"From Specification.xlsx sheet=HIV VL, sampleGroup=0"
2000,Xpress\ CoV[-\s]2\ plus\ IUO,Test Result,exact_ci,SARS-CoV-2 NEGATIVE,NEG,"From Specification.xlsx sheet=Covid plus, sampleGroup=0"
2000,Xpress\ CoV[-\s]2\ plus\ IUO,Test Result,exact_ci,SARS-CoV-2 POSITIVE,POS,"From Specification.xlsx sheet=Covid plus, sampleGroup=1"
2000,Xpress\ CoV[-\s]2\ plus\ RUO,Test Result,exact_ci,SARS-CoV-2 NEGATIVE,NEG,"From Specification.xlsx sheet=Covid plus, sampleGroup=0"
2000,Xpress\ CoV[-\s]2\ plus\ RUO,Test Result,exact_ci,SARS-CoV-2 POSITIVE,POS,"From Specification.xlsx sheet=Covid plus, sampleGroup=1"
2000,Xpress\ Flu\ IPT_EAT\ off,Test Result,exact_ci,Flu A NEGATIVE;Flu B NEGATIVE,NEG,"From Specification.xlsx sheet=FLU RSV, sampleGroup=0"
2000,Xpress\ Flu\ IPT_EAT\ off,Test Result,exact_ci,Flu A POSITIVE;Flu B POSITIVE,POS,"From Specification.xlsx sheet=FLU RSV, sampleGroup=1"
2000,Xpress\ GBS\ IUO,Test Result,exact_ci,GBS POSITIVE,NEG,"From Specification.xlsx sheet=GBS, sampleGroup=0"
2000,Xpress\ GBS\ RUO,Test Result,exact_ci,GBS POSITIVE,NEG,"From Specification.xlsx sheet=GBS, sampleGroup=0"
1000,,Test Result,contains_ci,ABORT,INDET,Generic non-result
1000,,Test Result,contains_ci,INCOMPLETE,INDET,Generic non-result
1000,,Test Result,contains_ci,INDETERMINATE,INDET,Generic non-result
1000,,Test Result,contains_ci,NO RESULT,INDET,Generic non-result
980,,Status,contains_ci,ABORT,INDET,Status indicates abort
970,,Test Result,contains_ci,ERROR,INDET,Generic error
960,,Status,contains_ci,ERROR,INDET,Status indicates error
950,,Error,nonempty,,INDET,"If Error column is non-empty, treat as INDET unless assay-specific exact result overrides"
900,,Test Result,contains_ci,INVALID,INDET,Generic invalid (overridden by assay-specific expected results)
50,,Test Result,contains_ci,NOT DETECTED,NEG,Fallback
49,,Test Result,contains_ci,NEGATIVE,NEG,Fallback
45,,Test Result,contains_ci, DETECTED,POS,Fallback (space helps avoid some collisions)
44,,Test Result,contains_ci,POSITIVE,POS,Fallback
