AssayFamily,AssayPattern,AllowedTestTypes,Enabled,Priority,Note
C.DIFF G2,Xpert-C. difficile G2,Specimen,TRUE,100,Generated from Assay.csv
C.DIFF BT,Xpert C.difficile BT,Specimen,TRUE,100,Generated from Assay.csv
C.DIFF EP,Xpert C.diff-Epi,Specimen,TRUE,100,Generated from Assay.csv
C.DIFF,Xpert C.difficile G3,Specimen,TRUE,100,Generated from Assay.csv
C.DIFF JP,Xpert C.difficile G3,Specimen,TRUE,100,Generated from Assay.csv
CARBA IMP1,Xpert Carba-R,Negative Control 1|Positive Control 1|Positive Control 2,TRUE,100,Generated from Assay.csv
CARBA IMP1,CARBA-R IUO,Negative Control 1|Positive Control 1|Positive Control 2,TRUE,100,Generated from Assay.csv
CARBA,Carba-R BEU IUO,Negative Control 1|Positive Control 1|Positive Control 2,TRUE,100,Generated from Assay.csv
CARBA,CARBA-R RUO,Negative Control 1|Positive Control 1|Positive Control 2,TRUE,100,Generated from Assay.csv
CARBA,Carba-R BEU RUO,Negative Control 1|Positive Control 1|Positive Control 2,TRUE,100,Generated from Assay.csv
CARBA,Xpert_Carba-R,Negative Control 1|Positive Control 1|Positive Control 2,TRUE,100,Generated from Assay.csv
SARS,Xpert Xpress SARS-CoV-2 CE-IVD,Negative Control 1|Positive Control 1,TRUE,100,Generated from Assay.csv
SARS,Xpert Xpress SARS-CoV-2,Negative Control 1|Positive Control 1,TRUE,100,Generated from Assay.csv
COVID plus,LCE009 Xpress SARS-CoV-2 plus,Negative Control 1|Positive Control 1,TRUE,100,Generated from Assay.csv
COVID plus,Xpress CoV-2 plus IUO,Negative Control 1|Positive Control 1,TRUE,100,Generated from Assay.csv
COVID plus,Xpress CoV-2 plus RUO,Negative Control 1|Positive Control 1,TRUE,100,Generated from Assay.csv
COVID plus,Xpert Xpress CoV-2 plus,Negative Control 1|Positive Control 1,TRUE,100,Generated from Assay.csv
COVID plus,Xpert Xpress CoV-2 plus IVD,Negative Control 1|Positive Control 1,TRUE,100,Generated from Assay.csv
FLUVID plus,SARS-CoV-2_Flu_RSV_plus,Negative Control 1|Positive Control 1,TRUE,100,Generated from Assay.csv
FLUVID plus,SARS-CoV-2_Flu_RSV plus IUO,Negative Control 1|Positive Control 1,TRUE,100,Generated from Assay.csv
FLUVID plus,SARS-CoV-2_Flu_RSV plus RUO,Negative Control 1|Positive Control 1,TRUE,100,Generated from Assay.csv
FLUVID plus,Xpress SARS-CoV-2_Flu_RSV plus,Negative Control 1|Positive Control 1,TRUE,100,Generated from Assay.csv
FLUVID plus,Xpress SARS-CoV-2 Flu RSV plus,Negative Control 1|Positive Control 1,TRUE,100,Generated from Assay.csv
CT,Xpert CT_CE,Specimen,TRUE,100,Generated from Assay.csv
CTNG,Xpert CT_NG,Specimen,TRUE,100,Generated from Assay.csv
CTNG JP,Xpert CT_NG,Specimen,TRUE,100,Generated from Assay.csv
EBOLA,Xpert Ebola EUA,Negative Control 1|Positive Control 1|Positive Control 2,TRUE,100,Generated from Assay.csv
EBOLA,Xpert Ebola CE-IVD,Negative Control 1|Positive Control 1|Positive Control 2,TRUE,100,Generated from Assay.csv
EBOLA,Ebola RUO,Negative Control 1|Positive Control 1|Positive Control 2,TRUE,100,Generated from Assay.csv
GBS,Xpress GBS IUO,Specimen,TRUE,100,Generated from Assay.csv
GBS,Xpress GBS RUO,Specimen,TRUE,100,Generated from Assay.csv
GBS,Xpert Xpress GBS RUO,Specimen,TRUE,100,Generated from Assay.csv
GBS,Xpert Xpress GBS,Specimen,TRUE,100,Generated from Assay.csv
GBS,GBS LB RUO,Specimen,TRUE,100,Generated from Assay.csv
GBS,GBS LB XC IUO,Specimen,TRUE,100,Generated from Assay.csv
GBS,Xpert GBS LB XC,Specimen,TRUE,100,Generated from Assay.csv
HBV*,Xpert HBV Viral Load,Negative Control 1|Positive Control 1|Positive Control 2,TRUE,100,Generated from Assay.csv
HCV FS*,Xpert HCV VL Fingerstick,Negative Control 1|Positive Control 1|Positive Control 2,TRUE,100,Generated from Assay.csv
HCV FS*,HCV VL WB RUO,Negative Control 1|Positive Control 1|Positive Control 2,TRUE,100,Generated from Assay.csv
HCV,HCV IUO,Negative Control 1|Positive Control 1,TRUE,100,Generated from Assay.csv
HCV,Xpert HCV PQC,Negative Control 1|Positive Control 1,TRUE,100,Generated from Assay.csv
HCV VL*,Xpert_HCV Viral Load,Negative Control 1|Positive Control 1|Positive Control 2,TRUE,100,Generated from Assay.csv
HCV VL*,HCV Viral Load RUO,Negative Control 1|Positive Control 1|Positive Control 2,TRUE,100,Generated from Assay.csv
HIV VL*,Xpert_HIV-1 Viral Load,Negative Control 1|Positive Control 1|Positive Control 2,TRUE,100,Generated from Assay.csv
HIV VL*,HIV-1 Viral Load RUO,Negative Control 1|Positive Control 1|Positive Control 2,TRUE,100,Generated from Assay.csv
HIV QA XC,HIV-1 Qual XC DBS RUO,Specimen,TRUE,100,Generated from Assay.csv
HIV QA XC,HIV-1 Qual XC DBS IUO,Specimen,TRUE,100,Generated from Assay.csv
HIV QA XC,Xpert HIV-1 Qual XC PQC,Specimen,TRUE,100,Generated from Assay.csv
HIV QA XC,Xpert HIV-1 Qual XC PQC RUO,Specimen,TRUE,100,Generated from Assay.csv
HIV VL XC,HIV-1 Viral Load XC IUO,Negative Control 1|Positive Control 1|Positive Control 2,TRUE,100,Generated from Assay.csv
HIV VL XC,HIV-1 Viral Load XC RUO,Negative Control 1|Positive Control 1|Positive Control 2,TRUE,100,Generated from Assay.csv
HIV VL XC,Xpert HIV-1 Viral Load XC,Negative Control 1|Positive Control 1|Positive Control 2,TRUE,100,Generated from Assay.csv
HPV,Xpert HPV HR,Negative Control 1|Positive Control 1|Positive Control 2,TRUE,100,Generated from Assay.csv
HPV,Xpert HPV v2 HR,Negative Control 1|Positive Control 1|Positive Control 2,TRUE,100,Generated from Assay.csv
HPV,HPV HR AND GENOTYPE RUO ASSAY,Negative Control 1|Positive Control 1|Positive Control 2,TRUE,100,Generated from Assay.csv
MRSA NxG,Xpert MRSA NxG,Negative Control 1|Positive Control 1|Positive Control 2,TRUE,100,Generated from Assay.csv
MRSA NxG,MRSA NxG IUO,Negative Control 1|Positive Control 1|Positive Control 2,TRUE,100,Generated from Assay.csv
MRSA NxG,MRSA NxG RUO,Negative Control 1|Positive Control 1|Positive Control 2,TRUE,100,Generated from Assay.csv
MRSA SA,Xpert MRSA_SA_BC,Specimen,TRUE,100,Generated from Assay.csv
MRSA SA,Xpert MRSA_SA_BC_CE,Specimen,TRUE,100,Generated from Assay.csv
MRSA SA,Xpert MRSA-SA BC G3,Specimen,TRUE,100,Generated from Assay.csv
MRSA SA,Xpert MRSA-SA SSTI G3,Specimen,TRUE,100,Generated from Assay.csv
MRSA SA,Xpert SA Nasal Complete G3,Specimen,TRUE,100,Generated from Assay.csv
MRSA SA,MRSA-SA ETA,Specimen,TRUE,100,Generated from Assay.csv
MTB U,Xpert MTB-RIF Ultra,Negative Control 1|Positive Control 1|Positive Control 2,TRUE,100,Generated from Assay.csv
MTB U,MTB-RIF Ultra v2 RUO,Negative Control 1|Positive Control 1|Positive Control 2,TRUE,100,Generated from Assay.csv
MTB,Xpert MTB-RIF Assay G4,Specimen,TRUE,100,Generated from Assay.csv
MTB,Xpert MTB-RIF US IVD,Specimen,TRUE,100,Generated from Assay.csv
MTB JP,Xpert MTB-RIF JP IVD,Specimen,TRUE,100,Generated from Assay.csv
MTB XDR,Xpert MTB-XDR,Negative Control 1|Positive Control 1|Positive Control 2,TRUE,100,Generated from Assay.csv
MTB XDR,MTB-XDR RUO,Negative Control 1|Positive Control 1|Positive Control 2,TRUE,100,Generated from Assay.csv
MTB XDR,MTB-XDR IUO,Negative Control 1|Positive Control 1|Positive Control 2,TRUE,100,Generated from Assay.csv
NORO,Xpert Norovirus,Negative Control 1|Positive Control 1|Positive Control 2,TRUE,100,Generated from Assay.csv
TAP Panel,TAP Panel RUO,Specimen,TRUE,100,Generated from Assay.csv
TAP Panel,TAP Panel IUO,Specimen,TRUE,100,Generated from Assay.csv
TAP Panel,Xpert TAP Panel,Specimen,TRUE,100,Generated from Assay.csv
VAN AB,Xpert vanA vanB,Negative Control 1|Positive Control 1,TRUE,100,Generated from Assay.csv
FLU RSV,XP Flu-RSV RUO,Negative Control 1|Positive Control 1|Positive Control 2,TRUE,100,Generated from Assay.csv
FLU RSV,Xpert Xpress Flu-RSV,Negative Control 1|Positive Control 1|Positive Control 2,TRUE,100,Generated from Assay.csv
FLU,Xpress Flu IPT_EAT off,Negative Control 1|Positive Control 1|Positive Control 2,TRUE,100,Generated from Assay.csv
Resp Panel,Respiratory Panel IUO,Specimen,TRUE,100,Generated from Assay.csv
Resp Panel,Respiratory Panel RUO,Specimen,TRUE,100,Generated from Assay.csv
Resp Panel,Respiratory panel,Specimen,TRUE,100,Generated from Assay.csv
Resp Panel,Respiratory panel CE-IVD,Specimen,TRUE,100,Generated from Assay.csv
Resp Panel,Respiratory panel UKCA-IVD,Specimen,TRUE,100,Generated from Assay.csv
GI Panel,GI Panel RUO,Specimen,TRUE,100,Generated from Assay.csv
GI Panel,GI Panel IUO,Specimen,TRUE,100,Generated from Assay.csv
GI Panel,Xpert GI Panel,Specimen,TRUE,100,Generated from Assay.csv
GI Panel,Xpert GI Panel CE-IVD,Specimen,TRUE,100,Generated from Assay.csv
STREPA,Xpert Xpress Strep A,Negative Control 1|Positive Control 1|Positive Control 2,TRUE,100,Generated from Assay.csv
STREPA,Xpert Xpress_Strep A,Negative Control 1|Positive Control 1|Positive Control 2,TRUE,100,Generated from Assay.csv
