﻿"Computer","EpisodeShutdownTime","LogName","TimeCreated","EventId","Provider","Level","Message"
"CPHD-93WLV94","11/18/2025 9:58:54 AM","System","11/18/2025 9:58:53 AM","1074","User32","Information","The process C:\Windows\system32\winlogon.exe (CPHD-93WLV94) has initiated the power off of computer CPHD-93WLV94 on behalf of user NT AUTHORITY\SYSTEM for the following reason: No title for this reason could be found Reason Code: 0x500ff Shutdown Type: power off Comment:"
"CPHD-93WLV94","11/18/2025 9:58:54 AM","System","11/18/2025 9:58:54 AM","6006","EventLog","Information","The Event log service was stopped."
"CPHD-93WLV94","11/18/2025 9:58:54 AM","System","11/18/2025 9:59:00 AM","13","Microsoft-Windows-Kernel-General","Information","The operating system is shutting down at system time ‎2025‎-‎11‎-‎18T08:59:00.184296200Z."
"CPHD-93WLV94","11/18/2025 9:58:54 AM","System","11/18/2025 10:05:37 AM","12","Microsoft-Windows-Kernel-General","Information","The operating system started at system time ‎2025‎-‎11‎-‎18T09:05:36.500000000Z."
"CPHD-93WLV94","11/18/2025 9:58:54 AM","Microsoft-Windows-Kernel-Boot/Operational","11/18/2025 10:05:37 AM","292","Microsoft-Windows-Kernel-Boot","Error","Failed to update the SBAT value in FW."
"CPHD-93WLV94","11/18/2025 9:58:54 AM","System","11/18/2025 10:05:44 AM","6005","EventLog","Information","The Event log service was started."
"CPHD-93WLV94","11/18/2025 9:58:54 AM","System","11/18/2025 10:05:44 AM","12","Microsoft-Windows-UserModePowerService","Information","Process C:\Windows\System32\DriverStore\FileRepository\ipf_cpu.inf_amd64_049e38a37c46edc4\ipf_uf.exe (process ID:3336) reset policy scheme from {07084296-1ee0-4afa-bf25-f667953ec23a} to {07084296-1ee0-4afa-bf25-f667953ec23a}"
"CPHD-93WLV94","11/18/2025 9:58:54 AM","System","11/18/2025 10:05:44 AM","12","Microsoft-Windows-UserModePowerService","Information","Process C:\Windows\System32\DriverStore\FileRepository\ipf_cpu.inf_amd64_049e38a37c46edc4\ipf_uf.exe (process ID:3336) reset policy scheme from {07084296-1ee0-4afa-bf25-f667953ec23a} to {07084296-1ee0-4afa-bf25-f667953ec23a}"
"CPHD-93WLV94","11/18/2025 9:58:54 AM","Microsoft-Windows-WindowsUpdateClient/Operational","11/18/2025 10:09:01 AM","41","Microsoft-Windows-WindowsUpdateClient","Information","An update was downloaded."
"CPHD-93WLV94","11/18/2025 9:59:00 AM","System","11/18/2025 9:58:53 AM","1074","User32","Information","The process C:\Windows\system32\winlogon.exe (CPHD-93WLV94) has initiated the power off of computer CPHD-93WLV94 on behalf of user NT AUTHORITY\SYSTEM for the following reason: No title for this reason could be found Reason Code: 0x500ff Shutdown Type: power off Comment:"
"CPHD-93WLV94","11/18/2025 9:59:00 AM","System","11/18/2025 9:58:54 AM","6006","EventLog","Information","The Event log service was stopped."
"CPHD-93WLV94","11/18/2025 9:59:00 AM","System","11/18/2025 9:59:00 AM","13","Microsoft-Windows-Kernel-General","Information","The operating system is shutting down at system time ‎2025‎-‎11‎-‎18T08:59:00.184296200Z."
"CPHD-93WLV94","11/18/2025 9:59:00 AM","System","11/18/2025 10:05:37 AM","12","Microsoft-Windows-Kernel-General","Information","The operating system started at system time ‎2025‎-‎11‎-‎18T09:05:36.500000000Z."
"CPHD-93WLV94","11/18/2025 9:59:00 AM","Microsoft-Windows-Kernel-Boot/Operational","11/18/2025 10:05:37 AM","292","Microsoft-Windows-Kernel-Boot","Error","Failed to update the SBAT value in FW."
"CPHD-93WLV94","11/18/2025 9:59:00 AM","System","11/18/2025 10:05:44 AM","6005","EventLog","Information","The Event log service was started."
"CPHD-93WLV94","11/18/2025 9:59:00 AM","System","11/18/2025 10:05:44 AM","12","Microsoft-Windows-UserModePowerService","Information","Process C:\Windows\System32\DriverStore\FileRepository\ipf_cpu.inf_amd64_049e38a37c46edc4\ipf_uf.exe (process ID:3336) reset policy scheme from {07084296-1ee0-4afa-bf25-f667953ec23a} to {07084296-1ee0-4afa-bf25-f667953ec23a}"
"CPHD-93WLV94","11/18/2025 9:59:00 AM","System","11/18/2025 10:05:44 AM","12","Microsoft-Windows-UserModePowerService","Information","Process C:\Windows\System32\DriverStore\FileRepository\ipf_cpu.inf_amd64_049e38a37c46edc4\ipf_uf.exe (process ID:3336) reset policy scheme from {07084296-1ee0-4afa-bf25-f667953ec23a} to {07084296-1ee0-4afa-bf25-f667953ec23a}"
"CPHD-93WLV94","11/18/2025 9:59:00 AM","Microsoft-Windows-WindowsUpdateClient/Operational","11/18/2025 10:09:01 AM","41","Microsoft-Windows-WindowsUpdateClient","Information","An update was downloaded."
"CPHD-93WLV94","11/24/2025 6:51:44 PM","System","11/24/2025 6:51:41 PM","1074","User32","Information","The process C:\Windows\System32\RuntimeBroker.exe (CPHD-93WLV94) has initiated the restart of computer CPHD-93WLV94 on behalf of user SE\Labuser_IPT for the following reason: Other (Unplanned) Reason Code: 0x0 Shutdown Type: restart Comment:"
"CPHD-93WLV94","11/24/2025 6:51:44 PM","System","11/24/2025 6:51:44 PM","6006","EventLog","Information","The Event log service was stopped."
"CPHD-93WLV94","11/24/2025 6:51:44 PM","System","11/24/2025 6:51:46 PM","13","Microsoft-Windows-Kernel-General","Information","The operating system is shutting down at system time ‎2025‎-‎11‎-‎24T17:51:46.288303200Z."
"CPHD-93WLV94","11/24/2025 6:51:44 PM","System","11/24/2025 6:52:10 PM","12","Microsoft-Windows-Kernel-General","Information","The operating system started at system time ‎2025‎-‎11‎-‎24T17:52:09.500000000Z."
"CPHD-93WLV94","11/24/2025 6:51:44 PM","Microsoft-Windows-Kernel-Boot/Operational","11/24/2025 6:52:10 PM","292","Microsoft-Windows-Kernel-Boot","Error","Failed to update the SBAT value in FW."
"CPHD-93WLV94","11/24/2025 6:51:44 PM","System","11/24/2025 6:52:16 PM","6005","EventLog","Information","The Event log service was started."
"CPHD-93WLV94","11/24/2025 6:51:44 PM","System","11/24/2025 6:52:17 PM","12","Microsoft-Windows-UserModePowerService","Information","Process C:\Windows\System32\DriverStore\FileRepository\ipf_cpu.inf_amd64_049e38a37c46edc4\ipf_uf.exe (process ID:3352) reset policy scheme from {07084296-1ee0-4afa-bf25-f667953ec23a} to {07084296-1ee0-4afa-bf25-f667953ec23a}"
"CPHD-93WLV94","11/24/2025 6:51:44 PM","System","11/24/2025 6:52:17 PM","12","Microsoft-Windows-UserModePowerService","Information","Process C:\Windows\System32\DriverStore\FileRepository\ipf_cpu.inf_amd64_049e38a37c46edc4\ipf_uf.exe (process ID:3352) reset policy scheme from {07084296-1ee0-4afa-bf25-f667953ec23a} to {07084296-1ee0-4afa-bf25-f667953ec23a}"
"CPHD-93WLV94","11/24/2025 6:51:44 PM","Microsoft-Windows-WindowsUpdateClient/Operational","11/24/2025 7:02:35 PM","41","Microsoft-Windows-WindowsUpdateClient","Information","An update was downloaded."
"CPHD-93WLV94","11/24/2025 6:51:46 PM","System","11/24/2025 6:51:41 PM","1074","User32","Information","The process C:\Windows\System32\RuntimeBroker.exe (CPHD-93WLV94) has initiated the restart of computer CPHD-93WLV94 on behalf of user SE\Labuser_IPT for the following reason: Other (Unplanned) Reason Code: 0x0 Shutdown Type: restart Comment:"
"CPHD-93WLV94","11/24/2025 6:51:46 PM","System","11/24/2025 6:51:44 PM","6006","EventLog","Information","The Event log service was stopped."
"CPHD-93WLV94","11/24/2025 6:51:46 PM","System","11/24/2025 6:51:46 PM","13","Microsoft-Windows-Kernel-General","Information","The operating system is shutting down at system time ‎2025‎-‎11‎-‎24T17:51:46.288303200Z."
"CPHD-93WLV94","11/24/2025 6:51:46 PM","System","11/24/2025 6:52:10 PM","12","Microsoft-Windows-Kernel-General","Information","The operating system started at system time ‎2025‎-‎11‎-‎24T17:52:09.500000000Z."
"CPHD-93WLV94","11/24/2025 6:51:46 PM","Microsoft-Windows-Kernel-Boot/Operational","11/24/2025 6:52:10 PM","292","Microsoft-Windows-Kernel-Boot","Error","Failed to update the SBAT value in FW."
"CPHD-93WLV94","11/24/2025 6:51:46 PM","System","11/24/2025 6:52:16 PM","6005","EventLog","Information","The Event log service was started."
"CPHD-93WLV94","11/24/2025 6:51:46 PM","System","11/24/2025 6:52:17 PM","12","Microsoft-Windows-UserModePowerService","Information","Process C:\Windows\System32\DriverStore\FileRepository\ipf_cpu.inf_amd64_049e38a37c46edc4\ipf_uf.exe (process ID:3352) reset policy scheme from {07084296-1ee0-4afa-bf25-f667953ec23a} to {07084296-1ee0-4afa-bf25-f667953ec23a}"
"CPHD-93WLV94","11/24/2025 6:51:46 PM","System","11/24/2025 6:52:17 PM","12","Microsoft-Windows-UserModePowerService","Information","Process C:\Windows\System32\DriverStore\FileRepository\ipf_cpu.inf_amd64_049e38a37c46edc4\ipf_uf.exe (process ID:3352) reset policy scheme from {07084296-1ee0-4afa-bf25-f667953ec23a} to {07084296-1ee0-4afa-bf25-f667953ec23a}"
"CPHD-93WLV94","11/24/2025 6:51:46 PM","Microsoft-Windows-WindowsUpdateClient/Operational","11/24/2025 7:02:35 PM","41","Microsoft-Windows-WindowsUpdateClient","Information","An update was downloaded."
"CPHD-93WLV94","12/2/2025 8:12:00 AM","System","12/2/2025 8:12:00 AM","1074","User32","Information","The process C:\Windows\system32\winlogon.exe (CPHD-93WLV94) has initiated the power off of computer CPHD-93WLV94 on behalf of user NT AUTHORITY\SYSTEM for the following reason: No title for this reason could be found Reason Code: 0x500ff Shutdown Type: power off Comment:"
"CPHD-93WLV94","12/2/2025 8:12:00 AM","System","12/2/2025 8:12:00 AM","6006","EventLog","Information","The Event log service was stopped."
"CPHD-93WLV94","12/2/2025 8:12:00 AM","System","12/2/2025 8:12:05 AM","13","Microsoft-Windows-Kernel-General","Information","The operating system is shutting down at system time ‎2025‎-‎12‎-‎02T07:12:05.960942600Z."
"CPHD-93WLV94","12/2/2025 8:12:00 AM","System","12/2/2025 8:31:50 AM","12","Microsoft-Windows-Kernel-General","Information","The operating system started at system time ‎2025‎-‎12‎-‎02T07:31:49.500000000Z."
"CPHD-93WLV94","12/2/2025 8:12:00 AM","Microsoft-Windows-Kernel-Boot/Operational","12/2/2025 8:31:50 AM","292","Microsoft-Windows-Kernel-Boot","Error","Failed to update the SBAT value in FW."
"CPHD-93WLV94","12/2/2025 8:12:00 AM","System","12/2/2025 8:31:57 AM","6005","EventLog","Information","The Event log service was started."
"CPHD-93WLV94","12/2/2025 8:12:00 AM","System","12/2/2025 8:31:58 AM","12","Microsoft-Windows-UserModePowerService","Information","Process C:\Windows\System32\DriverStore\FileRepository\ipf_cpu.inf_amd64_049e38a37c46edc4\ipf_uf.exe (process ID:3448) reset policy scheme from {07084296-1ee0-4afa-bf25-f667953ec23a} to {07084296-1ee0-4afa-bf25-f667953ec23a}"
"CPHD-93WLV94","12/2/2025 8:12:00 AM","System","12/2/2025 8:31:58 AM","12","Microsoft-Windows-UserModePowerService","Information","Process C:\Windows\System32\DriverStore\FileRepository\ipf_cpu.inf_amd64_049e38a37c46edc4\ipf_uf.exe (process ID:3448) reset policy scheme from {07084296-1ee0-4afa-bf25-f667953ec23a} to {07084296-1ee0-4afa-bf25-f667953ec23a}"
"CPHD-93WLV94","12/2/2025 8:12:00 AM","Microsoft-Windows-WindowsUpdateClient/Operational","12/2/2025 8:42:23 AM","41","Microsoft-Windows-WindowsUpdateClient","Information","An update was downloaded."
"CPHD-93WLV94","12/2/2025 8:12:05 AM","System","12/2/2025 8:12:00 AM","1074","User32","Information","The process C:\Windows\system32\winlogon.exe (CPHD-93WLV94) has initiated the power off of computer CPHD-93WLV94 on behalf of user NT AUTHORITY\SYSTEM for the following reason: No title for this reason could be found Reason Code: 0x500ff Shutdown Type: power off Comment:"
"CPHD-93WLV94","12/2/2025 8:12:05 AM","System","12/2/2025 8:12:00 AM","6006","EventLog","Information","The Event log service was stopped."
"CPHD-93WLV94","12/2/2025 8:12:05 AM","System","12/2/2025 8:12:05 AM","13","Microsoft-Windows-Kernel-General","Information","The operating system is shutting down at system time ‎2025‎-‎12‎-‎02T07:12:05.960942600Z."
"CPHD-93WLV94","12/2/2025 8:12:05 AM","System","12/2/2025 8:31:50 AM","12","Microsoft-Windows-Kernel-General","Information","The operating system started at system time ‎2025‎-‎12‎-‎02T07:31:49.500000000Z."
"CPHD-93WLV94","12/2/2025 8:12:05 AM","Microsoft-Windows-Kernel-Boot/Operational","12/2/2025 8:31:50 AM","292","Microsoft-Windows-Kernel-Boot","Error","Failed to update the SBAT value in FW."
"CPHD-93WLV94","12/2/2025 8:12:05 AM","System","12/2/2025 8:31:57 AM","6005","EventLog","Information","The Event log service was started."
"CPHD-93WLV94","12/2/2025 8:12:05 AM","System","12/2/2025 8:31:58 AM","12","Microsoft-Windows-UserModePowerService","Information","Process C:\Windows\System32\DriverStore\FileRepository\ipf_cpu.inf_amd64_049e38a37c46edc4\ipf_uf.exe (process ID:3448) reset policy scheme from {07084296-1ee0-4afa-bf25-f667953ec23a} to {07084296-1ee0-4afa-bf25-f667953ec23a}"
"CPHD-93WLV94","12/2/2025 8:12:05 AM","System","12/2/2025 8:31:58 AM","12","Microsoft-Windows-UserModePowerService","Information","Process C:\Windows\System32\DriverStore\FileRepository\ipf_cpu.inf_amd64_049e38a37c46edc4\ipf_uf.exe (process ID:3448) reset policy scheme from {07084296-1ee0-4afa-bf25-f667953ec23a} to {07084296-1ee0-4afa-bf25-f667953ec23a}"
"CPHD-93WLV94","12/2/2025 8:12:05 AM","Microsoft-Windows-WindowsUpdateClient/Operational","12/2/2025 8:42:23 AM","41","Microsoft-Windows-WindowsUpdateClient","Information","An update was downloaded."
"CPHD-93WLV94","12/6/2025 3:57:20 PM","System","12/6/2025 3:57:20 PM","1074","User32","Information","The process C:\Windows\system32\winlogon.exe (CPHD-93WLV94) has initiated the power off of computer CPHD-93WLV94 on behalf of user NT AUTHORITY\SYSTEM for the following reason: No title for this reason could be found Reason Code: 0x500ff Shutdown Type: power off Comment:"
"CPHD-93WLV94","12/6/2025 3:57:20 PM","System","12/6/2025 3:57:20 PM","6006","EventLog","Information","The Event log service was stopped."
"CPHD-93WLV94","12/6/2025 3:57:20 PM","System","12/6/2025 3:57:26 PM","13","Microsoft-Windows-Kernel-General","Information","The operating system is shutting down at system time ‎2025‎-‎12‎-‎06T14:57:26.136238200Z."
"CPHD-93WLV94","12/6/2025 3:57:20 PM","System","12/6/2025 4:05:47 PM","12","Microsoft-Windows-Kernel-General","Information","The operating system started at system time ‎2025‎-‎12‎-‎06T15:05:46.500000000Z."
"CPHD-93WLV94","12/6/2025 3:57:20 PM","Microsoft-Windows-Kernel-Boot/Operational","12/6/2025 4:05:47 PM","292","Microsoft-Windows-Kernel-Boot","Error","Failed to update the SBAT value in FW."
"CPHD-93WLV94","12/6/2025 3:57:20 PM","System","12/6/2025 4:05:53 PM","6005","EventLog","Information","The Event log service was started."
"CPHD-93WLV94","12/6/2025 3:57:20 PM","System","12/6/2025 4:05:53 PM","12","Microsoft-Windows-UserModePowerService","Information","Process C:\Windows\System32\DriverStore\FileRepository\ipf_cpu.inf_amd64_049e38a37c46edc4\ipf_uf.exe (process ID:3472) reset policy scheme from {07084296-1ee0-4afa-bf25-f667953ec23a} to {07084296-1ee0-4afa-bf25-f667953ec23a}"
"CPHD-93WLV94","12/6/2025 3:57:20 PM","System","12/6/2025 4:05:53 PM","12","Microsoft-Windows-UserModePowerService","Information","Process C:\Windows\System32\DriverStore\FileRepository\ipf_cpu.inf_amd64_049e38a37c46edc4\ipf_uf.exe (process ID:3472) reset policy scheme from {07084296-1ee0-4afa-bf25-f667953ec23a} to {07084296-1ee0-4afa-bf25-f667953ec23a}"
"CPHD-93WLV94","12/6/2025 3:57:20 PM","Microsoft-Windows-WindowsUpdateClient/Operational","12/6/2025 4:16:18 PM","41","Microsoft-Windows-WindowsUpdateClient","Information","An update was downloaded."
"CPHD-93WLV94","12/6/2025 3:57:20 PM","Microsoft-Windows-WindowsUpdateClient/Operational","12/6/2025 5:34:27 PM","41","Microsoft-Windows-WindowsUpdateClient","Information","An update was downloaded."
"CPHD-93WLV94","12/6/2025 3:57:20 PM","Microsoft-Windows-WindowsUpdateClient/Operational","12/6/2025 5:34:27 PM","41","Microsoft-Windows-WindowsUpdateClient","Information","An update was downloaded."
"CPHD-93WLV94","12/6/2025 3:57:26 PM","System","12/6/2025 3:57:20 PM","1074","User32","Information","The process C:\Windows\system32\winlogon.exe (CPHD-93WLV94) has initiated the power off of computer CPHD-93WLV94 on behalf of user NT AUTHORITY\SYSTEM for the following reason: No title for this reason could be found Reason Code: 0x500ff Shutdown Type: power off Comment:"
"CPHD-93WLV94","12/6/2025 3:57:26 PM","System","12/6/2025 3:57:20 PM","6006","EventLog","Information","The Event log service was stopped."
"CPHD-93WLV94","12/6/2025 3:57:26 PM","System","12/6/2025 3:57:26 PM","13","Microsoft-Windows-Kernel-General","Information","The operating system is shutting down at system time ‎2025‎-‎12‎-‎06T14:57:26.136238200Z."
"CPHD-93WLV94","12/6/2025 3:57:26 PM","System","12/6/2025 4:05:47 PM","12","Microsoft-Windows-Kernel-General","Information","The operating system started at system time ‎2025‎-‎12‎-‎06T15:05:46.500000000Z."
"CPHD-93WLV94","12/6/2025 3:57:26 PM","Microsoft-Windows-Kernel-Boot/Operational","12/6/2025 4:05:47 PM","292","Microsoft-Windows-Kernel-Boot","Error","Failed to update the SBAT value in FW."
"CPHD-93WLV94","12/6/2025 3:57:26 PM","System","12/6/2025 4:05:53 PM","6005","EventLog","Information","The Event log service was started."
"CPHD-93WLV94","12/6/2025 3:57:26 PM","System","12/6/2025 4:05:53 PM","12","Microsoft-Windows-UserModePowerService","Information","Process C:\Windows\System32\DriverStore\FileRepository\ipf_cpu.inf_amd64_049e38a37c46edc4\ipf_uf.exe (process ID:3472) reset policy scheme from {07084296-1ee0-4afa-bf25-f667953ec23a} to {07084296-1ee0-4afa-bf25-f667953ec23a}"
"CPHD-93WLV94","12/6/2025 3:57:26 PM","System","12/6/2025 4:05:53 PM","12","Microsoft-Windows-UserModePowerService","Information","Process C:\Windows\System32\DriverStore\FileRepository\ipf_cpu.inf_amd64_049e38a37c46edc4\ipf_uf.exe (process ID:3472) reset policy scheme from {07084296-1ee0-4afa-bf25-f667953ec23a} to {07084296-1ee0-4afa-bf25-f667953ec23a}"
"CPHD-93WLV94","12/6/2025 3:57:26 PM","Microsoft-Windows-WindowsUpdateClient/Operational","12/6/2025 4:16:18 PM","41","Microsoft-Windows-WindowsUpdateClient","Information","An update was downloaded."
"CPHD-93WLV94","12/6/2025 3:57:26 PM","Microsoft-Windows-WindowsUpdateClient/Operational","12/6/2025 5:34:27 PM","41","Microsoft-Windows-WindowsUpdateClient","Information","An update was downloaded."
"CPHD-93WLV94","12/6/2025 3:57:26 PM","Microsoft-Windows-WindowsUpdateClient/Operational","12/6/2025 5:34:27 PM","41","Microsoft-Windows-WindowsUpdateClient","Information","An update was downloaded."
"CPHD-93WLV94","12/8/2025 7:10:36 AM","System","12/8/2025 7:10:35 AM","1074","User32","Information","The process C:\Windows\system32\winlogon.exe (CPHD-93WLV94) has initiated the power off of computer CPHD-93WLV94 on behalf of user NT AUTHORITY\SYSTEM for the following reason: No title for this reason could be found Reason Code: 0x500ff Shutdown Type: power off Comment:"
"CPHD-93WLV94","12/8/2025 7:10:36 AM","System","12/8/2025 7:10:36 AM","6006","EventLog","Information","The Event log service was stopped."
"CPHD-93WLV94","12/8/2025 7:10:36 AM","System","12/8/2025 7:10:41 AM","13","Microsoft-Windows-Kernel-General","Information","The operating system is shutting down at system time ‎2025‎-‎12‎-‎08T06:10:41.856856200Z."
"CPHD-93WLV94","12/8/2025 7:10:36 AM","System","12/8/2025 7:22:20 AM","12","Microsoft-Windows-Kernel-General","Information","The operating system started at system time ‎2025‎-‎12‎-‎08T06:22:19.500000000Z."
"CPHD-93WLV94","12/8/2025 7:10:36 AM","Microsoft-Windows-Kernel-Boot/Operational","12/8/2025 7:22:20 AM","292","Microsoft-Windows-Kernel-Boot","Error","Failed to update the SBAT value in FW."
"CPHD-93WLV94","12/8/2025 7:10:36 AM","System","12/8/2025 7:22:25 AM","6005","EventLog","Information","The Event log service was started."
"CPHD-93WLV94","12/8/2025 7:10:36 AM","System","12/8/2025 7:22:26 AM","12","Microsoft-Windows-UserModePowerService","Information","Process C:\Windows\System32\DriverStore\FileRepository\ipf_cpu.inf_amd64_049e38a37c46edc4\ipf_uf.exe (process ID:3504) reset policy scheme from {07084296-1ee0-4afa-bf25-f667953ec23a} to {07084296-1ee0-4afa-bf25-f667953ec23a}"
"CPHD-93WLV94","12/8/2025 7:10:36 AM","System","12/8/2025 7:22:26 AM","12","Microsoft-Windows-UserModePowerService","Information","Process C:\Windows\System32\DriverStore\FileRepository\ipf_cpu.inf_amd64_049e38a37c46edc4\ipf_uf.exe (process ID:3504) reset policy scheme from {07084296-1ee0-4afa-bf25-f667953ec23a} to {07084296-1ee0-4afa-bf25-f667953ec23a}"
"CPHD-93WLV94","12/8/2025 7:10:36 AM","Microsoft-Windows-WindowsUpdateClient/Operational","12/8/2025 7:25:55 AM","41","Microsoft-Windows-WindowsUpdateClient","Information","An update was downloaded."
"CPHD-93WLV94","12/8/2025 7:10:36 AM","Microsoft-Windows-WindowsUpdateClient/Operational","12/8/2025 7:46:02 AM","41","Microsoft-Windows-WindowsUpdateClient","Information","An update was downloaded."
"CPHD-93WLV94","12/8/2025 7:10:36 AM","Microsoft-Windows-WindowsUpdateClient/Operational","12/8/2025 7:46:07 AM","41","Microsoft-Windows-WindowsUpdateClient","Information","An update was downloaded."
"CPHD-93WLV94","12/8/2025 7:10:41 AM","System","12/8/2025 7:10:35 AM","1074","User32","Information","The process C:\Windows\system32\winlogon.exe (CPHD-93WLV94) has initiated the power off of computer CPHD-93WLV94 on behalf of user NT AUTHORITY\SYSTEM for the following reason: No title for this reason could be found Reason Code: 0x500ff Shutdown Type: power off Comment:"
"CPHD-93WLV94","12/8/2025 7:10:41 AM","System","12/8/2025 7:10:36 AM","6006","EventLog","Information","The Event log service was stopped."
"CPHD-93WLV94","12/8/2025 7:10:41 AM","System","12/8/2025 7:10:41 AM","13","Microsoft-Windows-Kernel-General","Information","The operating system is shutting down at system time ‎2025‎-‎12‎-‎08T06:10:41.856856200Z."
"CPHD-93WLV94","12/8/2025 7:10:41 AM","System","12/8/2025 7:22:20 AM","12","Microsoft-Windows-Kernel-General","Information","The operating system started at system time ‎2025‎-‎12‎-‎08T06:22:19.500000000Z."
"CPHD-93WLV94","12/8/2025 7:10:41 AM","Microsoft-Windows-Kernel-Boot/Operational","12/8/2025 7:22:20 AM","292","Microsoft-Windows-Kernel-Boot","Error","Failed to update the SBAT value in FW."
"CPHD-93WLV94","12/8/2025 7:10:41 AM","System","12/8/2025 7:22:25 AM","6005","EventLog","Information","The Event log service was started."
"CPHD-93WLV94","12/8/2025 7:10:41 AM","System","12/8/2025 7:22:26 AM","12","Microsoft-Windows-UserModePowerService","Information","Process C:\Windows\System32\DriverStore\FileRepository\ipf_cpu.inf_amd64_049e38a37c46edc4\ipf_uf.exe (process ID:3504) reset policy scheme from {07084296-1ee0-4afa-bf25-f667953ec23a} to {07084296-1ee0-4afa-bf25-f667953ec23a}"
"CPHD-93WLV94","12/8/2025 7:10:41 AM","System","12/8/2025 7:22:26 AM","12","Microsoft-Windows-UserModePowerService","Information","Process C:\Windows\System32\DriverStore\FileRepository\ipf_cpu.inf_amd64_049e38a37c46edc4\ipf_uf.exe (process ID:3504) reset policy scheme from {07084296-1ee0-4afa-bf25-f667953ec23a} to {07084296-1ee0-4afa-bf25-f667953ec23a}"
"CPHD-93WLV94","12/8/2025 7:10:41 AM","Microsoft-Windows-WindowsUpdateClient/Operational","12/8/2025 7:25:55 AM","41","Microsoft-Windows-WindowsUpdateClient","Information","An update was downloaded."
"CPHD-93WLV94","12/8/2025 7:10:41 AM","Microsoft-Windows-WindowsUpdateClient/Operational","12/8/2025 7:46:02 AM","41","Microsoft-Windows-WindowsUpdateClient","Information","An update was downloaded."
"CPHD-93WLV94","12/8/2025 7:10:41 AM","Microsoft-Windows-WindowsUpdateClient/Operational","12/8/2025 7:46:07 AM","41","Microsoft-Windows-WindowsUpdateClient","Information","An update was downloaded."
"CPHD-93WLV94","12/11/2025 5:55:18 PM","System","12/11/2025 5:55:04 PM","1074","User32","Information","The process C:\Windows\system32\MusNotificationUx.exe (CPHD-93WLV94) has initiated the restart of computer CPHD-93WLV94 on behalf of user SE\Labuser_IPT for the following reason: Operating System: Service pack (Planned) Reason Code: 0x80020010 Shutdown Type: restart Comment:"
"CPHD-93WLV94","12/11/2025 5:55:18 PM","System","12/11/2025 5:55:18 PM","6006","EventLog","Information","The Event log service was stopped."
"CPHD-93WLV94","12/11/2025 5:55:18 PM","System","12/11/2025 5:55:24 PM","13","Microsoft-Windows-Kernel-General","Information","The operating system is shutting down at system time ‎2025‎-‎12‎-‎11T16:55:24.258047300Z."
"CPHD-93WLV94","12/11/2025 5:55:18 PM","System","12/11/2025 5:55:44 PM","12","Microsoft-Windows-Kernel-General","Information","The operating system started at system time ‎2025‎-‎12‎-‎11T16:55:43.500000000Z."
"CPHD-93WLV94","12/11/2025 5:55:18 PM","Microsoft-Windows-Kernel-Boot/Operational","12/11/2025 5:55:44 PM","292","Microsoft-Windows-Kernel-Boot","Error","Failed to update the SBAT value in FW."
"CPHD-93WLV94","12/11/2025 5:55:18 PM","System","12/11/2025 5:55:50 PM","6005","EventLog","Information","The Event log service was started."
"CPHD-93WLV94","12/11/2025 5:55:18 PM","System","12/11/2025 5:55:51 PM","12","Microsoft-Windows-UserModePowerService","Information","Process C:\Windows\System32\DriverStore\FileRepository\ipf_cpu.inf_amd64_049e38a37c46edc4\ipf_uf.exe (process ID:3480) reset policy scheme from {07084296-1ee0-4afa-bf25-f667953ec23a} to {07084296-1ee0-4afa-bf25-f667953ec23a}"
"CPHD-93WLV94","12/11/2025 5:55:18 PM","System","12/11/2025 5:55:51 PM","12","Microsoft-Windows-UserModePowerService","Information","Process C:\Windows\System32\DriverStore\FileRepository\ipf_cpu.inf_amd64_049e38a37c46edc4\ipf_uf.exe (process ID:3480) reset policy scheme from {07084296-1ee0-4afa-bf25-f667953ec23a} to {07084296-1ee0-4afa-bf25-f667953ec23a}"
"CPHD-93WLV94","12/11/2025 5:55:24 PM","System","12/11/2025 5:55:04 PM","1074","User32","Information","The process C:\Windows\system32\MusNotificationUx.exe (CPHD-93WLV94) has initiated the restart of computer CPHD-93WLV94 on behalf of user SE\Labuser_IPT for the following reason: Operating System: Service pack (Planned) Reason Code: 0x80020010 Shutdown Type: restart Comment:"
"CPHD-93WLV94","12/11/2025 5:55:24 PM","System","12/11/2025 5:55:18 PM","6006","EventLog","Information","The Event log service was stopped."
"CPHD-93WLV94","12/11/2025 5:55:24 PM","System","12/11/2025 5:55:24 PM","13","Microsoft-Windows-Kernel-General","Information","The operating system is shutting down at system time ‎2025‎-‎12‎-‎11T16:55:24.258047300Z."
"CPHD-93WLV94","12/11/2025 5:55:24 PM","System","12/11/2025 5:55:44 PM","12","Microsoft-Windows-Kernel-General","Information","The operating system started at system time ‎2025‎-‎12‎-‎11T16:55:43.500000000Z."
"CPHD-93WLV94","12/11/2025 5:55:24 PM","Microsoft-Windows-Kernel-Boot/Operational","12/11/2025 5:55:44 PM","292","Microsoft-Windows-Kernel-Boot","Error","Failed to update the SBAT value in FW."
"CPHD-93WLV94","12/11/2025 5:55:24 PM","System","12/11/2025 5:55:50 PM","6005","EventLog","Information","The Event log service was started."
"CPHD-93WLV94","12/11/2025 5:55:24 PM","System","12/11/2025 5:55:51 PM","12","Microsoft-Windows-UserModePowerService","Information","Process C:\Windows\System32\DriverStore\FileRepository\ipf_cpu.inf_amd64_049e38a37c46edc4\ipf_uf.exe (process ID:3480) reset policy scheme from {07084296-1ee0-4afa-bf25-f667953ec23a} to {07084296-1ee0-4afa-bf25-f667953ec23a}"
"CPHD-93WLV94","12/11/2025 5:55:24 PM","System","12/11/2025 5:55:51 PM","12","Microsoft-Windows-UserModePowerService","Information","Process C:\Windows\System32\DriverStore\FileRepository\ipf_cpu.inf_amd64_049e38a37c46edc4\ipf_uf.exe (process ID:3480) reset policy scheme from {07084296-1ee0-4afa-bf25-f667953ec23a} to {07084296-1ee0-4afa-bf25-f667953ec23a}"
"CPHD-93WLV94","12/22/2025 7:16:37 AM","System","12/22/2025 7:16:36 AM","1074","User32","Information","The process C:\Windows\system32\winlogon.exe (CPHD-93WLV94) has initiated the power off of computer CPHD-93WLV94 on behalf of user NT AUTHORITY\SYSTEM for the following reason: No title for this reason could be found Reason Code: 0x500ff Shutdown Type: power off Comment:"
"CPHD-93WLV94","12/22/2025 7:16:37 AM","System","12/22/2025 7:16:37 AM","6006","EventLog","Information","The Event log service was stopped."
"CPHD-93WLV94","12/22/2025 7:16:37 AM","System","12/22/2025 7:16:42 AM","13","Microsoft-Windows-Kernel-General","Information","The operating system is shutting down at system time ‎2025‎-‎12‎-‎22T06:16:42.896239300Z."
"CPHD-93WLV94","12/22/2025 7:16:37 AM","System","12/22/2025 7:27:26 AM","12","Microsoft-Windows-Kernel-General","Information","The operating system started at system time ‎2025‎-‎12‎-‎22T06:27:25.500000000Z."
"CPHD-93WLV94","12/22/2025 7:16:37 AM","Microsoft-Windows-Kernel-Boot/Operational","12/22/2025 7:27:26 AM","292","Microsoft-Windows-Kernel-Boot","Error","Failed to update the SBAT value in FW."
"CPHD-93WLV94","12/22/2025 7:16:37 AM","System","12/22/2025 7:27:33 AM","6005","EventLog","Information","The Event log service was started."
"CPHD-93WLV94","12/22/2025 7:16:37 AM","System","12/22/2025 7:27:33 AM","12","Microsoft-Windows-UserModePowerService","Information","Process C:\Windows\System32\DriverStore\FileRepository\ipf_cpu.inf_amd64_049e38a37c46edc4\ipf_uf.exe (process ID:3408) reset policy scheme from {07084296-1ee0-4afa-bf25-f667953ec23a} to {07084296-1ee0-4afa-bf25-f667953ec23a}"
"CPHD-93WLV94","12/22/2025 7:16:37 AM","System","12/22/2025 7:27:33 AM","12","Microsoft-Windows-UserModePowerService","Information","Process C:\Windows\System32\DriverStore\FileRepository\ipf_cpu.inf_amd64_049e38a37c46edc4\ipf_uf.exe (process ID:3408) reset policy scheme from {07084296-1ee0-4afa-bf25-f667953ec23a} to {07084296-1ee0-4afa-bf25-f667953ec23a}"
"CPHD-93WLV94","12/22/2025 7:16:37 AM","Microsoft-Windows-WindowsUpdateClient/Operational","12/22/2025 7:37:47 AM","41","Microsoft-Windows-WindowsUpdateClient","Information","An update was downloaded."
"CPHD-93WLV94","12/22/2025 7:16:42 AM","System","12/22/2025 7:16:36 AM","1074","User32","Information","The process C:\Windows\system32\winlogon.exe (CPHD-93WLV94) has initiated the power off of computer CPHD-93WLV94 on behalf of user NT AUTHORITY\SYSTEM for the following reason: No title for this reason could be found Reason Code: 0x500ff Shutdown Type: power off Comment:"
"CPHD-93WLV94","12/22/2025 7:16:42 AM","System","12/22/2025 7:16:37 AM","6006","EventLog","Information","The Event log service was stopped."
"CPHD-93WLV94","12/22/2025 7:16:42 AM","System","12/22/2025 7:16:42 AM","13","Microsoft-Windows-Kernel-General","Information","The operating system is shutting down at system time ‎2025‎-‎12‎-‎22T06:16:42.896239300Z."
"CPHD-93WLV94","12/22/2025 7:16:42 AM","System","12/22/2025 7:27:26 AM","12","Microsoft-Windows-Kernel-General","Information","The operating system started at system time ‎2025‎-‎12‎-‎22T06:27:25.500000000Z."
"CPHD-93WLV94","12/22/2025 7:16:42 AM","Microsoft-Windows-Kernel-Boot/Operational","12/22/2025 7:27:26 AM","292","Microsoft-Windows-Kernel-Boot","Error","Failed to update the SBAT value in FW."
"CPHD-93WLV94","12/22/2025 7:16:42 AM","System","12/22/2025 7:27:33 AM","6005","EventLog","Information","The Event log service was started."
"CPHD-93WLV94","12/22/2025 7:16:42 AM","System","12/22/2025 7:27:33 AM","12","Microsoft-Windows-UserModePowerService","Information","Process C:\Windows\System32\DriverStore\FileRepository\ipf_cpu.inf_amd64_049e38a37c46edc4\ipf_uf.exe (process ID:3408) reset policy scheme from {07084296-1ee0-4afa-bf25-f667953ec23a} to {07084296-1ee0-4afa-bf25-f667953ec23a}"
"CPHD-93WLV94","12/22/2025 7:16:42 AM","System","12/22/2025 7:27:33 AM","12","Microsoft-Windows-UserModePowerService","Information","Process C:\Windows\System32\DriverStore\FileRepository\ipf_cpu.inf_amd64_049e38a37c46edc4\ipf_uf.exe (process ID:3408) reset policy scheme from {07084296-1ee0-4afa-bf25-f667953ec23a} to {07084296-1ee0-4afa-bf25-f667953ec23a}"
"CPHD-93WLV94","12/22/2025 7:16:42 AM","Microsoft-Windows-WindowsUpdateClient/Operational","12/22/2025 7:37:47 AM","41","Microsoft-Windows-WindowsUpdateClient","Information","An update was downloaded."
"CPHD-93WLV94","12/30/2025 7:48:30 AM","Microsoft-Windows-WindowsUpdateClient/Operational","12/30/2025 6:50:10 AM","41","Microsoft-Windows-WindowsUpdateClient","Information","An update was downloaded."
"CPHD-93WLV94","12/30/2025 7:48:30 AM","System","12/30/2025 7:48:29 AM","1074","User32","Information","The process C:\Windows\system32\winlogon.exe (CPHD-93WLV94) has initiated the power off of computer CPHD-93WLV94 on behalf of user NT AUTHORITY\SYSTEM for the following reason: No title for this reason could be found Reason Code: 0x500ff Shutdown Type: power off Comment:"
"CPHD-93WLV94","12/30/2025 7:48:30 AM","System","12/30/2025 7:48:30 AM","6006","EventLog","Information","The Event log service was stopped."
"CPHD-93WLV94","12/30/2025 7:48:30 AM","System","12/30/2025 7:48:35 AM","13","Microsoft-Windows-Kernel-General","Information","The operating system is shutting down at system time ‎2025‎-‎12‎-‎30T06:48:35.385481300Z."
"CPHD-93WLV94","12/30/2025 7:48:30 AM","System","12/30/2025 7:59:21 AM","12","Microsoft-Windows-Kernel-General","Information","The operating system started at system time ‎2025‎-‎12‎-‎30T06:59:20.500000000Z."
"CPHD-93WLV94","12/30/2025 7:48:30 AM","Microsoft-Windows-Kernel-Boot/Operational","12/30/2025 7:59:21 AM","292","Microsoft-Windows-Kernel-Boot","Error","Failed to update the SBAT value in FW."
"CPHD-93WLV94","12/30/2025 7:48:30 AM","System","12/30/2025 7:59:28 AM","6005","EventLog","Information","The Event log service was started."
"CPHD-93WLV94","12/30/2025 7:48:30 AM","System","12/30/2025 7:59:28 AM","12","Microsoft-Windows-UserModePowerService","Information","Process C:\Windows\System32\DriverStore\FileRepository\ipf_cpu.inf_amd64_049e38a37c46edc4\ipf_uf.exe (process ID:3332) reset policy scheme from {07084296-1ee0-4afa-bf25-f667953ec23a} to {07084296-1ee0-4afa-bf25-f667953ec23a}"
"CPHD-93WLV94","12/30/2025 7:48:30 AM","System","12/30/2025 7:59:28 AM","12","Microsoft-Windows-UserModePowerService","Information","Process C:\Windows\System32\DriverStore\FileRepository\ipf_cpu.inf_amd64_049e38a37c46edc4\ipf_uf.exe (process ID:3332) reset policy scheme from {07084296-1ee0-4afa-bf25-f667953ec23a} to {07084296-1ee0-4afa-bf25-f667953ec23a}"
"CPHD-93WLV94","12/30/2025 7:48:30 AM","Microsoft-Windows-WindowsUpdateClient/Operational","12/30/2025 8:09:38 AM","41","Microsoft-Windows-WindowsUpdateClient","Information","An update was downloaded."
"CPHD-93WLV94","12/30/2025 7:48:30 AM","Microsoft-Windows-WindowsUpdateClient/Operational","12/30/2025 8:17:56 AM","41","Microsoft-Windows-WindowsUpdateClient","Information","An update was downloaded."
"CPHD-93WLV94","12/30/2025 7:48:30 AM","Microsoft-Windows-WindowsUpdateClient/Operational","12/30/2025 8:17:56 AM","41","Microsoft-Windows-WindowsUpdateClient","Information","An update was downloaded."
"CPHD-93WLV94","12/30/2025 7:48:30 AM","Microsoft-Windows-WindowsUpdateClient/Operational","12/30/2025 8:17:58 AM","41","Microsoft-Windows-WindowsUpdateClient","Information","An update was downloaded."
"CPHD-93WLV94","12/30/2025 7:48:30 AM","Microsoft-Windows-WindowsUpdateClient/Operational","12/30/2025 8:17:58 AM","41","Microsoft-Windows-WindowsUpdateClient","Information","An update was downloaded."
"CPHD-93WLV94","12/30/2025 7:48:35 AM","Microsoft-Windows-WindowsUpdateClient/Operational","12/30/2025 6:50:10 AM","41","Microsoft-Windows-WindowsUpdateClient","Information","An update was downloaded."
"CPHD-93WLV94","12/30/2025 7:48:35 AM","System","12/30/2025 7:48:29 AM","1074","User32","Information","The process C:\Windows\system32\winlogon.exe (CPHD-93WLV94) has initiated the power off of computer CPHD-93WLV94 on behalf of user NT AUTHORITY\SYSTEM for the following reason: No title for this reason could be found Reason Code: 0x500ff Shutdown Type: power off Comment:"
"CPHD-93WLV94","12/30/2025 7:48:35 AM","System","12/30/2025 7:48:30 AM","6006","EventLog","Information","The Event log service was stopped."
"CPHD-93WLV94","12/30/2025 7:48:35 AM","System","12/30/2025 7:48:35 AM","13","Microsoft-Windows-Kernel-General","Information","The operating system is shutting down at system time ‎2025‎-‎12‎-‎30T06:48:35.385481300Z."
"CPHD-93WLV94","12/30/2025 7:48:35 AM","System","12/30/2025 7:59:21 AM","12","Microsoft-Windows-Kernel-General","Information","The operating system started at system time ‎2025‎-‎12‎-‎30T06:59:20.500000000Z."
"CPHD-93WLV94","12/30/2025 7:48:35 AM","Microsoft-Windows-Kernel-Boot/Operational","12/30/2025 7:59:21 AM","292","Microsoft-Windows-Kernel-Boot","Error","Failed to update the SBAT value in FW."
"CPHD-93WLV94","12/30/2025 7:48:35 AM","System","12/30/2025 7:59:28 AM","6005","EventLog","Information","The Event log service was started."
"CPHD-93WLV94","12/30/2025 7:48:35 AM","System","12/30/2025 7:59:28 AM","12","Microsoft-Windows-UserModePowerService","Information","Process C:\Windows\System32\DriverStore\FileRepository\ipf_cpu.inf_amd64_049e38a37c46edc4\ipf_uf.exe (process ID:3332) reset policy scheme from {07084296-1ee0-4afa-bf25-f667953ec23a} to {07084296-1ee0-4afa-bf25-f667953ec23a}"
"CPHD-93WLV94","12/30/2025 7:48:35 AM","System","12/30/2025 7:59:28 AM","12","Microsoft-Windows-UserModePowerService","Information","Process C:\Windows\System32\DriverStore\FileRepository\ipf_cpu.inf_amd64_049e38a37c46edc4\ipf_uf.exe (process ID:3332) reset policy scheme from {07084296-1ee0-4afa-bf25-f667953ec23a} to {07084296-1ee0-4afa-bf25-f667953ec23a}"
"CPHD-93WLV94","12/30/2025 7:48:35 AM","Microsoft-Windows-WindowsUpdateClient/Operational","12/30/2025 8:09:38 AM","41","Microsoft-Windows-WindowsUpdateClient","Information","An update was downloaded."
"CPHD-93WLV94","12/30/2025 7:48:35 AM","Microsoft-Windows-WindowsUpdateClient/Operational","12/30/2025 8:17:56 AM","41","Microsoft-Windows-WindowsUpdateClient","Information","An update was downloaded."
"CPHD-93WLV94","12/30/2025 7:48:35 AM","Microsoft-Windows-WindowsUpdateClient/Operational","12/30/2025 8:17:56 AM","41","Microsoft-Windows-WindowsUpdateClient","Information","An update was downloaded."
"CPHD-93WLV94","12/30/2025 7:48:35 AM","Microsoft-Windows-WindowsUpdateClient/Operational","12/30/2025 8:17:58 AM","41","Microsoft-Windows-WindowsUpdateClient","Information","An update was downloaded."
"CPHD-93WLV94","12/30/2025 7:48:35 AM","Microsoft-Windows-WindowsUpdateClient/Operational","12/30/2025 8:17:58 AM","41","Microsoft-Windows-WindowsUpdateClient","Information","An update was downloaded."
"CPHD-93WLV94","1/2/2026 9:43:10 AM","System","1/2/2026 9:43:10 AM","1074","User32","Information","The process C:\Windows\system32\winlogon.exe (CPHD-93WLV94) has initiated the power off of computer CPHD-93WLV94 on behalf of user NT AUTHORITY\SYSTEM for the following reason: No title for this reason could be found Reason Code: 0x500ff Shutdown Type: power off Comment:"
"CPHD-93WLV94","1/2/2026 9:43:10 AM","System","1/2/2026 9:43:10 AM","6006","EventLog","Information","The Event log service was stopped."
"CPHD-93WLV94","1/2/2026 9:43:10 AM","System","1/2/2026 9:43:16 AM","13","Microsoft-Windows-Kernel-General","Information","The operating system is shutting down at system time ‎2026‎-‎01‎-‎02T08:43:16.057575500Z."
"CPHD-93WLV94","1/2/2026 9:43:10 AM","System","1/2/2026 9:51:30 AM","12","Microsoft-Windows-Kernel-General","Information","The operating system started at system time ‎2026‎-‎01‎-‎02T08:51:29.500000000Z."
"CPHD-93WLV94","1/2/2026 9:43:10 AM","Microsoft-Windows-Kernel-Boot/Operational","1/2/2026 9:51:30 AM","292","Microsoft-Windows-Kernel-Boot","Error","Failed to update the SBAT value in FW."
"CPHD-93WLV94","1/2/2026 9:43:10 AM","System","1/2/2026 9:51:36 AM","6005","EventLog","Information","The Event log service was started."
"CPHD-93WLV94","1/2/2026 9:43:10 AM","System","1/2/2026 9:51:36 AM","12","Microsoft-Windows-UserModePowerService","Information","Process C:\Windows\System32\DriverStore\FileRepository\ipf_cpu.inf_amd64_049e38a37c46edc4\ipf_uf.exe (process ID:3372) reset policy scheme from {07084296-1ee0-4afa-bf25-f667953ec23a} to {07084296-1ee0-4afa-bf25-f667953ec23a}"
"CPHD-93WLV94","1/2/2026 9:43:10 AM","System","1/2/2026 9:51:36 AM","12","Microsoft-Windows-UserModePowerService","Information","Process C:\Windows\System32\DriverStore\FileRepository\ipf_cpu.inf_amd64_049e38a37c46edc4\ipf_uf.exe (process ID:3372) reset policy scheme from {07084296-1ee0-4afa-bf25-f667953ec23a} to {07084296-1ee0-4afa-bf25-f667953ec23a}"
"CPHD-93WLV94","1/2/2026 9:43:10 AM","Microsoft-Windows-WindowsUpdateClient/Operational","1/2/2026 10:01:52 AM","41","Microsoft-Windows-WindowsUpdateClient","Information","An update was downloaded."
"CPHD-93WLV94","1/2/2026 9:43:16 AM","System","1/2/2026 9:43:10 AM","1074","User32","Information","The process C:\Windows\system32\winlogon.exe (CPHD-93WLV94) has initiated the power off of computer CPHD-93WLV94 on behalf of user NT AUTHORITY\SYSTEM for the following reason: No title for this reason could be found Reason Code: 0x500ff Shutdown Type: power off Comment:"
"CPHD-93WLV94","1/2/2026 9:43:16 AM","System","1/2/2026 9:43:10 AM","6006","EventLog","Information","The Event log service was stopped."
"CPHD-93WLV94","1/2/2026 9:43:16 AM","System","1/2/2026 9:43:16 AM","13","Microsoft-Windows-Kernel-General","Information","The operating system is shutting down at system time ‎2026‎-‎01‎-‎02T08:43:16.057575500Z."
"CPHD-93WLV94","1/2/2026 9:43:16 AM","System","1/2/2026 9:51:30 AM","12","Microsoft-Windows-Kernel-General","Information","The operating system started at system time ‎2026‎-‎01‎-‎02T08:51:29.500000000Z."
"CPHD-93WLV94","1/2/2026 9:43:16 AM","Microsoft-Windows-Kernel-Boot/Operational","1/2/2026 9:51:30 AM","292","Microsoft-Windows-Kernel-Boot","Error","Failed to update the SBAT value in FW."
"CPHD-93WLV94","1/2/2026 9:43:16 AM","System","1/2/2026 9:51:36 AM","6005","EventLog","Information","The Event log service was started."
"CPHD-93WLV94","1/2/2026 9:43:16 AM","System","1/2/2026 9:51:36 AM","12","Microsoft-Windows-UserModePowerService","Information","Process C:\Windows\System32\DriverStore\FileRepository\ipf_cpu.inf_amd64_049e38a37c46edc4\ipf_uf.exe (process ID:3372) reset policy scheme from {07084296-1ee0-4afa-bf25-f667953ec23a} to {07084296-1ee0-4afa-bf25-f667953ec23a}"
"CPHD-93WLV94","1/2/2026 9:43:16 AM","System","1/2/2026 9:51:36 AM","12","Microsoft-Windows-UserModePowerService","Information","Process C:\Windows\System32\DriverStore\FileRepository\ipf_cpu.inf_amd64_049e38a37c46edc4\ipf_uf.exe (process ID:3372) reset policy scheme from {07084296-1ee0-4afa-bf25-f667953ec23a} to {07084296-1ee0-4afa-bf25-f667953ec23a}"
"CPHD-93WLV94","1/2/2026 9:43:16 AM","Microsoft-Windows-WindowsUpdateClient/Operational","1/2/2026 10:01:52 AM","41","Microsoft-Windows-WindowsUpdateClient","Information","An update was downloaded."
"CPHD-93WLV94","1/5/2026 6:15:43 PM","Microsoft-Windows-WindowsUpdateClient/Operational","1/5/2026 6:09:54 PM","41","Microsoft-Windows-WindowsUpdateClient","Information","An update was downloaded."
"CPHD-93WLV94","1/5/2026 6:15:43 PM","Microsoft-Windows-WindowsUpdateClient/Operational","1/5/2026 6:09:59 PM","41","Microsoft-Windows-WindowsUpdateClient","Information","An update was downloaded."
"CPHD-93WLV94","1/5/2026 6:15:43 PM","System","1/5/2026 6:15:42 PM","1074","User32","Information","The process C:\Windows\system32\winlogon.exe (CPHD-93WLV94) has initiated the power off of computer CPHD-93WLV94 on behalf of user NT AUTHORITY\SYSTEM for the following reason: No title for this reason could be found Reason Code: 0x500ff Shutdown Type: power off Comment:"
"CPHD-93WLV94","1/5/2026 6:15:43 PM","System","1/5/2026 6:15:43 PM","6006","EventLog","Information","The Event log service was stopped."
"CPHD-93WLV94","1/5/2026 6:15:43 PM","System","1/5/2026 6:15:49 PM","13","Microsoft-Windows-Kernel-General","Information","The operating system is shutting down at system time ‎2026‎-‎01‎-‎05T17:15:49.041069300Z."
"CPHD-93WLV94","1/5/2026 6:15:43 PM","System","1/5/2026 6:34:40 PM","12","Microsoft-Windows-Kernel-General","Information","The operating system started at system time ‎2026‎-‎01‎-‎05T17:34:39.500000000Z."
"CPHD-93WLV94","1/5/2026 6:15:43 PM","Microsoft-Windows-Kernel-Boot/Operational","1/5/2026 6:34:40 PM","292","Microsoft-Windows-Kernel-Boot","Error","Failed to update the SBAT value in FW."
"CPHD-93WLV94","1/5/2026 6:15:43 PM","System","1/5/2026 6:34:45 PM","6005","EventLog","Information","The Event log service was started."
"CPHD-93WLV94","1/5/2026 6:15:43 PM","System","1/5/2026 6:34:46 PM","12","Microsoft-Windows-UserModePowerService","Information","Process C:\Windows\System32\DriverStore\FileRepository\ipf_cpu.inf_amd64_049e38a37c46edc4\ipf_uf.exe (process ID:3384) reset policy scheme from {07084296-1ee0-4afa-bf25-f667953ec23a} to {07084296-1ee0-4afa-bf25-f667953ec23a}"
"CPHD-93WLV94","1/5/2026 6:15:43 PM","System","1/5/2026 6:34:46 PM","12","Microsoft-Windows-UserModePowerService","Information","Process C:\Windows\System32\DriverStore\FileRepository\ipf_cpu.inf_amd64_049e38a37c46edc4\ipf_uf.exe (process ID:3384) reset policy scheme from {07084296-1ee0-4afa-bf25-f667953ec23a} to {07084296-1ee0-4afa-bf25-f667953ec23a}"
"CPHD-93WLV94","1/5/2026 6:15:49 PM","Microsoft-Windows-WindowsUpdateClient/Operational","1/5/2026 6:09:54 PM","41","Microsoft-Windows-WindowsUpdateClient","Information","An update was downloaded."
"CPHD-93WLV94","1/5/2026 6:15:49 PM","Microsoft-Windows-WindowsUpdateClient/Operational","1/5/2026 6:09:59 PM","41","Microsoft-Windows-WindowsUpdateClient","Information","An update was downloaded."
"CPHD-93WLV94","1/5/2026 6:15:49 PM","System","1/5/2026 6:15:42 PM","1074","User32","Information","The process C:\Windows\system32\winlogon.exe (CPHD-93WLV94) has initiated the power off of computer CPHD-93WLV94 on behalf of user NT AUTHORITY\SYSTEM for the following reason: No title for this reason could be found Reason Code: 0x500ff Shutdown Type: power off Comment:"
"CPHD-93WLV94","1/5/2026 6:15:49 PM","System","1/5/2026 6:15:43 PM","6006","EventLog","Information","The Event log service was stopped."
"CPHD-93WLV94","1/5/2026 6:15:49 PM","System","1/5/2026 6:15:49 PM","13","Microsoft-Windows-Kernel-General","Information","The operating system is shutting down at system time ‎2026‎-‎01‎-‎05T17:15:49.041069300Z."
"CPHD-93WLV94","1/5/2026 6:15:49 PM","System","1/5/2026 6:34:40 PM","12","Microsoft-Windows-Kernel-General","Information","The operating system started at system time ‎2026‎-‎01‎-‎05T17:34:39.500000000Z."
"CPHD-93WLV94","1/5/2026 6:15:49 PM","Microsoft-Windows-Kernel-Boot/Operational","1/5/2026 6:34:40 PM","292","Microsoft-Windows-Kernel-Boot","Error","Failed to update the SBAT value in FW."
"CPHD-93WLV94","1/5/2026 6:15:49 PM","System","1/5/2026 6:34:45 PM","6005","EventLog","Information","The Event log service was started."
"CPHD-93WLV94","1/5/2026 6:15:49 PM","System","1/5/2026 6:34:46 PM","12","Microsoft-Windows-UserModePowerService","Information","Process C:\Windows\System32\DriverStore\FileRepository\ipf_cpu.inf_amd64_049e38a37c46edc4\ipf_uf.exe (process ID:3384) reset policy scheme from {07084296-1ee0-4afa-bf25-f667953ec23a} to {07084296-1ee0-4afa-bf25-f667953ec23a}"
"CPHD-93WLV94","1/5/2026 6:15:49 PM","System","1/5/2026 6:34:46 PM","12","Microsoft-Windows-UserModePowerService","Information","Process C:\Windows\System32\DriverStore\FileRepository\ipf_cpu.inf_amd64_049e38a37c46edc4\ipf_uf.exe (process ID:3384) reset policy scheme from {07084296-1ee0-4afa-bf25-f667953ec23a} to {07084296-1ee0-4afa-bf25-f667953ec23a}"
"CPHD-93WLV94","1/8/2026 2:06:19 AM","System","1/8/2026 2:06:18 AM","1074","User32","Information","The process C:\Windows\system32\winlogon.exe (CPHD-93WLV94) has initiated the power off of computer CPHD-93WLV94 on behalf of user NT AUTHORITY\SYSTEM for the following reason: No title for this reason could be found Reason Code: 0x500ff Shutdown Type: power off Comment:"
"CPHD-93WLV94","1/8/2026 2:06:19 AM","System","1/8/2026 2:06:19 AM","6006","EventLog","Information","The Event log service was stopped."
"CPHD-93WLV94","1/8/2026 2:06:19 AM","System","1/8/2026 2:06:25 AM","13","Microsoft-Windows-Kernel-General","Information","The operating system is shutting down at system time ‎2026‎-‎01‎-‎08T01:06:25.108399400Z."
"CPHD-93WLV94","1/8/2026 2:06:19 AM","System","1/8/2026 3:38:49 AM","12","Microsoft-Windows-Kernel-General","Information","The operating system started at system time ‎2026‎-‎01‎-‎08T02:38:48.500000000Z."
"CPHD-93WLV94","1/8/2026 2:06:19 AM","Microsoft-Windows-Kernel-Boot/Operational","1/8/2026 3:38:49 AM","292","Microsoft-Windows-Kernel-Boot","Error","Failed to update the SBAT value in FW."
"CPHD-93WLV94","1/8/2026 2:06:19 AM","System","1/8/2026 3:38:55 AM","6005","EventLog","Information","The Event log service was started."
"CPHD-93WLV94","1/8/2026 2:06:19 AM","System","1/8/2026 3:38:56 AM","12","Microsoft-Windows-UserModePowerService","Information","Process C:\Windows\System32\DriverStore\FileRepository\ipf_cpu.inf_amd64_049e38a37c46edc4\ipf_uf.exe (process ID:3408) reset policy scheme from {07084296-1ee0-4afa-bf25-f667953ec23a} to {07084296-1ee0-4afa-bf25-f667953ec23a}"
"CPHD-93WLV94","1/8/2026 2:06:19 AM","System","1/8/2026 3:38:56 AM","12","Microsoft-Windows-UserModePowerService","Information","Process C:\Windows\System32\DriverStore\FileRepository\ipf_cpu.inf_amd64_049e38a37c46edc4\ipf_uf.exe (process ID:3408) reset policy scheme from {07084296-1ee0-4afa-bf25-f667953ec23a} to {07084296-1ee0-4afa-bf25-f667953ec23a}"
"CPHD-93WLV94","1/8/2026 2:06:19 AM","Microsoft-Windows-WindowsUpdateClient/Operational","1/8/2026 3:49:12 AM","41","Microsoft-Windows-WindowsUpdateClient","Information","An update was downloaded."
"CPHD-93WLV94","1/8/2026 2:06:25 AM","System","1/8/2026 2:06:18 AM","1074","User32","Information","The process C:\Windows\system32\winlogon.exe (CPHD-93WLV94) has initiated the power off of computer CPHD-93WLV94 on behalf of user NT AUTHORITY\SYSTEM for the following reason: No title for this reason could be found Reason Code: 0x500ff Shutdown Type: power off Comment:"
"CPHD-93WLV94","1/8/2026 2:06:25 AM","System","1/8/2026 2:06:19 AM","6006","EventLog","Information","The Event log service was stopped."
"CPHD-93WLV94","1/8/2026 2:06:25 AM","System","1/8/2026 2:06:25 AM","13","Microsoft-Windows-Kernel-General","Information","The operating system is shutting down at system time ‎2026‎-‎01‎-‎08T01:06:25.108399400Z."
"CPHD-93WLV94","1/8/2026 2:06:25 AM","System","1/8/2026 3:38:49 AM","12","Microsoft-Windows-Kernel-General","Information","The operating system started at system time ‎2026‎-‎01‎-‎08T02:38:48.500000000Z."
"CPHD-93WLV94","1/8/2026 2:06:25 AM","Microsoft-Windows-Kernel-Boot/Operational","1/8/2026 3:38:49 AM","292","Microsoft-Windows-Kernel-Boot","Error","Failed to update the SBAT value in FW."
"CPHD-93WLV94","1/8/2026 2:06:25 AM","System","1/8/2026 3:38:55 AM","6005","EventLog","Information","The Event log service was started."
"CPHD-93WLV94","1/8/2026 2:06:25 AM","System","1/8/2026 3:38:56 AM","12","Microsoft-Windows-UserModePowerService","Information","Process C:\Windows\System32\DriverStore\FileRepository\ipf_cpu.inf_amd64_049e38a37c46edc4\ipf_uf.exe (process ID:3408) reset policy scheme from {07084296-1ee0-4afa-bf25-f667953ec23a} to {07084296-1ee0-4afa-bf25-f667953ec23a}"
"CPHD-93WLV94","1/8/2026 2:06:25 AM","System","1/8/2026 3:38:56 AM","12","Microsoft-Windows-UserModePowerService","Information","Process C:\Windows\System32\DriverStore\FileRepository\ipf_cpu.inf_amd64_049e38a37c46edc4\ipf_uf.exe (process ID:3408) reset policy scheme from {07084296-1ee0-4afa-bf25-f667953ec23a} to {07084296-1ee0-4afa-bf25-f667953ec23a}"
"CPHD-93WLV94","1/8/2026 2:06:25 AM","Microsoft-Windows-WindowsUpdateClient/Operational","1/8/2026 3:49:12 AM","41","Microsoft-Windows-WindowsUpdateClient","Information","An update was downloaded."
"CPHD-93WLV94","1/8/2026 8:12:00 AM","System","1/8/2026 8:12:00 AM","1074","User32","Information","The process C:\Windows\system32\winlogon.exe (CPHD-93WLV94) has initiated the power off of computer CPHD-93WLV94 on behalf of user NT AUTHORITY\SYSTEM for the following reason: No title for this reason could be found Reason Code: 0x500ff Shutdown Type: power off Comment:"
"CPHD-93WLV94","1/8/2026 8:12:00 AM","System","1/8/2026 8:12:00 AM","6006","EventLog","Information","The Event log service was stopped."
"CPHD-93WLV94","1/8/2026 8:12:00 AM","System","1/8/2026 8:12:05 AM","13","Microsoft-Windows-Kernel-General","Information","The operating system is shutting down at system time ‎2026‎-‎01‎-‎08T07:12:05.745729400Z."
"CPHD-93WLV94","1/8/2026 8:12:00 AM","System","1/8/2026 8:15:15 AM","12","Microsoft-Windows-Kernel-General","Information","The operating system started at system time ‎2026‎-‎01‎-‎08T07:15:14.500000000Z."
"CPHD-93WLV94","1/8/2026 8:12:00 AM","Microsoft-Windows-Kernel-Boot/Operational","1/8/2026 8:15:15 AM","292","Microsoft-Windows-Kernel-Boot","Error","Failed to update the SBAT value in FW."
"CPHD-93WLV94","1/8/2026 8:12:00 AM","System","1/8/2026 8:15:21 AM","6005","EventLog","Information","The Event log service was started."
"CPHD-93WLV94","1/8/2026 8:12:00 AM","System","1/8/2026 8:15:21 AM","12","Microsoft-Windows-UserModePowerService","Information","Process C:\Windows\System32\DriverStore\FileRepository\ipf_cpu.inf_amd64_049e38a37c46edc4\ipf_uf.exe (process ID:3512) reset policy scheme from {07084296-1ee0-4afa-bf25-f667953ec23a} to {07084296-1ee0-4afa-bf25-f667953ec23a}"
"CPHD-93WLV94","1/8/2026 8:12:00 AM","System","1/8/2026 8:15:21 AM","12","Microsoft-Windows-UserModePowerService","Information","Process C:\Windows\System32\DriverStore\FileRepository\ipf_cpu.inf_amd64_049e38a37c46edc4\ipf_uf.exe (process ID:3512) reset policy scheme from {07084296-1ee0-4afa-bf25-f667953ec23a} to {07084296-1ee0-4afa-bf25-f667953ec23a}"
"CPHD-93WLV94","1/8/2026 8:12:05 AM","System","1/8/2026 8:12:00 AM","1074","User32","Information","The process C:\Windows\system32\winlogon.exe (CPHD-93WLV94) has initiated the power off of computer CPHD-93WLV94 on behalf of user NT AUTHORITY\SYSTEM for the following reason: No title for this reason could be found Reason Code: 0x500ff Shutdown Type: power off Comment:"
"CPHD-93WLV94","1/8/2026 8:12:05 AM","System","1/8/2026 8:12:00 AM","6006","EventLog","Information","The Event log service was stopped."
"CPHD-93WLV94","1/8/2026 8:12:05 AM","System","1/8/2026 8:12:05 AM","13","Microsoft-Windows-Kernel-General","Information","The operating system is shutting down at system time ‎2026‎-‎01‎-‎08T07:12:05.745729400Z."
"CPHD-93WLV94","1/8/2026 8:12:05 AM","System","1/8/2026 8:15:15 AM","12","Microsoft-Windows-Kernel-General","Information","The operating system started at system time ‎2026‎-‎01‎-‎08T07:15:14.500000000Z."
"CPHD-93WLV94","1/8/2026 8:12:05 AM","Microsoft-Windows-Kernel-Boot/Operational","1/8/2026 8:15:15 AM","292","Microsoft-Windows-Kernel-Boot","Error","Failed to update the SBAT value in FW."
"CPHD-93WLV94","1/8/2026 8:12:05 AM","System","1/8/2026 8:15:21 AM","6005","EventLog","Information","The Event log service was started."
"CPHD-93WLV94","1/8/2026 8:12:05 AM","System","1/8/2026 8:15:21 AM","12","Microsoft-Windows-UserModePowerService","Information","Process C:\Windows\System32\DriverStore\FileRepository\ipf_cpu.inf_amd64_049e38a37c46edc4\ipf_uf.exe (process ID:3512) reset policy scheme from {07084296-1ee0-4afa-bf25-f667953ec23a} to {07084296-1ee0-4afa-bf25-f667953ec23a}"
"CPHD-93WLV94","1/8/2026 8:12:05 AM","System","1/8/2026 8:15:21 AM","12","Microsoft-Windows-UserModePowerService","Information","Process C:\Windows\System32\DriverStore\FileRepository\ipf_cpu.inf_amd64_049e38a37c46edc4\ipf_uf.exe (process ID:3512) reset policy scheme from {07084296-1ee0-4afa-bf25-f667953ec23a} to {07084296-1ee0-4afa-bf25-f667953ec23a}"
"CPHD-93WLV94","1/15/2026 11:03:17 PM","System","1/15/2026 11:03:17 PM","6006","EventLog","Information","The Event log service was stopped."
"CPHD-93WLV94","1/15/2026 11:03:17 PM","System","1/15/2026 11:03:23 PM","13","Microsoft-Windows-Kernel-General","Information","The operating system is shutting down at system time ‎2026‎-‎01‎-‎15T22:03:23.381636200Z."
"CPHD-93WLV94","1/15/2026 11:03:17 PM","System","1/15/2026 11:03:42 PM","12","Microsoft-Windows-Kernel-General","Information","The operating system started at system time ‎2026‎-‎01‎-‎15T22:03:41.500000000Z."
"CPHD-93WLV94","1/15/2026 11:03:17 PM","Microsoft-Windows-Kernel-Boot/Operational","1/15/2026 11:03:42 PM","292","Microsoft-Windows-Kernel-Boot","Error","Failed to update the SBAT value in FW."
"CPHD-93WLV94","1/15/2026 11:03:17 PM","System","1/15/2026 11:03:50 PM","6005","EventLog","Information","The Event log service was started."
"CPHD-93WLV94","1/15/2026 11:03:17 PM","System","1/15/2026 11:03:51 PM","12","Microsoft-Windows-UserModePowerService","Information","Process C:\Windows\System32\DriverStore\FileRepository\ipf_cpu.inf_amd64_049e38a37c46edc4\ipf_uf.exe (process ID:3468) reset policy scheme from {07084296-1ee0-4afa-bf25-f667953ec23a} to {07084296-1ee0-4afa-bf25-f667953ec23a}"
"CPHD-93WLV94","1/15/2026 11:03:17 PM","System","1/15/2026 11:03:51 PM","12","Microsoft-Windows-UserModePowerService","Information","Process C:\Windows\System32\DriverStore\FileRepository\ipf_cpu.inf_amd64_049e38a37c46edc4\ipf_uf.exe (process ID:3468) reset policy scheme from {07084296-1ee0-4afa-bf25-f667953ec23a} to {07084296-1ee0-4afa-bf25-f667953ec23a}"
"CPHD-93WLV94","1/15/2026 11:03:23 PM","System","1/15/2026 11:03:17 PM","6006","EventLog","Information","The Event log service was stopped."
"CPHD-93WLV94","1/15/2026 11:03:23 PM","System","1/15/2026 11:03:23 PM","13","Microsoft-Windows-Kernel-General","Information","The operating system is shutting down at system time ‎2026‎-‎01‎-‎15T22:03:23.381636200Z."
"CPHD-93WLV94","1/15/2026 11:03:23 PM","System","1/15/2026 11:03:42 PM","12","Microsoft-Windows-Kernel-General","Information","The operating system started at system time ‎2026‎-‎01‎-‎15T22:03:41.500000000Z."
"CPHD-93WLV94","1/15/2026 11:03:23 PM","Microsoft-Windows-Kernel-Boot/Operational","1/15/2026 11:03:42 PM","292","Microsoft-Windows-Kernel-Boot","Error","Failed to update the SBAT value in FW."
"CPHD-93WLV94","1/15/2026 11:03:23 PM","System","1/15/2026 11:03:50 PM","6005","EventLog","Information","The Event log service was started."
"CPHD-93WLV94","1/15/2026 11:03:23 PM","System","1/15/2026 11:03:51 PM","12","Microsoft-Windows-UserModePowerService","Information","Process C:\Windows\System32\DriverStore\FileRepository\ipf_cpu.inf_amd64_049e38a37c46edc4\ipf_uf.exe (process ID:3468) reset policy scheme from {07084296-1ee0-4afa-bf25-f667953ec23a} to {07084296-1ee0-4afa-bf25-f667953ec23a}"
"CPHD-93WLV94","1/15/2026 11:03:23 PM","System","1/15/2026 11:03:51 PM","12","Microsoft-Windows-UserModePowerService","Information","Process C:\Windows\System32\DriverStore\FileRepository\ipf_cpu.inf_amd64_049e38a37c46edc4\ipf_uf.exe (process ID:3468) reset policy scheme from {07084296-1ee0-4afa-bf25-f667953ec23a} to {07084296-1ee0-4afa-bf25-f667953ec23a}"
