﻿"TaskPath","TaskName","State","Author"
"\Microsoft\Windows\Application Experience\","ProgramDataUpdater","Ready","$(@%SystemRoot%\system32\invagent.dll,-701)"
"\Microsoft\Windows\AppListBackup\","BackupNonMaintenance","Ready","$(@%SystemRoot%\system32\AppListBackupLauncher.dll,-600)"
"\Microsoft\Windows\BrokerInfrastructure\","BgTaskRegistrationMaintenanceTask","Ready","Microsoft Corporation"
"\Microsoft\Windows\DirectX\","DirectXDatabaseUpdater","Ready",
"\Microsoft\Windows\FileHistory\","File History (maintenance mode)","Ready","Microsoft Corporation"
"\Microsoft\Windows\InstallService\","ScanForUpdates","Ready",
"\Microsoft\Windows\InstallService\","ScanForUpdatesAsUser","Ready",
"\Microsoft\Windows\InstallService\","WakeUpAndContinueUpdates","Disabled",
"\Microsoft\Windows\InstallService\","WakeUpAndScanForUpdates","Disabled",
"\Microsoft\Windows\Maintenance\","WinSAT","Ready","Microsoft"
"\Microsoft\Windows\Management\Provisioning\","RunOnReboot","Disabled",
"\Microsoft\Windows\Maps\","MapsUpdateTask","Disabled","Microsoft Corporation"
"\Microsoft\Windows\Plug and Play\","Device Install Reboot Required","Ready","Microsoft Corporation"
"\Microsoft\Windows\Servicing\","StartComponentCleanup","Ready",
"\Microsoft\Windows\Shell\","IndexerAutomaticMaintenance","Ready","Microsoft Corporation"
"\Microsoft\Windows\SoftwareProtectionPlatform\","SvcRestartTaskLogon","Disabled","Microsoft Corporation"
"\Microsoft\Windows\StateRepository\","MaintenanceTasks","Ready","$(@%SystemRoot%\system32\Windows.StateRepositoryClient.dll,-600)"
"\Microsoft\Windows\UNP\","RunUpdateNotificationMgr","Disabled",
"\Microsoft\Windows\Windows Defender\","Windows Defender Cache Maintenance","Ready",
"\Microsoft\Windows\Windows Media Sharing\","UpdateLibrary","Ready","Microsoft Corporation"
"\Microsoft\Windows\WindowsUpdate\","Scheduled Start","Ready","Microsoft Corporation."
"\Microsoft\Windows\Work Folders\","Work Folders Maintenance Work","Ready","Microsoft Corporation"
