AssayPattern,AllowedTestTypes,SpecimenOnly,Enabled,Priority,Note
Xpert-C. difficile G2,Specimen,TRUE,TRUE,100,From Assay.csv (C.DIFF G2)
Xpert C.difficile BT,Specimen,TRUE,TRUE,100,From Assay.csv (C.DIFF BT)
Xpert C.diff-Epi,Specimen,TRUE,TRUE,100,From Assay.csv (C.DIFF EP)
Xpert C.difficile G3,Specimen,TRUE,TRUE,100,From Assay.csv (C.DIFF)
Xpert C.difficile G3,Specimen,TRUE,TRUE,100,From Assay.csv (C.DIFF JP)
Xpert Carba-R,Negative Control 1|Positive Control 1|Positive Control 2,FALSE,TRUE,100,From Assay.csv (CARBA IMP1)
CARBA-R IUO,Negative Control 1|Positive Control 1|Positive Control 2,FALSE,TRUE,100,From Assay.csv (CARBA IMP1)
Carba-R BEU IUO,Negative Control 1|Positive Control 1|Positive Control 2,FALSE,TRUE,100,From Assay.csv (CARBA)
CARBA-R RUO,Negative Control 1|Positive Control 1|Positive Control 2,FALSE,TRUE,100,From Assay.csv (CARBA)
Carba-R BEU RUO,Negative Control 1|Positive Control 1|Positive Control 2,FALSE,TRUE,100,From Assay.csv (CARBA)
Xpert_Carba-R,Negative Control 1|Positive Control 1|Positive Control 2,FALSE,TRUE,100,From Assay.csv (CARBA)
Xpert Xpress SARS-CoV-2 CE-IVD,Negative Control 1|Positive Control 1,FALSE,TRUE,100,From Assay.csv (SARS)
Xpert Xpress SARS-CoV-2,Negative Control 1|Positive Control 1,FALSE,TRUE,100,From Assay.csv (SARS)
LCE009 Xpress SARS-CoV-2 plus,Negative Control 1|Positive Control 1,FALSE,TRUE,100,From Assay.csv (COVID plus)
Xpress CoV-2 plus IUO,Negative Control 1|Positive Control 1,FALSE,TRUE,100,From Assay.csv (COVID plus)
Xpress CoV-2 plus RUO,Negative Control 1|Positive Control 1,FALSE,TRUE,100,From Assay.csv (COVID plus)
Xpert Xpress CoV-2 plus,Negative Control 1|Positive Control 1,FALSE,TRUE,100,From Assay.csv (COVID plus)
Xpert Xpress CoV-2 plus IVD,Negative Control 1|Positive Control 1,FALSE,TRUE,100,From Assay.csv (COVID plus)
SARS-CoV-2_Flu_RSV_plus,Negative Control 1|Positive Control 1,FALSE,TRUE,100,From Assay.csv (FLUVID plus)
SARS-CoV-2_Flu_RSV plus IUO,Negative Control 1|Positive Control 1,FALSE,TRUE,100,From Assay.csv (FLUVID plus)
SARS-CoV-2_Flu_RSV plus RUO,Negative Control 1|Positive Control 1,FALSE,TRUE,100,From Assay.csv (FLUVID plus)
Xpress SARS-CoV-2_Flu_RSV plus,Negative Control 1|Positive Control 1,FALSE,TRUE,100,From Assay.csv (FLUVID plus)
Xpress SARS-CoV-2 Flu RSV plus,Negative Control 1|Positive Control 1,FALSE,TRUE,100,From Assay.csv (FLUVID plus)
Xpert CT_CE,Specimen,TRUE,TRUE,100,From Assay.csv (CT)
Xpert CT_NG,Specimen,TRUE,TRUE,100,From Assay.csv (CTNG)
Xpert CT_NG,Specimen,TRUE,TRUE,100,From Assay.csv (CTNG JP)
Xpert Ebola EUA,Negative Control 1|Positive Control 1|Positive Control 2,FALSE,TRUE,100,From Assay.csv (EBOLA)
Xpert Ebola CE-IVD,Negative Control 1|Positive Control 1|Positive Control 2,FALSE,TRUE,100,From Assay.csv (EBOLA)
Ebola RUO,Negative Control 1|Positive Control 1|Positive Control 2,FALSE,TRUE,100,From Assay.csv (EBOLA)
Xpress GBS IUO,Specimen,TRUE,TRUE,100,From Assay.csv (GBS)
Xpress GBS RUO,Specimen,TRUE,TRUE,100,From Assay.csv (GBS)
Xpert Xpress GBS RUO,Specimen,TRUE,TRUE,100,From Assay.csv (GBS)
Xpert Xpress GBS,Specimen,TRUE,TRUE,100,From Assay.csv (GBS)
GBS LB RUO,Specimen,TRUE,TRUE,100,From Assay.csv (GBS)
GBS LB XC IUO,Specimen,TRUE,TRUE,100,From Assay.csv (GBS)
Xpert GBS LB XC,Specimen,TRUE,TRUE,100,From Assay.csv (GBS)
Xpert HBV Viral Load,Negative Control 1|Positive Control 1|Positive Control 2,FALSE,TRUE,100,From Assay.csv (HBV*)
Xpert HCV VL Fingerstick,Negative Control 1|Positive Control 1|Positive Control 2,FALSE,TRUE,100,From Assay.csv (HCV FS*)
HCV VL WB RUO,Negative Control 1|Positive Control 1|Positive Control 2,FALSE,TRUE,100,From Assay.csv (HCV FS*)
HCV IUO,Negative Control 1|Positive Control 1,FALSE,TRUE,100,From Assay.csv (HCV)
Xpert HCV PQC,Negative Control 1|Positive Control 1,FALSE,TRUE,100,From Assay.csv (HCV)
Xpert_HCV Viral Load,Negative Control 1|Positive Control 1|Positive Control 2,FALSE,TRUE,100,From Assay.csv (HCV VL*)
HCV Viral Load RUO,Negative Control 1|Positive Control 1|Positive Control 2,FALSE,TRUE,100,From Assay.csv (HCV VL*)
Xpert_HIV-1 Viral Load,Negative Control 1|Positive Control 1|Positive Control 2,FALSE,TRUE,100,From Assay.csv (HIV VL*)
HIV-1 Viral Load RUO,Negative Control 1|Positive Control 1|Positive Control 2,FALSE,TRUE,100,From Assay.csv (HIV VL*)
HIV-1 Qual XC DBS RUO,Specimen,TRUE,TRUE,100,From Assay.csv (HIV QA XC)
HIV-1 Qual XC DBS IUO,Specimen,TRUE,TRUE,100,From Assay.csv (HIV QA XC)
Xpert HIV-1 Qual XC PQC,Specimen,TRUE,TRUE,100,From Assay.csv (HIV QA XC)
Xpert HIV-1 Qual XC PQC RUO,Specimen,TRUE,TRUE,100,From Assay.csv (HIV QA XC)
HIV-1 Viral Load XC IUO,Negative Control 1|Positive Control 1|Positive Control 2,FALSE,TRUE,100,From Assay.csv (HIV VL XC)
HIV-1 Viral Load XC RUO,Negative Control 1|Positive Control 1|Positive Control 2,FALSE,TRUE,100,From Assay.csv (HIV VL XC)
Xpert HIV-1 Viral Load XC,Negative Control 1|Positive Control 1|Positive Control 2,FALSE,TRUE,100,From Assay.csv (HIV VL XC)
Xpert HPV HR,Negative Control 1|Positive Control 1|Positive Control 2,FALSE,TRUE,100,From Assay.csv (HPV)
Xpert HPV v2 HR,Negative Control 1|Positive Control 1|Positive Control 2,FALSE,TRUE,100,From Assay.csv (HPV)
HPV HR AND GENOTYPE RUO ASSAY,Negative Control 1|Positive Control 1|Positive Control 2,FALSE,TRUE,100,From Assay.csv (HPV)
Xpert MRSA NxG,Negative Control 1|Positive Control 1|Positive Control 2,FALSE,TRUE,100,From Assay.csv (MRSA NxG)
MRSA NxG IUO,Negative Control 1|Positive Control 1|Positive Control 2,FALSE,TRUE,100,From Assay.csv (MRSA NxG)
MRSA NxG RUO,Negative Control 1|Positive Control 1|Positive Control 2,FALSE,TRUE,100,From Assay.csv (MRSA NxG)
Xpert MRSA_SA_BC,Specimen,TRUE,TRUE,100,From Assay.csv (MRSA SA)
Xpert MRSA_SA_BC_CE,Specimen,TRUE,TRUE,100,From Assay.csv (MRSA SA)
Xpert MRSA-SA BC G3,Specimen,TRUE,TRUE,100,From Assay.csv (MRSA SA)
Xpert MRSA-SA SSTI G3,Specimen,TRUE,TRUE,100,From Assay.csv (MRSA SA)
Xpert SA Nasal Complete G3,Specimen,TRUE,TRUE,100,From Assay.csv (MRSA SA)
MRSA-SA ETA,Specimen,TRUE,TRUE,100,From Assay.csv (MRSA SA)
Xpert MTB-RIF Ultra,Negative Control 1|Positive Control 1|Positive Control 2,FALSE,TRUE,100,From Assay.csv (MTB U)
MTB-RIF Ultra v2 RUO,Negative Control 1|Positive Control 1|Positive Control 2,FALSE,TRUE,100,From Assay.csv (MTB U)
Xpert MTB-RIF Assay G4,Specimen,TRUE,TRUE,100,From Assay.csv (MTB)
Xpert MTB-RIF US IVD,Specimen,TRUE,TRUE,100,From Assay.csv (MTB)
Xpert MTB-RIF JP IVD,Specimen,TRUE,TRUE,100,From Assay.csv (MTB JP)
Xpert MTB-XDR,Negative Control 1|Positive Control 1|Positive Control 2,FALSE,TRUE,100,From Assay.csv (MTB XDR)
MTB-XDR RUO,Negative Control 1|Positive Control 1|Positive Control 2,FALSE,TRUE,100,From Assay.csv (MTB XDR)
MTB-XDR IUO,Negative Control 1|Positive Control 1|Positive Control 2,FALSE,TRUE,100,From Assay.csv (MTB XDR)
Xpert Norovirus,Negative Control 1|Positive Control 1|Positive Control 2,FALSE,TRUE,100,From Assay.csv (NORO)
TAP Panel RUO,Specimen,TRUE,TRUE,100,From Assay.csv (TAP Panel)
TAP Panel IUO,Specimen,TRUE,TRUE,100,From Assay.csv (TAP Panel)
Xpert TAP Panel,Specimen,TRUE,TRUE,100,From Assay.csv (TAP Panel)
Xpert vanA vanB,Negative Control 1|Positive Control 1,FALSE,TRUE,100,From Assay.csv (VAN AB)
XP Flu-RSV RUO,Negative Control 1|Positive Control 1|Positive Control 2,FALSE,TRUE,100,From Assay.csv (FLU RSV)
Xpert Xpress Flu-RSV,Negative Control 1|Positive Control 1|Positive Control 2,FALSE,TRUE,100,From Assay.csv (FLU RSV)
Xpress Flu IPT_EAT off,Negative Control 1|Positive Control 1|Positive Control 2,FALSE,TRUE,100,From Assay.csv (FLU)
Respiratory Panel IUO,Specimen,TRUE,TRUE,100,From Assay.csv (Resp Panel)
Respiratory Panel RUO,Specimen,TRUE,TRUE,100,From Assay.csv (Resp Panel)
Respiratory panel ,Specimen,TRUE,TRUE,100,From Assay.csv (Resp Panel)
Respiratory panel CE-IVD,Specimen,TRUE,TRUE,100,From Assay.csv (Resp Panel)
Respiratory panel UKCA-IVD,Specimen,TRUE,TRUE,100,From Assay.csv (Resp Panel)
GI Panel RUO,Specimen,TRUE,TRUE,100,From Assay.csv (GI Panel)
GI Panel IUO,Specimen,TRUE,TRUE,100,From Assay.csv (GI Panel)
Xpert GI Panel,Specimen,TRUE,TRUE,100,From Assay.csv (GI Panel)
Xpert GI Panel CE-IVD,Specimen,TRUE,TRUE,100,From Assay.csv (GI Panel)
Xpert Xpress Strep A,Negative Control 1|Positive Control 1|Positive Control 2,FALSE,TRUE,100,From Assay.csv (STREPA)
Xpert Xpress_Strep A,Negative Control 1|Positive Control 1|Positive Control 2,FALSE,TRUE,100,From Assay.csv (STREPA)
