﻿"Anchor","AnchorLocal","AnchorUtc","LocalTime","UtcTime","Id","ProviderName","LevelDisplayName","LogName","Message"
"41","12/16/2025 3:31:18 PM","12/16/2025 2:31:18 PM","12/16/2025 3:30:13 PM","12/16/2025 2:30:13 PM","26","Microsoft-Windows-WindowsUpdateClient","Information","Microsoft-Windows-WindowsUpdateClient/Operational","Windows Update successfully found 1 updates."
"41","12/16/2025 3:31:18 PM","12/16/2025 2:31:18 PM","12/16/2025 3:30:13 PM","12/16/2025 2:30:13 PM","26","Microsoft-Windows-WindowsUpdateClient","Information","Microsoft-Windows-WindowsUpdateClient/Operational","Windows Update successfully found 1 updates."
"41","12/16/2025 3:31:18 PM","12/16/2025 2:31:18 PM","12/16/2025 3:30:13 PM","12/16/2025 2:30:13 PM","26","Microsoft-Windows-WindowsUpdateClient","Information","Microsoft-Windows-WindowsUpdateClient/Operational","Windows Update successfully found 0 updates."
"41","12/16/2025 3:31:18 PM","12/16/2025 2:31:18 PM","12/16/2025 3:30:13 PM","12/16/2025 2:30:13 PM","26","Microsoft-Windows-WindowsUpdateClient","Information","Microsoft-Windows-WindowsUpdateClient/Operational","Windows Update successfully found 0 updates."
"41","12/16/2025 3:31:18 PM","12/16/2025 2:31:18 PM","12/16/2025 3:31:12 PM","12/16/2025 2:31:12 PM","44","Microsoft-Windows-WindowsUpdateClient","Information","System","Windows Update started downloading an update."
"41","12/16/2025 3:31:18 PM","12/16/2025 2:31:18 PM","12/16/2025 3:31:18 PM","12/16/2025 2:31:18 PM","41","Microsoft-Windows-WindowsUpdateClient","Information","Microsoft-Windows-WindowsUpdateClient/Operational","An update was downloaded."
"41","12/17/2025 5:10:46 PM","12/17/2025 4:10:46 PM","12/17/2025 5:10:46 PM","12/17/2025 4:10:46 PM","44","Microsoft-Windows-WindowsUpdateClient","Information","System","Windows Update started downloading an update."
"41","12/17/2025 5:10:46 PM","12/17/2025 4:10:46 PM","12/17/2025 5:10:46 PM","12/17/2025 4:10:46 PM","41","Microsoft-Windows-WindowsUpdateClient","Information","Microsoft-Windows-WindowsUpdateClient/Operational","An update was downloaded."
"41","12/17/2025 5:10:46 PM","12/17/2025 4:10:46 PM","12/17/2025 5:16:05 PM","12/17/2025 4:16:05 PM","101","Application Management Group Policy","Warning","System","The assignment of application LAPS.x64 V6.2 from policy Windows Clients - LAPS – Agent Install (x64 Clients) failed.  The error was : %%1274"
"41","12/17/2025 5:10:46 PM","12/17/2025 4:10:46 PM","12/17/2025 5:16:05 PM","12/17/2025 4:16:05 PM","103","Application Management Group Policy","Error","System","The removal of the assignment of application LAPS.x64 V6.2 from policy Windows Clients - LAPS – Agent Install (x64 Clients) failed.  The error was : %%2"
"41","12/17/2025 5:10:46 PM","12/17/2025 4:10:46 PM","12/17/2025 5:16:05 PM","12/17/2025 4:16:05 PM","108","Application Management Group Policy","Warning","System","Failed to apply changes to software installation settings.  The installation of software deployed through Group Policy for this user has been delayed until the next logon because the changes must be applied before the user logon.  The error was : %%1274"
"41","12/17/2025 5:10:46 PM","12/17/2025 4:10:46 PM","12/17/2025 5:16:05 PM","12/17/2025 4:16:05 PM","1112","Microsoft-Windows-GroupPolicy","Warning","System","The Group Policy Client Side Extension Software Installation was unable to apply one or more settings because the changes must be processed before system startup or user logon. The system will wait for Group Policy processing to finish completely before the next startup or logon for this user, and this may result in slow startup and boot performance."
"41","12/19/2025 3:53:17 PM","12/19/2025 2:53:17 PM","12/19/2025 3:44:18 PM","12/19/2025 2:44:18 PM","26","Microsoft-Windows-WindowsUpdateClient","Information","Microsoft-Windows-WindowsUpdateClient/Operational","Windows Update successfully found 1 updates."
"41","12/19/2025 3:53:17 PM","12/19/2025 2:53:17 PM","12/19/2025 3:44:18 PM","12/19/2025 2:44:18 PM","26","Microsoft-Windows-WindowsUpdateClient","Information","Microsoft-Windows-WindowsUpdateClient/Operational","Windows Update successfully found 1 updates."
"41","12/19/2025 3:53:17 PM","12/19/2025 2:53:17 PM","12/19/2025 3:44:18 PM","12/19/2025 2:44:18 PM","26","Microsoft-Windows-WindowsUpdateClient","Information","Microsoft-Windows-WindowsUpdateClient/Operational","Windows Update successfully found 0 updates."
"41","12/19/2025 3:53:17 PM","12/19/2025 2:53:17 PM","12/19/2025 3:44:18 PM","12/19/2025 2:44:18 PM","26","Microsoft-Windows-WindowsUpdateClient","Information","Microsoft-Windows-WindowsUpdateClient/Operational","Windows Update successfully found 0 updates."
"41","12/19/2025 3:53:17 PM","12/19/2025 2:53:17 PM","12/19/2025 3:53:17 PM","12/19/2025 2:53:17 PM","44","Microsoft-Windows-WindowsUpdateClient","Information","System","Windows Update started downloading an update."
"41","12/19/2025 3:53:17 PM","12/19/2025 2:53:17 PM","12/19/2025 3:53:17 PM","12/19/2025 2:53:17 PM","41","Microsoft-Windows-WindowsUpdateClient","Information","Microsoft-Windows-WindowsUpdateClient/Operational","An update was downloaded."
"41","12/21/2025 5:17:25 PM","12/21/2025 4:17:25 PM","12/21/2025 5:15:40 PM","12/21/2025 4:15:40 PM","108","Application Management Group Policy","Warning","System","Failed to apply changes to software installation settings.  The installation of software deployed through Group Policy for this user has been delayed until the next logon because the changes must be applied before the user logon.  The error was : %%1274"
"41","12/21/2025 5:17:25 PM","12/21/2025 4:17:25 PM","12/21/2025 5:15:40 PM","12/21/2025 4:15:40 PM","1112","Microsoft-Windows-GroupPolicy","Warning","System","The Group Policy Client Side Extension Software Installation was unable to apply one or more settings because the changes must be processed before system startup or user logon. The system will wait for Group Policy processing to finish completely before the next startup or logon for this user, and this may result in slow startup and boot performance."
"41","12/21/2025 5:17:25 PM","12/21/2025 4:17:25 PM","12/21/2025 5:17:21 PM","12/21/2025 4:17:21 PM","26","Microsoft-Windows-WindowsUpdateClient","Information","Microsoft-Windows-WindowsUpdateClient/Operational","Windows Update successfully found 1 updates."
"41","12/21/2025 5:17:25 PM","12/21/2025 4:17:25 PM","12/21/2025 5:17:21 PM","12/21/2025 4:17:21 PM","26","Microsoft-Windows-WindowsUpdateClient","Information","Microsoft-Windows-WindowsUpdateClient/Operational","Windows Update successfully found 1 updates."
"41","12/21/2025 5:17:25 PM","12/21/2025 4:17:25 PM","12/21/2025 5:17:21 PM","12/21/2025 4:17:21 PM","26","Microsoft-Windows-WindowsUpdateClient","Information","Microsoft-Windows-WindowsUpdateClient/Operational","Windows Update successfully found 0 updates."
"41","12/21/2025 5:17:25 PM","12/21/2025 4:17:25 PM","12/21/2025 5:17:21 PM","12/21/2025 4:17:21 PM","26","Microsoft-Windows-WindowsUpdateClient","Information","Microsoft-Windows-WindowsUpdateClient/Operational","Windows Update successfully found 0 updates."
"41","12/21/2025 5:17:25 PM","12/21/2025 4:17:25 PM","12/21/2025 5:17:25 PM","12/21/2025 4:17:25 PM","44","Microsoft-Windows-WindowsUpdateClient","Information","System","Windows Update started downloading an update."
"41","12/21/2025 5:17:25 PM","12/21/2025 4:17:25 PM","12/21/2025 5:17:25 PM","12/21/2025 4:17:25 PM","41","Microsoft-Windows-WindowsUpdateClient","Information","Microsoft-Windows-WindowsUpdateClient/Operational","An update was downloaded."
"41","12/23/2025 4:47:45 PM","12/23/2025 3:47:45 PM","12/23/2025 4:47:38 PM","12/23/2025 3:47:38 PM","26","Microsoft-Windows-WindowsUpdateClient","Information","Microsoft-Windows-WindowsUpdateClient/Operational","Windows Update successfully found 1 updates."
"41","12/23/2025 4:47:45 PM","12/23/2025 3:47:45 PM","12/23/2025 4:47:38 PM","12/23/2025 3:47:38 PM","26","Microsoft-Windows-WindowsUpdateClient","Information","Microsoft-Windows-WindowsUpdateClient/Operational","Windows Update successfully found 1 updates."
"41","12/23/2025 4:47:45 PM","12/23/2025 3:47:45 PM","12/23/2025 4:47:38 PM","12/23/2025 3:47:38 PM","26","Microsoft-Windows-WindowsUpdateClient","Information","Microsoft-Windows-WindowsUpdateClient/Operational","Windows Update successfully found 1 updates."
"41","12/23/2025 4:47:45 PM","12/23/2025 3:47:45 PM","12/23/2025 4:47:38 PM","12/23/2025 3:47:38 PM","26","Microsoft-Windows-WindowsUpdateClient","Information","Microsoft-Windows-WindowsUpdateClient/Operational","Windows Update successfully found 1 updates."
"41","12/23/2025 4:47:45 PM","12/23/2025 3:47:45 PM","12/23/2025 4:47:38 PM","12/23/2025 3:47:38 PM","44","Microsoft-Windows-WindowsUpdateClient","Information","System","Windows Update started downloading an update."
"41","12/23/2025 4:47:45 PM","12/23/2025 3:47:45 PM","12/23/2025 4:47:45 PM","12/23/2025 3:47:45 PM","41","Microsoft-Windows-WindowsUpdateClient","Information","Microsoft-Windows-WindowsUpdateClient/Operational","An update was downloaded."
"41","12/23/2025 4:47:45 PM","12/23/2025 3:47:45 PM","12/23/2025 4:47:45 PM","12/23/2025 3:47:45 PM","43","Microsoft-Windows-WindowsUpdateClient","Information","System","Installation Started: Windows has started installing the following update: 9P8K5G2MWW6Z-AppUp.IntelArcSoftware"
"41","12/23/2025 4:47:45 PM","12/23/2025 3:47:45 PM","12/23/2025 4:47:45 PM","12/23/2025 3:47:45 PM","20","Microsoft-Windows-WindowsUpdateClient","Error","System","Installation Failure: Windows failed to install the following update with error 0x80073D02: 9P8K5G2MWW6Z-AppUp.IntelArcSoftware."
"41","12/25/2025 6:47:55 AM","12/25/2025 5:47:55 AM","12/25/2025 6:47:55 AM","12/25/2025 5:47:55 AM","26","Microsoft-Windows-WindowsUpdateClient","Information","Microsoft-Windows-WindowsUpdateClient/Operational","Windows Update successfully found 1 updates."
"41","12/25/2025 6:47:55 AM","12/25/2025 5:47:55 AM","12/25/2025 6:47:55 AM","12/25/2025 5:47:55 AM","26","Microsoft-Windows-WindowsUpdateClient","Information","Microsoft-Windows-WindowsUpdateClient/Operational","Windows Update successfully found 1 updates."
"41","12/25/2025 6:47:55 AM","12/25/2025 5:47:55 AM","12/25/2025 6:47:55 AM","12/25/2025 5:47:55 AM","26","Microsoft-Windows-WindowsUpdateClient","Information","Microsoft-Windows-WindowsUpdateClient/Operational","Windows Update successfully found 1 updates."
"41","12/25/2025 6:47:55 AM","12/25/2025 5:47:55 AM","12/25/2025 6:47:55 AM","12/25/2025 5:47:55 AM","26","Microsoft-Windows-WindowsUpdateClient","Information","Microsoft-Windows-WindowsUpdateClient/Operational","Windows Update successfully found 1 updates."
"41","12/25/2025 6:47:55 AM","12/25/2025 5:47:55 AM","12/25/2025 6:47:55 AM","12/25/2025 5:47:55 AM","44","Microsoft-Windows-WindowsUpdateClient","Information","System","Windows Update started downloading an update."
"41","12/25/2025 6:47:55 AM","12/25/2025 5:47:55 AM","12/25/2025 6:47:55 AM","12/25/2025 5:47:55 AM","41","Microsoft-Windows-WindowsUpdateClient","Information","Microsoft-Windows-WindowsUpdateClient/Operational","An update was downloaded."
"41","12/25/2025 6:47:55 AM","12/25/2025 5:47:55 AM","12/25/2025 6:47:55 AM","12/25/2025 5:47:55 AM","43","Microsoft-Windows-WindowsUpdateClient","Information","System","Installation Started: Windows has started installing the following update: 9P8K5G2MWW6Z-AppUp.IntelArcSoftware"
"41","12/25/2025 6:47:55 AM","12/25/2025 5:47:55 AM","12/25/2025 6:47:55 AM","12/25/2025 5:47:55 AM","20","Microsoft-Windows-WindowsUpdateClient","Error","System","Installation Failure: Windows failed to install the following update with error 0x80073D02: 9P8K5G2MWW6Z-AppUp.IntelArcSoftware."
"41","12/26/2025 8:53:16 PM","12/26/2025 7:53:16 PM","12/26/2025 8:53:15 PM","12/26/2025 7:53:15 PM","26","Microsoft-Windows-WindowsUpdateClient","Information","Microsoft-Windows-WindowsUpdateClient/Operational","Windows Update successfully found 1 updates."
"41","12/26/2025 8:53:16 PM","12/26/2025 7:53:16 PM","12/26/2025 8:53:15 PM","12/26/2025 7:53:15 PM","26","Microsoft-Windows-WindowsUpdateClient","Information","Microsoft-Windows-WindowsUpdateClient/Operational","Windows Update successfully found 1 updates."
"41","12/26/2025 8:53:16 PM","12/26/2025 7:53:16 PM","12/26/2025 8:53:15 PM","12/26/2025 7:53:15 PM","26","Microsoft-Windows-WindowsUpdateClient","Information","Microsoft-Windows-WindowsUpdateClient/Operational","Windows Update successfully found 1 updates."
"41","12/26/2025 8:53:16 PM","12/26/2025 7:53:16 PM","12/26/2025 8:53:15 PM","12/26/2025 7:53:15 PM","26","Microsoft-Windows-WindowsUpdateClient","Information","Microsoft-Windows-WindowsUpdateClient/Operational","Windows Update successfully found 1 updates."
"41","12/26/2025 8:53:16 PM","12/26/2025 7:53:16 PM","12/26/2025 8:53:16 PM","12/26/2025 7:53:16 PM","44","Microsoft-Windows-WindowsUpdateClient","Information","System","Windows Update started downloading an update."
"41","12/26/2025 8:53:16 PM","12/26/2025 7:53:16 PM","12/26/2025 8:53:16 PM","12/26/2025 7:53:16 PM","41","Microsoft-Windows-WindowsUpdateClient","Information","Microsoft-Windows-WindowsUpdateClient/Operational","An update was downloaded."
"41","12/26/2025 8:53:16 PM","12/26/2025 7:53:16 PM","12/26/2025 8:53:16 PM","12/26/2025 7:53:16 PM","43","Microsoft-Windows-WindowsUpdateClient","Information","System","Installation Started: Windows has started installing the following update: 9P8K5G2MWW6Z-AppUp.IntelArcSoftware"
"41","12/26/2025 8:53:16 PM","12/26/2025 7:53:16 PM","12/26/2025 8:53:16 PM","12/26/2025 7:53:16 PM","20","Microsoft-Windows-WindowsUpdateClient","Error","System","Installation Failure: Windows failed to install the following update with error 0x80073D02: 9P8K5G2MWW6Z-AppUp.IntelArcSoftware."
"41","12/28/2025 3:33:55 PM","12/28/2025 2:33:55 PM","12/28/2025 3:33:54 PM","12/28/2025 2:33:54 PM","26","Microsoft-Windows-WindowsUpdateClient","Information","Microsoft-Windows-WindowsUpdateClient/Operational","Windows Update successfully found 1 updates."
"41","12/28/2025 3:33:55 PM","12/28/2025 2:33:55 PM","12/28/2025 3:33:54 PM","12/28/2025 2:33:54 PM","26","Microsoft-Windows-WindowsUpdateClient","Information","Microsoft-Windows-WindowsUpdateClient/Operational","Windows Update successfully found 1 updates."
"41","12/28/2025 3:33:55 PM","12/28/2025 2:33:55 PM","12/28/2025 3:33:54 PM","12/28/2025 2:33:54 PM","26","Microsoft-Windows-WindowsUpdateClient","Information","Microsoft-Windows-WindowsUpdateClient/Operational","Windows Update successfully found 1 updates."
"41","12/28/2025 3:33:55 PM","12/28/2025 2:33:55 PM","12/28/2025 3:33:54 PM","12/28/2025 2:33:54 PM","26","Microsoft-Windows-WindowsUpdateClient","Information","Microsoft-Windows-WindowsUpdateClient/Operational","Windows Update successfully found 1 updates."
"41","12/28/2025 3:33:55 PM","12/28/2025 2:33:55 PM","12/28/2025 3:33:55 PM","12/28/2025 2:33:55 PM","44","Microsoft-Windows-WindowsUpdateClient","Information","System","Windows Update started downloading an update."
"41","12/28/2025 3:33:55 PM","12/28/2025 2:33:55 PM","12/28/2025 3:33:55 PM","12/28/2025 2:33:55 PM","41","Microsoft-Windows-WindowsUpdateClient","Information","Microsoft-Windows-WindowsUpdateClient/Operational","An update was downloaded."
"41","12/28/2025 3:33:55 PM","12/28/2025 2:33:55 PM","12/28/2025 3:33:55 PM","12/28/2025 2:33:55 PM","43","Microsoft-Windows-WindowsUpdateClient","Information","System","Installation Started: Windows has started installing the following update: 9P8K5G2MWW6Z-AppUp.IntelArcSoftware"
"41","12/28/2025 3:33:55 PM","12/28/2025 2:33:55 PM","12/28/2025 3:33:55 PM","12/28/2025 2:33:55 PM","7040","Service Control Manager","Information","System","The start type of the Intel® Graphics Software service was changed from auto start to disabled."
"41","12/28/2025 3:33:55 PM","12/28/2025 2:33:55 PM","12/28/2025 3:33:55 PM","12/28/2025 2:33:55 PM","0","Intel Graphics Software Service","Information","Application","Service stopped successfully."
"41","12/28/2025 3:33:55 PM","12/28/2025 2:33:55 PM","12/28/2025 3:33:55 PM","12/28/2025 2:33:55 PM","7045","Service Control Manager","Information","System","A service was installed in the system.

Service Name:  Intel® Graphics Software
Service File Name:  C:\Program Files\WindowsApps\AppUp.IntelArcSoftware_25.44.2006.0_x64__8j3eq9eme6ctt\VFS\ProgramFilesX64\Intel\Intel Graphics Software\IntelGraphicsSoftware.Service.exe
Service Type:  user mode service
Service Start Type:  auto start
Service Account:  LocalSystem"
"41","12/28/2025 3:33:55 PM","12/28/2025 2:33:55 PM","12/28/2025 3:33:56 PM","12/28/2025 2:33:56 PM","0","Intel Graphics Software Service","Information","Application","Service started successfully."
"41","12/28/2025 3:33:55 PM","12/28/2025 2:33:55 PM","12/28/2025 3:33:56 PM","12/28/2025 2:33:56 PM","19","Microsoft-Windows-WindowsUpdateClient","Information","System","Installation Successful: Windows successfully installed the following update: 9P8K5G2MWW6Z-AppUp.IntelArcSoftware"
"41","12/30/2025 8:01:36 AM","12/30/2025 7:01:36 AM","12/30/2025 8:01:30 AM","12/30/2025 7:01:30 AM","26","Microsoft-Windows-WindowsUpdateClient","Information","Microsoft-Windows-WindowsUpdateClient/Operational","Windows Update successfully found 1 updates."
"41","12/30/2025 8:01:36 AM","12/30/2025 7:01:36 AM","12/30/2025 8:01:30 AM","12/30/2025 7:01:30 AM","26","Microsoft-Windows-WindowsUpdateClient","Information","Microsoft-Windows-WindowsUpdateClient/Operational","Windows Update successfully found 1 updates."
"41","12/30/2025 8:01:36 AM","12/30/2025 7:01:36 AM","12/30/2025 8:01:30 AM","12/30/2025 7:01:30 AM","44","Microsoft-Windows-WindowsUpdateClient","Information","System","Windows Update started downloading an update."
"41","12/30/2025 8:01:36 AM","12/30/2025 7:01:36 AM","12/30/2025 8:01:36 AM","12/30/2025 7:01:36 AM","41","Microsoft-Windows-WindowsUpdateClient","Information","Microsoft-Windows-WindowsUpdateClient/Operational","An update was downloaded."
"41","12/30/2025 8:01:36 AM","12/30/2025 7:01:36 AM","12/30/2025 8:01:36 AM","12/30/2025 7:01:36 AM","43","Microsoft-Windows-WindowsUpdateClient","Information","System","Installation Started: Windows has started installing the following update: 9P8K5G2MWW6Z-AppUp.IntelArcSoftware"
"41","12/30/2025 8:01:36 AM","12/30/2025 7:01:36 AM","12/30/2025 8:01:36 AM","12/30/2025 7:01:36 AM","20","Microsoft-Windows-WindowsUpdateClient","Error","System","Installation Failure: Windows failed to install the following update with error 0x80073D02: 9P8K5G2MWW6Z-AppUp.IntelArcSoftware."
"41","1/2/2026 11:12:59 PM","1/2/2026 10:12:59 PM","1/2/2026 11:12:54 PM","1/2/2026 10:12:54 PM","26","Microsoft-Windows-WindowsUpdateClient","Information","Microsoft-Windows-WindowsUpdateClient/Operational","Windows Update successfully found 0 updates."
"41","1/2/2026 11:12:59 PM","1/2/2026 10:12:59 PM","1/2/2026 11:12:54 PM","1/2/2026 10:12:54 PM","26","Microsoft-Windows-WindowsUpdateClient","Information","Microsoft-Windows-WindowsUpdateClient/Operational","Windows Update successfully found 2 updates."
"41","1/2/2026 11:12:59 PM","1/2/2026 10:12:59 PM","1/2/2026 11:12:59 PM","1/2/2026 10:12:59 PM","44","Microsoft-Windows-WindowsUpdateClient","Information","System","Windows Update started downloading an update."
"41","1/2/2026 11:12:59 PM","1/2/2026 10:12:59 PM","1/2/2026 11:12:59 PM","1/2/2026 10:12:59 PM","41","Microsoft-Windows-WindowsUpdateClient","Information","Microsoft-Windows-WindowsUpdateClient/Operational","An update was downloaded."
"41","1/2/2026 11:12:59 PM","1/2/2026 10:12:59 PM","1/2/2026 11:12:59 PM","1/2/2026 10:12:59 PM","43","Microsoft-Windows-WindowsUpdateClient","Information","System","Installation Started: Windows has started installing the following update: Intel Driver Update (12.19.2.65)"
"41","1/2/2026 11:12:59 PM","1/2/2026 10:12:59 PM","1/2/2026 11:13:00 PM","1/2/2026 10:13:00 PM","172","Microsoft-Windows-Kernel-Power","Information","System","Connectivity state in standby: Disconnected, Reason: NIC compliance"
"41","1/2/2026 11:12:59 PM","1/2/2026 10:12:59 PM","1/2/2026 11:13:01 PM","1/2/2026 10:13:01 PM","27","e1dexpress","Warning","System","Intel(R) Ethernet Connection (17) I219-LM
 Network link is disconnected.
"
"41","1/2/2026 11:12:59 PM","1/2/2026 10:12:59 PM","1/2/2026 11:13:02 PM","1/2/2026 10:13:02 PM","172","Microsoft-Windows-Kernel-Power","Information","System","Connectivity state in standby: Connected, Reason: None"
"41","1/2/2026 11:12:59 PM","1/2/2026 10:12:59 PM","1/2/2026 11:13:02 PM","1/2/2026 10:13:02 PM","27","e1dexpress","Warning","System","Intel(R) Ethernet Connection (17) I219-LM
 Network link is disconnected.
"
"41","1/2/2026 11:12:59 PM","1/2/2026 10:12:59 PM","1/2/2026 11:13:02 PM","1/2/2026 10:13:02 PM","19","Microsoft-Windows-WindowsUpdateClient","Information","System","Installation Successful: Windows successfully installed the following update: Intel Driver Update (12.19.2.65)"
"41","1/2/2026 11:12:59 PM","1/2/2026 10:12:59 PM","1/2/2026 11:13:05 PM","1/2/2026 10:13:05 PM","33","e1dexpress","Information","System","Intel(R) Ethernet Connection (17) I219-LM
 Network link has been established at 100Mbps full duplex.
"
"41","1/2/2026 11:12:59 PM","1/2/2026 10:12:59 PM","1/2/2026 11:21:10 PM","1/2/2026 10:21:10 PM","108","Application Management Group Policy","Warning","System","Failed to apply changes to software installation settings.  The installation of software deployed through Group Policy for this user has been delayed until the next logon because the changes must be applied before the user logon.  The error was : %%1274"
"41","1/2/2026 11:12:59 PM","1/2/2026 10:12:59 PM","1/2/2026 11:21:10 PM","1/2/2026 10:21:10 PM","103","Application Management Group Policy","Error","System","The removal of the assignment of application LAPS.x64 V6.2 from policy Windows Clients - LAPS – Agent Install (x64 Clients) failed.  The error was : %%2"
"41","1/2/2026 11:12:59 PM","1/2/2026 10:12:59 PM","1/2/2026 11:21:10 PM","1/2/2026 10:21:10 PM","101","Application Management Group Policy","Warning","System","The assignment of application LAPS.x64 V6.2 from policy Windows Clients - LAPS – Agent Install (x64 Clients) failed.  The error was : %%1274"
"41","1/2/2026 11:12:59 PM","1/2/2026 10:12:59 PM","1/2/2026 11:21:10 PM","1/2/2026 10:21:10 PM","1112","Microsoft-Windows-GroupPolicy","Warning","System","The Group Policy Client Side Extension Software Installation was unable to apply one or more settings because the changes must be processed before system startup or user logon. The system will wait for Group Policy processing to finish completely before the next startup or logon for this user, and this may result in slow startup and boot performance."
"41","1/14/2026 11:24:28 AM","1/14/2026 10:24:28 AM","1/14/2026 11:24:28 AM","1/14/2026 10:24:28 AM","41","Microsoft-Windows-WindowsUpdateClient","Information","Microsoft-Windows-WindowsUpdateClient/Operational","An update was downloaded."
"41","1/14/2026 11:24:28 AM","1/14/2026 10:24:28 AM","1/14/2026 11:24:28 AM","1/14/2026 10:24:28 AM","43","Microsoft-Windows-WindowsUpdateClient","Information","System","Installation Started: Windows has started installing the following update: 2026-01 Cumulative Update for Windows 10 Version 21H2 for x64-based Systems (KB5073724)"
"41","1/14/2026 11:24:28 AM","1/14/2026 10:24:28 AM","1/14/2026 11:24:28 AM","1/14/2026 10:24:28 AM","7040","Service Control Manager","Information","System","The start type of the Windows Modules Installer service was changed from demand start to auto start."
