﻿"AnchorId","AnchorLocal","AnchorUtc","Has1074","Has109","HasWU19","Has6006","HasBootMarkers","Score_AcLossLik"
"41","12/16/2025 3:31:18 PM","12/16/2025 2:31:18 PM","False","False","False","False","False","4"
"41","12/17/2025 5:10:46 PM","12/17/2025 4:10:46 PM","False","False","False","False","False","4"
"41","12/19/2025 3:53:17 PM","12/19/2025 2:53:17 PM","False","False","False","False","False","4"
"41","12/21/2025 5:17:25 PM","12/21/2025 4:17:25 PM","False","False","False","False","False","4"
"41","12/23/2025 4:47:45 PM","12/23/2025 3:47:45 PM","False","False","False","False","True","5"
"41","12/25/2025 6:47:55 AM","12/25/2025 5:47:55 AM","False","False","False","False","True","5"
"41","12/26/2025 8:53:16 PM","12/26/2025 7:53:16 PM","False","False","False","False","True","5"
"41","12/28/2025 3:33:55 PM","12/28/2025 2:33:55 PM","False","False","True","False","False","3"
"41","12/30/2025 8:01:36 AM","12/30/2025 7:01:36 AM","False","False","False","False","True","5"
"41","1/2/2026 11:12:59 PM","1/2/2026 10:12:59 PM","False","False","True","False","True","4"
"41","1/14/2026 11:24:28 AM","1/14/2026 10:24:28 AM","False","False","False","False","False","4"
