﻿"LocalTime","UtcTime","Source","Type","Device","Details","AnchorId"
"12/16/2025 3:30:13 PM","2025-12-16 14:30:13Z","Windows","Win 26 Microsoft-Windows-WindowsUpdateClient","Microsoft-Windows-WindowsUpdateClient/Operational","",""
"12/16/2025 3:30:13 PM","2025-12-16 14:30:13Z","Windows","Win 26 Microsoft-Windows-WindowsUpdateClient","Microsoft-Windows-WindowsUpdateClient/Operational","",""
"12/16/2025 3:30:13 PM","2025-12-16 14:30:13Z","Windows","Win 26 Microsoft-Windows-WindowsUpdateClient","Microsoft-Windows-WindowsUpdateClient/Operational","",""
"12/16/2025 3:30:13 PM","2025-12-16 14:30:13Z","Windows","Win 26 Microsoft-Windows-WindowsUpdateClient","Microsoft-Windows-WindowsUpdateClient/Operational","",""
"12/16/2025 3:31:12 PM","2025-12-16 14:31:12Z","Windows","Win 44 Microsoft-Windows-WindowsUpdateClient","System","",""
"12/16/2025 3:31:18 PM","2025-12-16 14:31:18Z","Windows","Anchor-41","Microsoft-Windows-WindowsUpdateClient/Operational","","41"
"12/17/2025 5:10:46 PM","2025-12-17 16:10:46Z","Windows","Win 44 Microsoft-Windows-WindowsUpdateClient","System","",""
"12/17/2025 5:10:46 PM","2025-12-17 16:10:46Z","Windows","Anchor-41","Microsoft-Windows-WindowsUpdateClient/Operational","","41"
"12/17/2025 5:16:05 PM","2025-12-17 16:16:05Z","Windows","Win 103 Application Management Group Policy","System","",""
"12/17/2025 5:16:05 PM","2025-12-17 16:16:05Z","Windows","Win 101 Application Management Group Policy","System","",""
"12/17/2025 5:16:05 PM","2025-12-17 16:16:05Z","Windows","Win 108 Application Management Group Policy","System","",""
"12/17/2025 5:16:05 PM","2025-12-17 16:16:05Z","Windows","Win 1112 Microsoft-Windows-GroupPolicy","System","",""
"12/19/2025 3:44:18 PM","2025-12-19 14:44:18Z","Windows","Win 26 Microsoft-Windows-WindowsUpdateClient","Microsoft-Windows-WindowsUpdateClient/Operational","",""
"12/19/2025 3:44:18 PM","2025-12-19 14:44:18Z","Windows","Win 26 Microsoft-Windows-WindowsUpdateClient","Microsoft-Windows-WindowsUpdateClient/Operational","",""
"12/19/2025 3:44:18 PM","2025-12-19 14:44:18Z","Windows","Win 26 Microsoft-Windows-WindowsUpdateClient","Microsoft-Windows-WindowsUpdateClient/Operational","",""
"12/19/2025 3:44:18 PM","2025-12-19 14:44:18Z","Windows","Win 26 Microsoft-Windows-WindowsUpdateClient","Microsoft-Windows-WindowsUpdateClient/Operational","",""
"12/19/2025 3:53:17 PM","2025-12-19 14:53:17Z","Windows","Win 44 Microsoft-Windows-WindowsUpdateClient","System","",""
"12/19/2025 3:53:17 PM","2025-12-19 14:53:17Z","Windows","Anchor-41","Microsoft-Windows-WindowsUpdateClient/Operational","","41"
"12/21/2025 5:15:40 PM","2025-12-21 16:15:40Z","Windows","Win 108 Application Management Group Policy","System","",""
"12/21/2025 5:15:40 PM","2025-12-21 16:15:40Z","Windows","Win 1112 Microsoft-Windows-GroupPolicy","System","",""
"12/21/2025 5:17:21 PM","2025-12-21 16:17:21Z","Windows","Win 26 Microsoft-Windows-WindowsUpdateClient","Microsoft-Windows-WindowsUpdateClient/Operational","",""
"12/21/2025 5:17:21 PM","2025-12-21 16:17:21Z","Windows","Win 26 Microsoft-Windows-WindowsUpdateClient","Microsoft-Windows-WindowsUpdateClient/Operational","",""
"12/21/2025 5:17:21 PM","2025-12-21 16:17:21Z","Windows","Win 26 Microsoft-Windows-WindowsUpdateClient","Microsoft-Windows-WindowsUpdateClient/Operational","",""
"12/21/2025 5:17:21 PM","2025-12-21 16:17:21Z","Windows","Win 26 Microsoft-Windows-WindowsUpdateClient","Microsoft-Windows-WindowsUpdateClient/Operational","",""
"12/21/2025 5:17:25 PM","2025-12-21 16:17:25Z","Windows","Win 44 Microsoft-Windows-WindowsUpdateClient","System","",""
"12/21/2025 5:17:25 PM","2025-12-21 16:17:25Z","Windows","Anchor-41","Microsoft-Windows-WindowsUpdateClient/Operational","","41"
"12/23/2025 4:47:38 PM","2025-12-23 15:47:38Z","Windows","Win 26 Microsoft-Windows-WindowsUpdateClient","Microsoft-Windows-WindowsUpdateClient/Operational","",""
"12/23/2025 4:47:38 PM","2025-12-23 15:47:38Z","Windows","Win 26 Microsoft-Windows-WindowsUpdateClient","Microsoft-Windows-WindowsUpdateClient/Operational","",""
"12/23/2025 4:47:38 PM","2025-12-23 15:47:38Z","Windows","Win 26 Microsoft-Windows-WindowsUpdateClient","Microsoft-Windows-WindowsUpdateClient/Operational","",""
"12/23/2025 4:47:38 PM","2025-12-23 15:47:38Z","Windows","Win 26 Microsoft-Windows-WindowsUpdateClient","Microsoft-Windows-WindowsUpdateClient/Operational","",""
"12/23/2025 4:47:38 PM","2025-12-23 15:47:38Z","Windows","Win 44 Microsoft-Windows-WindowsUpdateClient","System","",""
"12/23/2025 4:47:45 PM","2025-12-23 15:47:45Z","Windows","Anchor-41","Microsoft-Windows-WindowsUpdateClient/Operational","","41"
"12/23/2025 4:47:45 PM","2025-12-23 15:47:45Z","Windows","Win 43 Microsoft-Windows-WindowsUpdateClient","System","",""
"12/23/2025 4:47:45 PM","2025-12-23 15:47:45Z","Windows","Win 20 Microsoft-Windows-WindowsUpdateClient","System","",""
"12/25/2025 6:47:55 AM","2025-12-25 05:47:55Z","Windows","Win 26 Microsoft-Windows-WindowsUpdateClient","Microsoft-Windows-WindowsUpdateClient/Operational","",""
"12/25/2025 6:47:55 AM","2025-12-25 05:47:55Z","Windows","Win 26 Microsoft-Windows-WindowsUpdateClient","Microsoft-Windows-WindowsUpdateClient/Operational","",""
"12/25/2025 6:47:55 AM","2025-12-25 05:47:55Z","Windows","Win 26 Microsoft-Windows-WindowsUpdateClient","Microsoft-Windows-WindowsUpdateClient/Operational","",""
"12/25/2025 6:47:55 AM","2025-12-25 05:47:55Z","Windows","Win 26 Microsoft-Windows-WindowsUpdateClient","Microsoft-Windows-WindowsUpdateClient/Operational","",""
"12/25/2025 6:47:55 AM","2025-12-25 05:47:55Z","Windows","Win 44 Microsoft-Windows-WindowsUpdateClient","System","",""
"12/25/2025 6:47:55 AM","2025-12-25 05:47:55Z","Windows","Anchor-41","Microsoft-Windows-WindowsUpdateClient/Operational","","41"
"12/25/2025 6:47:55 AM","2025-12-25 05:47:55Z","Windows","Win 43 Microsoft-Windows-WindowsUpdateClient","System","",""
"12/25/2025 6:47:55 AM","2025-12-25 05:47:55Z","Windows","Win 20 Microsoft-Windows-WindowsUpdateClient","System","",""
"12/26/2025 8:53:15 PM","2025-12-26 19:53:15Z","Windows","Win 26 Microsoft-Windows-WindowsUpdateClient","Microsoft-Windows-WindowsUpdateClient/Operational","",""
"12/26/2025 8:53:15 PM","2025-12-26 19:53:15Z","Windows","Win 26 Microsoft-Windows-WindowsUpdateClient","Microsoft-Windows-WindowsUpdateClient/Operational","",""
"12/26/2025 8:53:15 PM","2025-12-26 19:53:15Z","Windows","Win 26 Microsoft-Windows-WindowsUpdateClient","Microsoft-Windows-WindowsUpdateClient/Operational","",""
"12/26/2025 8:53:15 PM","2025-12-26 19:53:15Z","Windows","Win 26 Microsoft-Windows-WindowsUpdateClient","Microsoft-Windows-WindowsUpdateClient/Operational","",""
"12/26/2025 8:53:16 PM","2025-12-26 19:53:16Z","Windows","Win 44 Microsoft-Windows-WindowsUpdateClient","System","",""
"12/26/2025 8:53:16 PM","2025-12-26 19:53:16Z","Windows","Anchor-41","Microsoft-Windows-WindowsUpdateClient/Operational","","41"
"12/26/2025 8:53:16 PM","2025-12-26 19:53:16Z","Windows","Win 43 Microsoft-Windows-WindowsUpdateClient","System","",""
"12/26/2025 8:53:16 PM","2025-12-26 19:53:16Z","Windows","Win 20 Microsoft-Windows-WindowsUpdateClient","System","",""
"12/28/2025 3:33:54 PM","2025-12-28 14:33:54Z","Windows","Win 26 Microsoft-Windows-WindowsUpdateClient","Microsoft-Windows-WindowsUpdateClient/Operational","",""
"12/28/2025 3:33:54 PM","2025-12-28 14:33:54Z","Windows","Win 26 Microsoft-Windows-WindowsUpdateClient","Microsoft-Windows-WindowsUpdateClient/Operational","",""
"12/28/2025 3:33:54 PM","2025-12-28 14:33:54Z","Windows","Win 26 Microsoft-Windows-WindowsUpdateClient","Microsoft-Windows-WindowsUpdateClient/Operational","",""
"12/28/2025 3:33:54 PM","2025-12-28 14:33:54Z","Windows","Win 26 Microsoft-Windows-WindowsUpdateClient","Microsoft-Windows-WindowsUpdateClient/Operational","",""
"12/28/2025 3:33:55 PM","2025-12-28 14:33:55Z","Windows","Win 44 Microsoft-Windows-WindowsUpdateClient","System","",""
"12/28/2025 3:33:55 PM","2025-12-28 14:33:55Z","Windows","Anchor-41","Microsoft-Windows-WindowsUpdateClient/Operational","","41"
"12/28/2025 3:33:55 PM","2025-12-28 14:33:55Z","Windows","Win 43 Microsoft-Windows-WindowsUpdateClient","System","",""
"12/28/2025 3:33:55 PM","2025-12-28 14:33:55Z","Windows","Win 7040 Service Control Manager","System","",""
"12/28/2025 3:33:55 PM","2025-12-28 14:33:55Z","Windows","Win 0 Intel Graphics Software Service","Application","",""
"12/28/2025 3:33:55 PM","2025-12-28 14:33:55Z","Windows","Win 7045 Service Control Manager","System","",""
"12/28/2025 3:33:56 PM","2025-12-28 14:33:56Z","Windows","Win 0 Intel Graphics Software Service","Application","",""
"12/28/2025 3:33:56 PM","2025-12-28 14:33:56Z","Windows","Win 19 Microsoft-Windows-WindowsUpdateClient","System","",""
"12/30/2025 8:01:30 AM","2025-12-30 07:01:30Z","Windows","Win 26 Microsoft-Windows-WindowsUpdateClient","Microsoft-Windows-WindowsUpdateClient/Operational","",""
"12/30/2025 8:01:30 AM","2025-12-30 07:01:30Z","Windows","Win 26 Microsoft-Windows-WindowsUpdateClient","Microsoft-Windows-WindowsUpdateClient/Operational","",""
"12/30/2025 8:01:30 AM","2025-12-30 07:01:30Z","Windows","Win 44 Microsoft-Windows-WindowsUpdateClient","System","",""
"12/30/2025 8:01:36 AM","2025-12-30 07:01:36Z","Windows","Anchor-41","Microsoft-Windows-WindowsUpdateClient/Operational","","41"
"12/30/2025 8:01:36 AM","2025-12-30 07:01:36Z","Windows","Win 43 Microsoft-Windows-WindowsUpdateClient","System","",""
"12/30/2025 8:01:36 AM","2025-12-30 07:01:36Z","Windows","Win 20 Microsoft-Windows-WindowsUpdateClient","System","",""
"1/2/2026 11:12:54 PM","2026-01-02 22:12:54Z","Windows","Win 26 Microsoft-Windows-WindowsUpdateClient","Microsoft-Windows-WindowsUpdateClient/Operational","",""
"1/2/2026 11:12:54 PM","2026-01-02 22:12:54Z","Windows","Win 26 Microsoft-Windows-WindowsUpdateClient","Microsoft-Windows-WindowsUpdateClient/Operational","",""
"1/2/2026 11:12:59 PM","2026-01-02 22:12:59Z","Windows","Win 44 Microsoft-Windows-WindowsUpdateClient","System","",""
"1/2/2026 11:12:59 PM","2026-01-02 22:12:59Z","Windows","Anchor-41","Microsoft-Windows-WindowsUpdateClient/Operational","","41"
"1/2/2026 11:12:59 PM","2026-01-02 22:12:59Z","Windows","Win 43 Microsoft-Windows-WindowsUpdateClient","System","",""
"1/2/2026 11:13:00 PM","2026-01-02 22:13:00Z","Windows","Win 172 Microsoft-Windows-Kernel-Power","System","",""
"1/2/2026 11:13:01 PM","2026-01-02 22:13:01Z","Windows","Win 27 e1dexpress","System","",""
"1/2/2026 11:13:02 PM","2026-01-02 22:13:02Z","Windows","Win 172 Microsoft-Windows-Kernel-Power","System","",""
"1/2/2026 11:13:02 PM","2026-01-02 22:13:02Z","Windows","Win 27 e1dexpress","System","",""
"1/2/2026 11:13:02 PM","2026-01-02 22:13:02Z","Windows","Win 19 Microsoft-Windows-WindowsUpdateClient","System","",""
"1/2/2026 11:13:05 PM","2026-01-02 22:13:05Z","Windows","Win 33 e1dexpress","System","",""
"1/2/2026 11:21:10 PM","2026-01-02 22:21:10Z","Windows","Win 101 Application Management Group Policy","System","",""
"1/2/2026 11:21:10 PM","2026-01-02 22:21:10Z","Windows","Win 103 Application Management Group Policy","System","",""
"1/2/2026 11:21:10 PM","2026-01-02 22:21:10Z","Windows","Win 108 Application Management Group Policy","System","",""
"1/2/2026 11:21:10 PM","2026-01-02 22:21:10Z","Windows","Win 1112 Microsoft-Windows-GroupPolicy","System","",""
"1/14/2026 11:24:28 AM","2026-01-14 10:24:28Z","Windows","Anchor-41","Microsoft-Windows-WindowsUpdateClient/Operational","","41"
"1/14/2026 11:24:28 AM","2026-01-14 10:24:28Z","Windows","Win 43 Microsoft-Windows-WindowsUpdateClient","System","",""
"1/14/2026 11:24:28 AM","2026-01-14 10:24:28Z","Windows","Win 7040 Service Control Manager","System","",""
