﻿"Timestamp","Username","LSP","Assay","Batch","TestCount","Status","ReportPath"
"2026-02-02 13:59:07","jesper.fredriksson","92303","Xpert MTB-RIF Ultra","1001506046","213","Warnings","C:\Users\JESPER~1.FRE\AppData\Local\Temp\jesper.fredriksson_output_92303_20260202_135906.xlsx"
"2026-02-02 14:00:51","jesper.fredriksson","92303","Xpert MTB-RIF Ultra","1001506046","213","Warnings","C:\Users\JESPER~1.FRE\AppData\Local\Temp\jesper.fredriksson_output_92303_20260202_140051.xlsx"
"2026-02-02 14:20:28","jesper.fredriksson","92303","Xpert MTB-RIF Ultra","1001506046","213","Warnings","C:\Users\JESPER~1.FRE\AppData\Local\Temp\jesper.fredriksson_output_92303_20260202_142028.xlsx"
"2026-02-02 14:36:29","jesper.fredriksson","92303","Xpert MTB-RIF Ultra","1001506046","213","Warnings","C:\Users\JESPER~1.FRE\AppData\Local\Temp\jesper.fredriksson_output_92303_20260202_143629.xlsx"
