﻿Computer,EpisodeShutdownTime,LogName,TimeCreated,EventId,Provider,Level,Message
CPHD-5RT7YB4,11/26/2025 11:41,System,11/26/2025 10:48,12,Microsoft-Windows-Kernel-General,Information,The operating system started at system time ‎2025‎-‎11‎-‎26T09:48:13.500000000Z.
CPHD-5RT7YB4,11/26/2025 11:41,Microsoft-Windows-Kernel-Boot/Operational,11/26/2025 10:48,158,Microsoft-Windows-Kernel-Boot,Error,Error: BL_LOG_ERROR_RES_HW_CHANGE: Hardware or firmware settings have changes since hibernate. Status: {Incorrect Volume} The target file of a rename request is located on a different device than the source of the rename request.
CPHD-5RT7YB4,11/26/2025 11:41,Microsoft-Windows-Kernel-Boot/Operational,11/26/2025 10:48,292,Microsoft-Windows-Kernel-Boot,Error,Failed to update the SBAT value in FW.
CPHD-5RT7YB4,11/26/2025 11:41,System,11/26/2025 10:48,41,Microsoft-Windows-Kernel-Power,Critical,"The system has rebooted without cleanly shutting down first. This error could be caused if the system stopped responding, crashed, or lost power unexpectedly."
CPHD-5RT7YB4,11/26/2025 11:41,System,11/26/2025 10:48,6005,EventLog,Information,The Event log service was started.
CPHD-5RT7YB4,11/26/2025 11:41,System,11/26/2025 10:48,6008,EventLog,Error,The previous system shutdown at 12:43:38 PM on ‎9/‎17/‎2025 was unexpected.
CPHD-5RT7YB4,11/26/2025 11:41,System,11/26/2025 10:48,12,Microsoft-Windows-UserModePowerService,Information,Process C:\Windows\System32\DriverStore\FileRepository\ipf_cpu.inf_amd64_c493e10bcfd25250\ipf_uf.exe (process ID:3644) reset policy scheme from {07084296-1ee0-4afa-bf25-f667953ec23a} to {07084296-1ee0-4afa-bf25-f667953ec23a}
CPHD-5RT7YB4,11/26/2025 11:41,System,11/26/2025 10:48,12,Microsoft-Windows-UserModePowerService,Information,Process C:\Windows\System32\DriverStore\FileRepository\ipf_cpu.inf_amd64_c493e10bcfd25250\ipf_uf.exe (process ID:3644) reset policy scheme from {07084296-1ee0-4afa-bf25-f667953ec23a} to {07084296-1ee0-4afa-bf25-f667953ec23a}
CPHD-5RT7YB4,11/26/2025 11:41,Microsoft-Windows-WindowsUpdateClient/Operational,11/26/2025 10:52,41,Microsoft-Windows-WindowsUpdateClient,Information,An update was downloaded.
CPHD-5RT7YB4,11/26/2025 11:41,Microsoft-Windows-WindowsUpdateClient/Operational,11/26/2025 10:52,41,Microsoft-Windows-WindowsUpdateClient,Information,An update was downloaded.
CPHD-5RT7YB4,11/26/2025 11:41,Microsoft-Windows-WindowsUpdateClient/Operational,11/26/2025 10:59,41,Microsoft-Windows-WindowsUpdateClient,Information,An update was downloaded.
CPHD-5RT7YB4,11/26/2025 11:41,System,11/26/2025 11:41,1074,User32,Information,The process systempropertiesadvanced.exe has initiated the restart of computer CPHD-5RT7YB4 on behalf of user CPHD-5RT7YB4\Cepheid-Techsupport for the following reason: Operating System: Reconfiguration (Planned) Reason Code: 0x84020004 Shutdown Type: restart Comment:
CPHD-5RT7YB4,11/26/2025 11:41,System,11/26/2025 11:41,1074,User32,Information,The process C:\Windows\system32\winlogon.exe (CPHD-5RT7YB4) has initiated the restart of computer CPHD-5RT7YB4 on behalf of user NT AUTHORITY\SYSTEM for the following reason: No title for this reason could be found Reason Code: 0x500ff Shutdown Type: restart Comment:
CPHD-5RT7YB4,11/26/2025 11:41,System,11/26/2025 11:41,6006,EventLog,Information,The Event log service was stopped.
CPHD-5RT7YB4,11/26/2025 11:41,System,11/26/2025 11:41,13,Microsoft-Windows-Kernel-General,Information,The operating system is shutting down at system time ‎2025‎-‎11‎-‎26T10:41:15.645858900Z.
CPHD-5RT7YB4,11/26/2025 11:41,System,11/26/2025 11:41,12,Microsoft-Windows-Kernel-General,Information,The operating system started at system time ‎2025‎-‎11‎-‎26T10:41:37.500000000Z.
CPHD-5RT7YB4,11/26/2025 11:41,Microsoft-Windows-Kernel-Boot/Operational,11/26/2025 11:41,292,Microsoft-Windows-Kernel-Boot,Error,Failed to update the SBAT value in FW.
CPHD-5RT7YB4,11/26/2025 11:41,System,11/26/2025 11:42,6005,EventLog,Information,The Event log service was started.
CPHD-5RT7YB4,11/26/2025 11:41,System,11/26/2025 11:42,12,Microsoft-Windows-UserModePowerService,Information,Process C:\Windows\System32\DriverStore\FileRepository\ipf_cpu.inf_amd64_c493e10bcfd25250\ipf_uf.exe (process ID:3708) reset policy scheme from {07084296-1ee0-4afa-bf25-f667953ec23a} to {07084296-1ee0-4afa-bf25-f667953ec23a}
CPHD-5RT7YB4,11/26/2025 11:41,System,11/26/2025 11:42,12,Microsoft-Windows-UserModePowerService,Information,Process C:\Windows\System32\DriverStore\FileRepository\ipf_cpu.inf_amd64_c493e10bcfd25250\ipf_uf.exe (process ID:3708) reset policy scheme from {07084296-1ee0-4afa-bf25-f667953ec23a} to {07084296-1ee0-4afa-bf25-f667953ec23a}
CPHD-5RT7YB4,11/26/2025 11:41,System,11/26/2025 10:48,12,Microsoft-Windows-Kernel-General,Information,The operating system started at system time ‎2025‎-‎11‎-‎26T09:48:13.500000000Z.
CPHD-5RT7YB4,11/26/2025 11:41,Microsoft-Windows-Kernel-Boot/Operational,11/26/2025 10:48,158,Microsoft-Windows-Kernel-Boot,Error,Error: BL_LOG_ERROR_RES_HW_CHANGE: Hardware or firmware settings have changes since hibernate. Status: {Incorrect Volume} The target file of a rename request is located on a different device than the source of the rename request.
CPHD-5RT7YB4,11/26/2025 11:41,Microsoft-Windows-Kernel-Boot/Operational,11/26/2025 10:48,292,Microsoft-Windows-Kernel-Boot,Error,Failed to update the SBAT value in FW.
CPHD-5RT7YB4,11/26/2025 11:41,System,11/26/2025 10:48,41,Microsoft-Windows-Kernel-Power,Critical,"The system has rebooted without cleanly shutting down first. This error could be caused if the system stopped responding, crashed, or lost power unexpectedly."
CPHD-5RT7YB4,11/26/2025 11:41,System,11/26/2025 10:48,6008,EventLog,Error,The previous system shutdown at 12:43:38 PM on ‎9/‎17/‎2025 was unexpected.
CPHD-5RT7YB4,11/26/2025 11:41,System,11/26/2025 10:48,6005,EventLog,Information,The Event log service was started.
CPHD-5RT7YB4,11/26/2025 11:41,System,11/26/2025 10:48,12,Microsoft-Windows-UserModePowerService,Information,Process C:\Windows\System32\DriverStore\FileRepository\ipf_cpu.inf_amd64_c493e10bcfd25250\ipf_uf.exe (process ID:3644) reset policy scheme from {07084296-1ee0-4afa-bf25-f667953ec23a} to {07084296-1ee0-4afa-bf25-f667953ec23a}
CPHD-5RT7YB4,11/26/2025 11:41,System,11/26/2025 10:48,12,Microsoft-Windows-UserModePowerService,Information,Process C:\Windows\System32\DriverStore\FileRepository\ipf_cpu.inf_amd64_c493e10bcfd25250\ipf_uf.exe (process ID:3644) reset policy scheme from {07084296-1ee0-4afa-bf25-f667953ec23a} to {07084296-1ee0-4afa-bf25-f667953ec23a}
CPHD-5RT7YB4,11/26/2025 11:41,Microsoft-Windows-WindowsUpdateClient/Operational,11/26/2025 10:52,41,Microsoft-Windows-WindowsUpdateClient,Information,An update was downloaded.
CPHD-5RT7YB4,11/26/2025 11:41,Microsoft-Windows-WindowsUpdateClient/Operational,11/26/2025 10:52,41,Microsoft-Windows-WindowsUpdateClient,Information,An update was downloaded.
CPHD-5RT7YB4,11/26/2025 11:41,Microsoft-Windows-WindowsUpdateClient/Operational,11/26/2025 10:59,41,Microsoft-Windows-WindowsUpdateClient,Information,An update was downloaded.
CPHD-5RT7YB4,11/26/2025 11:41,System,11/26/2025 11:41,1074,User32,Information,The process systempropertiesadvanced.exe has initiated the restart of computer CPHD-5RT7YB4 on behalf of user CPHD-5RT7YB4\Cepheid-Techsupport for the following reason: Operating System: Reconfiguration (Planned) Reason Code: 0x84020004 Shutdown Type: restart Comment:
CPHD-5RT7YB4,11/26/2025 11:41,System,11/26/2025 11:41,1074,User32,Information,The process C:\Windows\system32\winlogon.exe (CPHD-5RT7YB4) has initiated the restart of computer CPHD-5RT7YB4 on behalf of user NT AUTHORITY\SYSTEM for the following reason: No title for this reason could be found Reason Code: 0x500ff Shutdown Type: restart Comment:
CPHD-5RT7YB4,11/26/2025 11:41,System,11/26/2025 11:41,6006,EventLog,Information,The Event log service was stopped.
CPHD-5RT7YB4,11/26/2025 11:41,System,11/26/2025 11:41,13,Microsoft-Windows-Kernel-General,Information,The operating system is shutting down at system time ‎2025‎-‎11‎-‎26T10:41:15.645858900Z.
CPHD-5RT7YB4,11/26/2025 11:41,System,11/26/2025 11:41,12,Microsoft-Windows-Kernel-General,Information,The operating system started at system time ‎2025‎-‎11‎-‎26T10:41:37.500000000Z.
CPHD-5RT7YB4,11/26/2025 11:41,Microsoft-Windows-Kernel-Boot/Operational,11/26/2025 11:41,292,Microsoft-Windows-Kernel-Boot,Error,Failed to update the SBAT value in FW.
CPHD-5RT7YB4,11/26/2025 11:41,System,11/26/2025 11:42,6005,EventLog,Information,The Event log service was started.
CPHD-5RT7YB4,11/26/2025 11:41,System,11/26/2025 11:42,12,Microsoft-Windows-UserModePowerService,Information,Process C:\Windows\System32\DriverStore\FileRepository\ipf_cpu.inf_amd64_c493e10bcfd25250\ipf_uf.exe (process ID:3708) reset policy scheme from {07084296-1ee0-4afa-bf25-f667953ec23a} to {07084296-1ee0-4afa-bf25-f667953ec23a}
CPHD-5RT7YB4,11/26/2025 11:41,System,11/26/2025 11:42,12,Microsoft-Windows-UserModePowerService,Information,Process C:\Windows\System32\DriverStore\FileRepository\ipf_cpu.inf_amd64_c493e10bcfd25250\ipf_uf.exe (process ID:3708) reset policy scheme from {07084296-1ee0-4afa-bf25-f667953ec23a} to {07084296-1ee0-4afa-bf25-f667953ec23a}
CPHD-5RT7YB4,11/26/2025 15:33,System,11/26/2025 15:25,1074,User32,Information,The process C:\Windows\system32\SlideToShutDown.exe (CPHD-5RT7YB4) has initiated the power off of computer CPHD-5RT7YB4 on behalf of user CPHD-5RT7YB4\Cepheid-Techsupport for the following reason: Other (Unplanned) Reason Code: 0x0 Shutdown Type: power off Comment:
CPHD-5RT7YB4,11/26/2025 15:33,System,11/26/2025 15:33,6006,EventLog,Information,The Event log service was stopped.
CPHD-5RT7YB4,11/26/2025 15:33,System,11/26/2025 15:33,13,Microsoft-Windows-Kernel-General,Information,The operating system is shutting down at system time ‎2025‎-‎11‎-‎26T14:33:43.009918500Z.
CPHD-5RT7YB4,11/26/2025 15:33,System,11/26/2025 15:33,12,Microsoft-Windows-Kernel-General,Information,The operating system started at system time ‎2025‎-‎11‎-‎26T14:33:58.500000000Z.
CPHD-5RT7YB4,11/26/2025 15:33,Microsoft-Windows-Kernel-Boot/Operational,11/26/2025 15:33,292,Microsoft-Windows-Kernel-Boot,Error,Failed to update the SBAT value in FW.
CPHD-5RT7YB4,11/26/2025 15:33,System,11/26/2025 15:34,6005,EventLog,Information,The Event log service was started.
CPHD-5RT7YB4,11/26/2025 15:33,System,11/26/2025 15:34,12,Microsoft-Windows-UserModePowerService,Information,Process C:\Windows\System32\DriverStore\FileRepository\ipf_cpu.inf_amd64_c493e10bcfd25250\ipf_uf.exe (process ID:3644) reset policy scheme from {07084296-1ee0-4afa-bf25-f667953ec23a} to {07084296-1ee0-4afa-bf25-f667953ec23a}
CPHD-5RT7YB4,11/26/2025 15:33,System,11/26/2025 15:34,12,Microsoft-Windows-UserModePowerService,Information,Process C:\Windows\System32\DriverStore\FileRepository\ipf_cpu.inf_amd64_c493e10bcfd25250\ipf_uf.exe (process ID:3644) reset policy scheme from {07084296-1ee0-4afa-bf25-f667953ec23a} to {07084296-1ee0-4afa-bf25-f667953ec23a}
CPHD-5RT7YB4,11/26/2025 15:33,System,11/26/2025 15:25,1074,User32,Information,The process C:\Windows\system32\SlideToShutDown.exe (CPHD-5RT7YB4) has initiated the power off of computer CPHD-5RT7YB4 on behalf of user CPHD-5RT7YB4\Cepheid-Techsupport for the following reason: Other (Unplanned) Reason Code: 0x0 Shutdown Type: power off Comment:
CPHD-5RT7YB4,11/26/2025 15:33,System,11/26/2025 15:33,6006,EventLog,Information,The Event log service was stopped.
CPHD-5RT7YB4,11/26/2025 15:33,System,11/26/2025 15:33,13,Microsoft-Windows-Kernel-General,Information,The operating system is shutting down at system time ‎2025‎-‎11‎-‎26T14:33:43.009918500Z.
CPHD-5RT7YB4,11/26/2025 15:33,System,11/26/2025 15:33,12,Microsoft-Windows-Kernel-General,Information,The operating system started at system time ‎2025‎-‎11‎-‎26T14:33:58.500000000Z.
CPHD-5RT7YB4,11/26/2025 15:33,Microsoft-Windows-Kernel-Boot/Operational,11/26/2025 15:33,292,Microsoft-Windows-Kernel-Boot,Error,Failed to update the SBAT value in FW.
CPHD-5RT7YB4,11/26/2025 15:33,System,11/26/2025 15:34,6005,EventLog,Information,The Event log service was started.
CPHD-5RT7YB4,11/26/2025 15:33,System,11/26/2025 15:34,12,Microsoft-Windows-UserModePowerService,Information,Process C:\Windows\System32\DriverStore\FileRepository\ipf_cpu.inf_amd64_c493e10bcfd25250\ipf_uf.exe (process ID:3644) reset policy scheme from {07084296-1ee0-4afa-bf25-f667953ec23a} to {07084296-1ee0-4afa-bf25-f667953ec23a}
CPHD-5RT7YB4,11/26/2025 15:33,System,11/26/2025 15:34,12,Microsoft-Windows-UserModePowerService,Information,Process C:\Windows\System32\DriverStore\FileRepository\ipf_cpu.inf_amd64_c493e10bcfd25250\ipf_uf.exe (process ID:3644) reset policy scheme from {07084296-1ee0-4afa-bf25-f667953ec23a} to {07084296-1ee0-4afa-bf25-f667953ec23a}
CPHD-5RT7YB4,11/30/2025 8:48,Microsoft-Windows-WindowsUpdateClient/Operational,11/30/2025 7:30,41,Microsoft-Windows-WindowsUpdateClient,Information,An update was downloaded.
CPHD-5RT7YB4,11/30/2025 8:48,System,11/30/2025 8:48,1074,User32,Information,The process C:\Windows\system32\svchost.exe (CPHD-5RT7YB4) has initiated the restart of computer CPHD-5RT7YB4 on behalf of user NT AUTHORITY\SYSTEM for the following reason: Operating System: Service pack (Planned) Reason Code: 0x80020010 Shutdown Type: restart Comment:
CPHD-5RT7YB4,11/30/2025 8:48,System,11/30/2025 8:48,6006,EventLog,Information,The Event log service was stopped.
CPHD-5RT7YB4,11/30/2025 8:48,System,11/30/2025 8:48,13,Microsoft-Windows-Kernel-General,Information,The operating system is shutting down at system time ‎2025‎-‎11‎-‎30T07:48:33.985607500Z.
CPHD-5RT7YB4,11/30/2025 8:48,System,11/30/2025 8:48,12,Microsoft-Windows-Kernel-General,Information,The operating system started at system time ‎2025‎-‎11‎-‎30T07:48:50.500000000Z.
CPHD-5RT7YB4,11/30/2025 8:48,Microsoft-Windows-Kernel-Boot/Operational,11/30/2025 8:48,292,Microsoft-Windows-Kernel-Boot,Error,Failed to update the SBAT value in FW.
CPHD-5RT7YB4,11/30/2025 8:48,System,11/30/2025 8:49,6005,EventLog,Information,The Event log service was started.
CPHD-5RT7YB4,11/30/2025 8:48,System,11/30/2025 8:49,12,Microsoft-Windows-UserModePowerService,Information,Process C:\Windows\System32\DriverStore\FileRepository\ipf_cpu.inf_amd64_049e38a37c46edc4\ipf_uf.exe (process ID:3580) reset policy scheme from {07084296-1ee0-4afa-bf25-f667953ec23a} to {07084296-1ee0-4afa-bf25-f667953ec23a}
CPHD-5RT7YB4,11/30/2025 8:48,System,11/30/2025 8:49,12,Microsoft-Windows-UserModePowerService,Information,Process C:\Windows\System32\DriverStore\FileRepository\ipf_cpu.inf_amd64_049e38a37c46edc4\ipf_uf.exe (process ID:3580) reset policy scheme from {07084296-1ee0-4afa-bf25-f667953ec23a} to {07084296-1ee0-4afa-bf25-f667953ec23a}
CPHD-5RT7YB4,11/30/2025 8:48,Microsoft-Windows-WindowsUpdateClient/Operational,11/30/2025 7:30,41,Microsoft-Windows-WindowsUpdateClient,Information,An update was downloaded.
CPHD-5RT7YB4,11/30/2025 8:48,System,11/30/2025 8:48,1074,User32,Information,The process C:\Windows\system32\svchost.exe (CPHD-5RT7YB4) has initiated the restart of computer CPHD-5RT7YB4 on behalf of user NT AUTHORITY\SYSTEM for the following reason: Operating System: Service pack (Planned) Reason Code: 0x80020010 Shutdown Type: restart Comment:
CPHD-5RT7YB4,11/30/2025 8:48,System,11/30/2025 8:48,6006,EventLog,Information,The Event log service was stopped.
CPHD-5RT7YB4,11/30/2025 8:48,System,11/30/2025 8:48,13,Microsoft-Windows-Kernel-General,Information,The operating system is shutting down at system time ‎2025‎-‎11‎-‎30T07:48:33.985607500Z.
CPHD-5RT7YB4,11/30/2025 8:48,System,11/30/2025 8:48,12,Microsoft-Windows-Kernel-General,Information,The operating system started at system time ‎2025‎-‎11‎-‎30T07:48:50.500000000Z.
CPHD-5RT7YB4,11/30/2025 8:48,Microsoft-Windows-Kernel-Boot/Operational,11/30/2025 8:48,292,Microsoft-Windows-Kernel-Boot,Error,Failed to update the SBAT value in FW.
CPHD-5RT7YB4,11/30/2025 8:48,System,11/30/2025 8:49,6005,EventLog,Information,The Event log service was started.
CPHD-5RT7YB4,11/30/2025 8:48,System,11/30/2025 8:49,12,Microsoft-Windows-UserModePowerService,Information,Process C:\Windows\System32\DriverStore\FileRepository\ipf_cpu.inf_amd64_049e38a37c46edc4\ipf_uf.exe (process ID:3580) reset policy scheme from {07084296-1ee0-4afa-bf25-f667953ec23a} to {07084296-1ee0-4afa-bf25-f667953ec23a}
CPHD-5RT7YB4,11/30/2025 8:48,System,11/30/2025 8:49,12,Microsoft-Windows-UserModePowerService,Information,Process C:\Windows\System32\DriverStore\FileRepository\ipf_cpu.inf_amd64_049e38a37c46edc4\ipf_uf.exe (process ID:3580) reset policy scheme from {07084296-1ee0-4afa-bf25-f667953ec23a} to {07084296-1ee0-4afa-bf25-f667953ec23a}
CPHD-5RT7YB4,12/3/2025 7:14,Microsoft-Windows-WindowsUpdateClient/Operational,12/3/2025 7:02,41,Microsoft-Windows-WindowsUpdateClient,Information,An update was downloaded.
CPHD-5RT7YB4,12/3/2025 7:14,System,12/3/2025 7:14,1074,User32,Information,The process C:\Windows\system32\winlogon.exe (CPHD-5RT7YB4) has initiated the power off of computer CPHD-5RT7YB4 on behalf of user NT AUTHORITY\SYSTEM for the following reason: No title for this reason could be found Reason Code: 0x500ff Shutdown Type: power off Comment:
CPHD-5RT7YB4,12/3/2025 7:14,System,12/3/2025 7:14,6006,EventLog,Information,The Event log service was stopped.
CPHD-5RT7YB4,12/3/2025 7:14,System,12/3/2025 7:15,13,Microsoft-Windows-Kernel-General,Information,The operating system is shutting down at system time ‎2025‎-‎12‎-‎03T06:15:04.381795200Z.
CPHD-5RT7YB4,12/3/2025 7:14,System,12/3/2025 7:42,12,Microsoft-Windows-Kernel-General,Information,The operating system started at system time ‎2025‎-‎12‎-‎03T06:42:21.500000000Z.
CPHD-5RT7YB4,12/3/2025 7:14,Microsoft-Windows-Kernel-Boot/Operational,12/3/2025 7:42,292,Microsoft-Windows-Kernel-Boot,Error,Failed to update the SBAT value in FW.
CPHD-5RT7YB4,12/3/2025 7:14,System,12/3/2025 7:42,6005,EventLog,Information,The Event log service was started.
CPHD-5RT7YB4,12/3/2025 7:14,System,12/3/2025 7:42,12,Microsoft-Windows-UserModePowerService,Information,Process C:\Windows\System32\DriverStore\FileRepository\ipf_cpu.inf_amd64_049e38a37c46edc4\ipf_uf.exe (process ID:3708) reset policy scheme from {07084296-1ee0-4afa-bf25-f667953ec23a} to {07084296-1ee0-4afa-bf25-f667953ec23a}
CPHD-5RT7YB4,12/3/2025 7:14,System,12/3/2025 7:42,12,Microsoft-Windows-UserModePowerService,Information,Process C:\Windows\System32\DriverStore\FileRepository\ipf_cpu.inf_amd64_049e38a37c46edc4\ipf_uf.exe (process ID:3708) reset policy scheme from {07084296-1ee0-4afa-bf25-f667953ec23a} to {07084296-1ee0-4afa-bf25-f667953ec23a}
CPHD-5RT7YB4,12/3/2025 7:14,System,12/3/2025 8:03,1074,User32,Information,The process C:\Windows\system32\winlogon.exe (CPHD-5RT7YB4) has initiated the power off of computer CPHD-5RT7YB4 on behalf of user NT AUTHORITY\SYSTEM for the following reason: No title for this reason could be found Reason Code: 0x500ff Shutdown Type: power off Comment:
CPHD-5RT7YB4,12/3/2025 7:14,System,12/3/2025 8:03,6006,EventLog,Information,The Event log service was stopped.
CPHD-5RT7YB4,12/3/2025 7:14,System,12/3/2025 8:04,13,Microsoft-Windows-Kernel-General,Information,The operating system is shutting down at system time ‎2025‎-‎12‎-‎03T07:04:01.384438800Z.
CPHD-5RT7YB4,12/3/2025 7:14,System,12/3/2025 8:06,12,Microsoft-Windows-Kernel-General,Information,The operating system started at system time ‎2025‎-‎12‎-‎03T07:06:47.500000000Z.
CPHD-5RT7YB4,12/3/2025 7:14,Microsoft-Windows-Kernel-Boot/Operational,12/3/2025 8:06,292,Microsoft-Windows-Kernel-Boot,Error,Failed to update the SBAT value in FW.
CPHD-5RT7YB4,12/3/2025 7:14,System,12/3/2025 8:07,6005,EventLog,Information,The Event log service was started.
CPHD-5RT7YB4,12/3/2025 7:14,System,12/3/2025 8:07,12,Microsoft-Windows-UserModePowerService,Information,Process C:\Windows\System32\DriverStore\FileRepository\ipf_cpu.inf_amd64_049e38a37c46edc4\ipf_uf.exe (process ID:3796) reset policy scheme from {07084296-1ee0-4afa-bf25-f667953ec23a} to {07084296-1ee0-4afa-bf25-f667953ec23a}
CPHD-5RT7YB4,12/3/2025 7:14,System,12/3/2025 8:07,12,Microsoft-Windows-UserModePowerService,Information,Process C:\Windows\System32\DriverStore\FileRepository\ipf_cpu.inf_amd64_049e38a37c46edc4\ipf_uf.exe (process ID:3796) reset policy scheme from {07084296-1ee0-4afa-bf25-f667953ec23a} to {07084296-1ee0-4afa-bf25-f667953ec23a}
CPHD-5RT7YB4,12/3/2025 7:14,System,12/3/2025 8:19,1074,User32,Information,The process C:\Windows\system32\winlogon.exe (CPHD-5RT7YB4) has initiated the power off of computer CPHD-5RT7YB4 on behalf of user NT AUTHORITY\SYSTEM for the following reason: No title for this reason could be found Reason Code: 0x500ff Shutdown Type: power off Comment:
CPHD-5RT7YB4,12/3/2025 7:14,System,12/3/2025 8:20,6006,EventLog,Information,The Event log service was stopped.
CPHD-5RT7YB4,12/3/2025 7:14,System,12/3/2025 8:20,13,Microsoft-Windows-Kernel-General,Information,The operating system is shutting down at system time ‎2025‎-‎12‎-‎03T07:20:06.004324400Z.
CPHD-5RT7YB4,12/3/2025 7:14,System,12/3/2025 8:21,12,Microsoft-Windows-Kernel-General,Information,The operating system started at system time ‎2025‎-‎12‎-‎03T07:21:35.500000000Z.
CPHD-5RT7YB4,12/3/2025 7:14,Microsoft-Windows-Kernel-Boot/Operational,12/3/2025 8:21,292,Microsoft-Windows-Kernel-Boot,Error,Failed to update the SBAT value in FW.
CPHD-5RT7YB4,12/3/2025 7:14,System,12/3/2025 8:22,6005,EventLog,Information,The Event log service was started.
CPHD-5RT7YB4,12/3/2025 7:14,System,12/3/2025 8:22,12,Microsoft-Windows-UserModePowerService,Information,Process C:\Windows\System32\DriverStore\FileRepository\ipf_cpu.inf_amd64_049e38a37c46edc4\ipf_uf.exe (process ID:3876) reset policy scheme from {07084296-1ee0-4afa-bf25-f667953ec23a} to {07084296-1ee0-4afa-bf25-f667953ec23a}
CPHD-5RT7YB4,12/3/2025 7:14,System,12/3/2025 8:22,12,Microsoft-Windows-UserModePowerService,Information,Process C:\Windows\System32\DriverStore\FileRepository\ipf_cpu.inf_amd64_049e38a37c46edc4\ipf_uf.exe (process ID:3876) reset policy scheme from {07084296-1ee0-4afa-bf25-f667953ec23a} to {07084296-1ee0-4afa-bf25-f667953ec23a}
CPHD-5RT7YB4,12/3/2025 7:15,Microsoft-Windows-WindowsUpdateClient/Operational,12/3/2025 7:02,41,Microsoft-Windows-WindowsUpdateClient,Information,An update was downloaded.
CPHD-5RT7YB4,12/3/2025 7:15,System,12/3/2025 7:14,1074,User32,Information,The process C:\Windows\system32\winlogon.exe (CPHD-5RT7YB4) has initiated the power off of computer CPHD-5RT7YB4 on behalf of user NT AUTHORITY\SYSTEM for the following reason: No title for this reason could be found Reason Code: 0x500ff Shutdown Type: power off Comment:
CPHD-5RT7YB4,12/3/2025 7:15,System,12/3/2025 7:14,6006,EventLog,Information,The Event log service was stopped.
CPHD-5RT7YB4,12/3/2025 7:15,System,12/3/2025 7:15,13,Microsoft-Windows-Kernel-General,Information,The operating system is shutting down at system time ‎2025‎-‎12‎-‎03T06:15:04.381795200Z.
CPHD-5RT7YB4,12/3/2025 7:15,System,12/3/2025 7:42,12,Microsoft-Windows-Kernel-General,Information,The operating system started at system time ‎2025‎-‎12‎-‎03T06:42:21.500000000Z.
CPHD-5RT7YB4,12/3/2025 7:15,Microsoft-Windows-Kernel-Boot/Operational,12/3/2025 7:42,292,Microsoft-Windows-Kernel-Boot,Error,Failed to update the SBAT value in FW.
CPHD-5RT7YB4,12/3/2025 7:15,System,12/3/2025 7:42,6005,EventLog,Information,The Event log service was started.
CPHD-5RT7YB4,12/3/2025 7:15,System,12/3/2025 7:42,12,Microsoft-Windows-UserModePowerService,Information,Process C:\Windows\System32\DriverStore\FileRepository\ipf_cpu.inf_amd64_049e38a37c46edc4\ipf_uf.exe (process ID:3708) reset policy scheme from {07084296-1ee0-4afa-bf25-f667953ec23a} to {07084296-1ee0-4afa-bf25-f667953ec23a}
CPHD-5RT7YB4,12/3/2025 7:15,System,12/3/2025 7:42,12,Microsoft-Windows-UserModePowerService,Information,Process C:\Windows\System32\DriverStore\FileRepository\ipf_cpu.inf_amd64_049e38a37c46edc4\ipf_uf.exe (process ID:3708) reset policy scheme from {07084296-1ee0-4afa-bf25-f667953ec23a} to {07084296-1ee0-4afa-bf25-f667953ec23a}
CPHD-5RT7YB4,12/3/2025 7:15,System,12/3/2025 8:03,1074,User32,Information,The process C:\Windows\system32\winlogon.exe (CPHD-5RT7YB4) has initiated the power off of computer CPHD-5RT7YB4 on behalf of user NT AUTHORITY\SYSTEM for the following reason: No title for this reason could be found Reason Code: 0x500ff Shutdown Type: power off Comment:
CPHD-5RT7YB4,12/3/2025 7:15,System,12/3/2025 8:03,6006,EventLog,Information,The Event log service was stopped.
CPHD-5RT7YB4,12/3/2025 7:15,System,12/3/2025 8:04,13,Microsoft-Windows-Kernel-General,Information,The operating system is shutting down at system time ‎2025‎-‎12‎-‎03T07:04:01.384438800Z.
CPHD-5RT7YB4,12/3/2025 7:15,System,12/3/2025 8:06,12,Microsoft-Windows-Kernel-General,Information,The operating system started at system time ‎2025‎-‎12‎-‎03T07:06:47.500000000Z.
CPHD-5RT7YB4,12/3/2025 7:15,Microsoft-Windows-Kernel-Boot/Operational,12/3/2025 8:06,292,Microsoft-Windows-Kernel-Boot,Error,Failed to update the SBAT value in FW.
CPHD-5RT7YB4,12/3/2025 7:15,System,12/3/2025 8:07,6005,EventLog,Information,The Event log service was started.
CPHD-5RT7YB4,12/3/2025 7:15,System,12/3/2025 8:07,12,Microsoft-Windows-UserModePowerService,Information,Process C:\Windows\System32\DriverStore\FileRepository\ipf_cpu.inf_amd64_049e38a37c46edc4\ipf_uf.exe (process ID:3796) reset policy scheme from {07084296-1ee0-4afa-bf25-f667953ec23a} to {07084296-1ee0-4afa-bf25-f667953ec23a}
CPHD-5RT7YB4,12/3/2025 7:15,System,12/3/2025 8:07,12,Microsoft-Windows-UserModePowerService,Information,Process C:\Windows\System32\DriverStore\FileRepository\ipf_cpu.inf_amd64_049e38a37c46edc4\ipf_uf.exe (process ID:3796) reset policy scheme from {07084296-1ee0-4afa-bf25-f667953ec23a} to {07084296-1ee0-4afa-bf25-f667953ec23a}
CPHD-5RT7YB4,12/3/2025 7:15,System,12/3/2025 8:19,1074,User32,Information,The process C:\Windows\system32\winlogon.exe (CPHD-5RT7YB4) has initiated the power off of computer CPHD-5RT7YB4 on behalf of user NT AUTHORITY\SYSTEM for the following reason: No title for this reason could be found Reason Code: 0x500ff Shutdown Type: power off Comment:
CPHD-5RT7YB4,12/3/2025 7:15,System,12/3/2025 8:20,6006,EventLog,Information,The Event log service was stopped.
CPHD-5RT7YB4,12/3/2025 7:15,System,12/3/2025 8:20,13,Microsoft-Windows-Kernel-General,Information,The operating system is shutting down at system time ‎2025‎-‎12‎-‎03T07:20:06.004324400Z.
CPHD-5RT7YB4,12/3/2025 7:15,System,12/3/2025 8:21,12,Microsoft-Windows-Kernel-General,Information,The operating system started at system time ‎2025‎-‎12‎-‎03T07:21:35.500000000Z.
CPHD-5RT7YB4,12/3/2025 7:15,Microsoft-Windows-Kernel-Boot/Operational,12/3/2025 8:21,292,Microsoft-Windows-Kernel-Boot,Error,Failed to update the SBAT value in FW.
CPHD-5RT7YB4,12/3/2025 7:15,System,12/3/2025 8:22,6005,EventLog,Information,The Event log service was started.
CPHD-5RT7YB4,12/3/2025 7:15,System,12/3/2025 8:22,12,Microsoft-Windows-UserModePowerService,Information,Process C:\Windows\System32\DriverStore\FileRepository\ipf_cpu.inf_amd64_049e38a37c46edc4\ipf_uf.exe (process ID:3876) reset policy scheme from {07084296-1ee0-4afa-bf25-f667953ec23a} to {07084296-1ee0-4afa-bf25-f667953ec23a}
CPHD-5RT7YB4,12/3/2025 7:15,System,12/3/2025 8:22,12,Microsoft-Windows-UserModePowerService,Information,Process C:\Windows\System32\DriverStore\FileRepository\ipf_cpu.inf_amd64_049e38a37c46edc4\ipf_uf.exe (process ID:3876) reset policy scheme from {07084296-1ee0-4afa-bf25-f667953ec23a} to {07084296-1ee0-4afa-bf25-f667953ec23a}
CPHD-5RT7YB4,12/3/2025 8:03,Microsoft-Windows-WindowsUpdateClient/Operational,12/3/2025 7:02,41,Microsoft-Windows-WindowsUpdateClient,Information,An update was downloaded.
CPHD-5RT7YB4,12/3/2025 8:03,System,12/3/2025 7:14,1074,User32,Information,The process C:\Windows\system32\winlogon.exe (CPHD-5RT7YB4) has initiated the power off of computer CPHD-5RT7YB4 on behalf of user NT AUTHORITY\SYSTEM for the following reason: No title for this reason could be found Reason Code: 0x500ff Shutdown Type: power off Comment:
CPHD-5RT7YB4,12/3/2025 8:03,System,12/3/2025 7:14,6006,EventLog,Information,The Event log service was stopped.
CPHD-5RT7YB4,12/3/2025 8:03,System,12/3/2025 7:15,13,Microsoft-Windows-Kernel-General,Information,The operating system is shutting down at system time ‎2025‎-‎12‎-‎03T06:15:04.381795200Z.
CPHD-5RT7YB4,12/3/2025 8:03,System,12/3/2025 7:42,12,Microsoft-Windows-Kernel-General,Information,The operating system started at system time ‎2025‎-‎12‎-‎03T06:42:21.500000000Z.
CPHD-5RT7YB4,12/3/2025 8:03,Microsoft-Windows-Kernel-Boot/Operational,12/3/2025 7:42,292,Microsoft-Windows-Kernel-Boot,Error,Failed to update the SBAT value in FW.
CPHD-5RT7YB4,12/3/2025 8:03,System,12/3/2025 7:42,6005,EventLog,Information,The Event log service was started.
CPHD-5RT7YB4,12/3/2025 8:03,System,12/3/2025 7:42,12,Microsoft-Windows-UserModePowerService,Information,Process C:\Windows\System32\DriverStore\FileRepository\ipf_cpu.inf_amd64_049e38a37c46edc4\ipf_uf.exe (process ID:3708) reset policy scheme from {07084296-1ee0-4afa-bf25-f667953ec23a} to {07084296-1ee0-4afa-bf25-f667953ec23a}
CPHD-5RT7YB4,12/3/2025 8:03,System,12/3/2025 7:42,12,Microsoft-Windows-UserModePowerService,Information,Process C:\Windows\System32\DriverStore\FileRepository\ipf_cpu.inf_amd64_049e38a37c46edc4\ipf_uf.exe (process ID:3708) reset policy scheme from {07084296-1ee0-4afa-bf25-f667953ec23a} to {07084296-1ee0-4afa-bf25-f667953ec23a}
CPHD-5RT7YB4,12/3/2025 8:03,System,12/3/2025 8:03,1074,User32,Information,The process C:\Windows\system32\winlogon.exe (CPHD-5RT7YB4) has initiated the power off of computer CPHD-5RT7YB4 on behalf of user NT AUTHORITY\SYSTEM for the following reason: No title for this reason could be found Reason Code: 0x500ff Shutdown Type: power off Comment:
CPHD-5RT7YB4,12/3/2025 8:03,System,12/3/2025 8:03,6006,EventLog,Information,The Event log service was stopped.
CPHD-5RT7YB4,12/3/2025 8:03,System,12/3/2025 8:04,13,Microsoft-Windows-Kernel-General,Information,The operating system is shutting down at system time ‎2025‎-‎12‎-‎03T07:04:01.384438800Z.
CPHD-5RT7YB4,12/3/2025 8:03,System,12/3/2025 8:06,12,Microsoft-Windows-Kernel-General,Information,The operating system started at system time ‎2025‎-‎12‎-‎03T07:06:47.500000000Z.
CPHD-5RT7YB4,12/3/2025 8:03,Microsoft-Windows-Kernel-Boot/Operational,12/3/2025 8:06,292,Microsoft-Windows-Kernel-Boot,Error,Failed to update the SBAT value in FW.
CPHD-5RT7YB4,12/3/2025 8:03,System,12/3/2025 8:07,6005,EventLog,Information,The Event log service was started.
CPHD-5RT7YB4,12/3/2025 8:03,System,12/3/2025 8:07,12,Microsoft-Windows-UserModePowerService,Information,Process C:\Windows\System32\DriverStore\FileRepository\ipf_cpu.inf_amd64_049e38a37c46edc4\ipf_uf.exe (process ID:3796) reset policy scheme from {07084296-1ee0-4afa-bf25-f667953ec23a} to {07084296-1ee0-4afa-bf25-f667953ec23a}
CPHD-5RT7YB4,12/3/2025 8:03,System,12/3/2025 8:07,12,Microsoft-Windows-UserModePowerService,Information,Process C:\Windows\System32\DriverStore\FileRepository\ipf_cpu.inf_amd64_049e38a37c46edc4\ipf_uf.exe (process ID:3796) reset policy scheme from {07084296-1ee0-4afa-bf25-f667953ec23a} to {07084296-1ee0-4afa-bf25-f667953ec23a}
CPHD-5RT7YB4,12/3/2025 8:03,System,12/3/2025 8:19,1074,User32,Information,The process C:\Windows\system32\winlogon.exe (CPHD-5RT7YB4) has initiated the power off of computer CPHD-5RT7YB4 on behalf of user NT AUTHORITY\SYSTEM for the following reason: No title for this reason could be found Reason Code: 0x500ff Shutdown Type: power off Comment:
CPHD-5RT7YB4,12/3/2025 8:03,System,12/3/2025 8:20,6006,EventLog,Information,The Event log service was stopped.
CPHD-5RT7YB4,12/3/2025 8:03,System,12/3/2025 8:20,13,Microsoft-Windows-Kernel-General,Information,The operating system is shutting down at system time ‎2025‎-‎12‎-‎03T07:20:06.004324400Z.
CPHD-5RT7YB4,12/3/2025 8:03,System,12/3/2025 8:21,12,Microsoft-Windows-Kernel-General,Information,The operating system started at system time ‎2025‎-‎12‎-‎03T07:21:35.500000000Z.
CPHD-5RT7YB4,12/3/2025 8:03,Microsoft-Windows-Kernel-Boot/Operational,12/3/2025 8:21,292,Microsoft-Windows-Kernel-Boot,Error,Failed to update the SBAT value in FW.
CPHD-5RT7YB4,12/3/2025 8:03,System,12/3/2025 8:22,6005,EventLog,Information,The Event log service was started.
CPHD-5RT7YB4,12/3/2025 8:03,System,12/3/2025 8:22,12,Microsoft-Windows-UserModePowerService,Information,Process C:\Windows\System32\DriverStore\FileRepository\ipf_cpu.inf_amd64_049e38a37c46edc4\ipf_uf.exe (process ID:3876) reset policy scheme from {07084296-1ee0-4afa-bf25-f667953ec23a} to {07084296-1ee0-4afa-bf25-f667953ec23a}
CPHD-5RT7YB4,12/3/2025 8:03,System,12/3/2025 8:22,12,Microsoft-Windows-UserModePowerService,Information,Process C:\Windows\System32\DriverStore\FileRepository\ipf_cpu.inf_amd64_049e38a37c46edc4\ipf_uf.exe (process ID:3876) reset policy scheme from {07084296-1ee0-4afa-bf25-f667953ec23a} to {07084296-1ee0-4afa-bf25-f667953ec23a}
CPHD-5RT7YB4,12/3/2025 8:04,Microsoft-Windows-WindowsUpdateClient/Operational,12/3/2025 7:02,41,Microsoft-Windows-WindowsUpdateClient,Information,An update was downloaded.
CPHD-5RT7YB4,12/3/2025 8:04,System,12/3/2025 7:14,1074,User32,Information,The process C:\Windows\system32\winlogon.exe (CPHD-5RT7YB4) has initiated the power off of computer CPHD-5RT7YB4 on behalf of user NT AUTHORITY\SYSTEM for the following reason: No title for this reason could be found Reason Code: 0x500ff Shutdown Type: power off Comment:
CPHD-5RT7YB4,12/3/2025 8:04,System,12/3/2025 7:14,6006,EventLog,Information,The Event log service was stopped.
CPHD-5RT7YB4,12/3/2025 8:04,System,12/3/2025 7:15,13,Microsoft-Windows-Kernel-General,Information,The operating system is shutting down at system time ‎2025‎-‎12‎-‎03T06:15:04.381795200Z.
CPHD-5RT7YB4,12/3/2025 8:04,System,12/3/2025 7:42,12,Microsoft-Windows-Kernel-General,Information,The operating system started at system time ‎2025‎-‎12‎-‎03T06:42:21.500000000Z.
CPHD-5RT7YB4,12/3/2025 8:04,Microsoft-Windows-Kernel-Boot/Operational,12/3/2025 7:42,292,Microsoft-Windows-Kernel-Boot,Error,Failed to update the SBAT value in FW.
CPHD-5RT7YB4,12/3/2025 8:04,System,12/3/2025 7:42,6005,EventLog,Information,The Event log service was started.
CPHD-5RT7YB4,12/3/2025 8:04,System,12/3/2025 7:42,12,Microsoft-Windows-UserModePowerService,Information,Process C:\Windows\System32\DriverStore\FileRepository\ipf_cpu.inf_amd64_049e38a37c46edc4\ipf_uf.exe (process ID:3708) reset policy scheme from {07084296-1ee0-4afa-bf25-f667953ec23a} to {07084296-1ee0-4afa-bf25-f667953ec23a}
CPHD-5RT7YB4,12/3/2025 8:04,System,12/3/2025 7:42,12,Microsoft-Windows-UserModePowerService,Information,Process C:\Windows\System32\DriverStore\FileRepository\ipf_cpu.inf_amd64_049e38a37c46edc4\ipf_uf.exe (process ID:3708) reset policy scheme from {07084296-1ee0-4afa-bf25-f667953ec23a} to {07084296-1ee0-4afa-bf25-f667953ec23a}
CPHD-5RT7YB4,12/3/2025 8:04,System,12/3/2025 8:03,1074,User32,Information,The process C:\Windows\system32\winlogon.exe (CPHD-5RT7YB4) has initiated the power off of computer CPHD-5RT7YB4 on behalf of user NT AUTHORITY\SYSTEM for the following reason: No title for this reason could be found Reason Code: 0x500ff Shutdown Type: power off Comment:
CPHD-5RT7YB4,12/3/2025 8:04,System,12/3/2025 8:03,6006,EventLog,Information,The Event log service was stopped.
CPHD-5RT7YB4,12/3/2025 8:04,System,12/3/2025 8:04,13,Microsoft-Windows-Kernel-General,Information,The operating system is shutting down at system time ‎2025‎-‎12‎-‎03T07:04:01.384438800Z.
CPHD-5RT7YB4,12/3/2025 8:04,System,12/3/2025 8:06,12,Microsoft-Windows-Kernel-General,Information,The operating system started at system time ‎2025‎-‎12‎-‎03T07:06:47.500000000Z.
CPHD-5RT7YB4,12/3/2025 8:04,Microsoft-Windows-Kernel-Boot/Operational,12/3/2025 8:06,292,Microsoft-Windows-Kernel-Boot,Error,Failed to update the SBAT value in FW.
CPHD-5RT7YB4,12/3/2025 8:04,System,12/3/2025 8:07,6005,EventLog,Information,The Event log service was started.
CPHD-5RT7YB4,12/3/2025 8:04,System,12/3/2025 8:07,12,Microsoft-Windows-UserModePowerService,Information,Process C:\Windows\System32\DriverStore\FileRepository\ipf_cpu.inf_amd64_049e38a37c46edc4\ipf_uf.exe (process ID:3796) reset policy scheme from {07084296-1ee0-4afa-bf25-f667953ec23a} to {07084296-1ee0-4afa-bf25-f667953ec23a}
CPHD-5RT7YB4,12/3/2025 8:04,System,12/3/2025 8:07,12,Microsoft-Windows-UserModePowerService,Information,Process C:\Windows\System32\DriverStore\FileRepository\ipf_cpu.inf_amd64_049e38a37c46edc4\ipf_uf.exe (process ID:3796) reset policy scheme from {07084296-1ee0-4afa-bf25-f667953ec23a} to {07084296-1ee0-4afa-bf25-f667953ec23a}
CPHD-5RT7YB4,12/3/2025 8:04,System,12/3/2025 8:19,1074,User32,Information,The process C:\Windows\system32\winlogon.exe (CPHD-5RT7YB4) has initiated the power off of computer CPHD-5RT7YB4 on behalf of user NT AUTHORITY\SYSTEM for the following reason: No title for this reason could be found Reason Code: 0x500ff Shutdown Type: power off Comment:
CPHD-5RT7YB4,12/3/2025 8:04,System,12/3/2025 8:20,6006,EventLog,Information,The Event log service was stopped.
CPHD-5RT7YB4,12/3/2025 8:04,System,12/3/2025 8:20,13,Microsoft-Windows-Kernel-General,Information,The operating system is shutting down at system time ‎2025‎-‎12‎-‎03T07:20:06.004324400Z.
CPHD-5RT7YB4,12/3/2025 8:04,System,12/3/2025 8:21,12,Microsoft-Windows-Kernel-General,Information,The operating system started at system time ‎2025‎-‎12‎-‎03T07:21:35.500000000Z.
CPHD-5RT7YB4,12/3/2025 8:04,Microsoft-Windows-Kernel-Boot/Operational,12/3/2025 8:21,292,Microsoft-Windows-Kernel-Boot,Error,Failed to update the SBAT value in FW.
CPHD-5RT7YB4,12/3/2025 8:04,System,12/3/2025 8:22,6005,EventLog,Information,The Event log service was started.
CPHD-5RT7YB4,12/3/2025 8:04,System,12/3/2025 8:22,12,Microsoft-Windows-UserModePowerService,Information,Process C:\Windows\System32\DriverStore\FileRepository\ipf_cpu.inf_amd64_049e38a37c46edc4\ipf_uf.exe (process ID:3876) reset policy scheme from {07084296-1ee0-4afa-bf25-f667953ec23a} to {07084296-1ee0-4afa-bf25-f667953ec23a}
CPHD-5RT7YB4,12/3/2025 8:04,System,12/3/2025 8:22,12,Microsoft-Windows-UserModePowerService,Information,Process C:\Windows\System32\DriverStore\FileRepository\ipf_cpu.inf_amd64_049e38a37c46edc4\ipf_uf.exe (process ID:3876) reset policy scheme from {07084296-1ee0-4afa-bf25-f667953ec23a} to {07084296-1ee0-4afa-bf25-f667953ec23a}
CPHD-5RT7YB4,12/3/2025 8:20,Microsoft-Windows-WindowsUpdateClient/Operational,12/3/2025 7:02,41,Microsoft-Windows-WindowsUpdateClient,Information,An update was downloaded.
CPHD-5RT7YB4,12/3/2025 8:20,System,12/3/2025 7:14,1074,User32,Information,The process C:\Windows\system32\winlogon.exe (CPHD-5RT7YB4) has initiated the power off of computer CPHD-5RT7YB4 on behalf of user NT AUTHORITY\SYSTEM for the following reason: No title for this reason could be found Reason Code: 0x500ff Shutdown Type: power off Comment:
CPHD-5RT7YB4,12/3/2025 8:20,System,12/3/2025 7:14,6006,EventLog,Information,The Event log service was stopped.
CPHD-5RT7YB4,12/3/2025 8:20,System,12/3/2025 7:15,13,Microsoft-Windows-Kernel-General,Information,The operating system is shutting down at system time ‎2025‎-‎12‎-‎03T06:15:04.381795200Z.
CPHD-5RT7YB4,12/3/2025 8:20,System,12/3/2025 7:42,12,Microsoft-Windows-Kernel-General,Information,The operating system started at system time ‎2025‎-‎12‎-‎03T06:42:21.500000000Z.
CPHD-5RT7YB4,12/3/2025 8:20,Microsoft-Windows-Kernel-Boot/Operational,12/3/2025 7:42,292,Microsoft-Windows-Kernel-Boot,Error,Failed to update the SBAT value in FW.
CPHD-5RT7YB4,12/3/2025 8:20,System,12/3/2025 7:42,6005,EventLog,Information,The Event log service was started.
CPHD-5RT7YB4,12/3/2025 8:20,System,12/3/2025 7:42,12,Microsoft-Windows-UserModePowerService,Information,Process C:\Windows\System32\DriverStore\FileRepository\ipf_cpu.inf_amd64_049e38a37c46edc4\ipf_uf.exe (process ID:3708) reset policy scheme from {07084296-1ee0-4afa-bf25-f667953ec23a} to {07084296-1ee0-4afa-bf25-f667953ec23a}
CPHD-5RT7YB4,12/3/2025 8:20,System,12/3/2025 7:42,12,Microsoft-Windows-UserModePowerService,Information,Process C:\Windows\System32\DriverStore\FileRepository\ipf_cpu.inf_amd64_049e38a37c46edc4\ipf_uf.exe (process ID:3708) reset policy scheme from {07084296-1ee0-4afa-bf25-f667953ec23a} to {07084296-1ee0-4afa-bf25-f667953ec23a}
CPHD-5RT7YB4,12/3/2025 8:20,System,12/3/2025 8:03,1074,User32,Information,The process C:\Windows\system32\winlogon.exe (CPHD-5RT7YB4) has initiated the power off of computer CPHD-5RT7YB4 on behalf of user NT AUTHORITY\SYSTEM for the following reason: No title for this reason could be found Reason Code: 0x500ff Shutdown Type: power off Comment:
CPHD-5RT7YB4,12/3/2025 8:20,System,12/3/2025 8:03,6006,EventLog,Information,The Event log service was stopped.
CPHD-5RT7YB4,12/3/2025 8:20,System,12/3/2025 8:04,13,Microsoft-Windows-Kernel-General,Information,The operating system is shutting down at system time ‎2025‎-‎12‎-‎03T07:04:01.384438800Z.
CPHD-5RT7YB4,12/3/2025 8:20,System,12/3/2025 8:06,12,Microsoft-Windows-Kernel-General,Information,The operating system started at system time ‎2025‎-‎12‎-‎03T07:06:47.500000000Z.
CPHD-5RT7YB4,12/3/2025 8:20,Microsoft-Windows-Kernel-Boot/Operational,12/3/2025 8:06,292,Microsoft-Windows-Kernel-Boot,Error,Failed to update the SBAT value in FW.
CPHD-5RT7YB4,12/3/2025 8:20,System,12/3/2025 8:07,6005,EventLog,Information,The Event log service was started.
CPHD-5RT7YB4,12/3/2025 8:20,System,12/3/2025 8:07,12,Microsoft-Windows-UserModePowerService,Information,Process C:\Windows\System32\DriverStore\FileRepository\ipf_cpu.inf_amd64_049e38a37c46edc4\ipf_uf.exe (process ID:3796) reset policy scheme from {07084296-1ee0-4afa-bf25-f667953ec23a} to {07084296-1ee0-4afa-bf25-f667953ec23a}
CPHD-5RT7YB4,12/3/2025 8:20,System,12/3/2025 8:07,12,Microsoft-Windows-UserModePowerService,Information,Process C:\Windows\System32\DriverStore\FileRepository\ipf_cpu.inf_amd64_049e38a37c46edc4\ipf_uf.exe (process ID:3796) reset policy scheme from {07084296-1ee0-4afa-bf25-f667953ec23a} to {07084296-1ee0-4afa-bf25-f667953ec23a}
CPHD-5RT7YB4,12/3/2025 8:20,System,12/3/2025 8:19,1074,User32,Information,The process C:\Windows\system32\winlogon.exe (CPHD-5RT7YB4) has initiated the power off of computer CPHD-5RT7YB4 on behalf of user NT AUTHORITY\SYSTEM for the following reason: No title for this reason could be found Reason Code: 0x500ff Shutdown Type: power off Comment:
CPHD-5RT7YB4,12/3/2025 8:20,System,12/3/2025 8:20,6006,EventLog,Information,The Event log service was stopped.
CPHD-5RT7YB4,12/3/2025 8:20,System,12/3/2025 8:20,13,Microsoft-Windows-Kernel-General,Information,The operating system is shutting down at system time ‎2025‎-‎12‎-‎03T07:20:06.004324400Z.
CPHD-5RT7YB4,12/3/2025 8:20,System,12/3/2025 8:21,12,Microsoft-Windows-Kernel-General,Information,The operating system started at system time ‎2025‎-‎12‎-‎03T07:21:35.500000000Z.
CPHD-5RT7YB4,12/3/2025 8:20,Microsoft-Windows-Kernel-Boot/Operational,12/3/2025 8:21,292,Microsoft-Windows-Kernel-Boot,Error,Failed to update the SBAT value in FW.
CPHD-5RT7YB4,12/3/2025 8:20,System,12/3/2025 8:22,6005,EventLog,Information,The Event log service was started.
CPHD-5RT7YB4,12/3/2025 8:20,System,12/3/2025 8:22,12,Microsoft-Windows-UserModePowerService,Information,Process C:\Windows\System32\DriverStore\FileRepository\ipf_cpu.inf_amd64_049e38a37c46edc4\ipf_uf.exe (process ID:3876) reset policy scheme from {07084296-1ee0-4afa-bf25-f667953ec23a} to {07084296-1ee0-4afa-bf25-f667953ec23a}
CPHD-5RT7YB4,12/3/2025 8:20,System,12/3/2025 8:22,12,Microsoft-Windows-UserModePowerService,Information,Process C:\Windows\System32\DriverStore\FileRepository\ipf_cpu.inf_amd64_049e38a37c46edc4\ipf_uf.exe (process ID:3876) reset policy scheme from {07084296-1ee0-4afa-bf25-f667953ec23a} to {07084296-1ee0-4afa-bf25-f667953ec23a}
CPHD-5RT7YB4,12/3/2025 8:20,Microsoft-Windows-WindowsUpdateClient/Operational,12/3/2025 7:02,41,Microsoft-Windows-WindowsUpdateClient,Information,An update was downloaded.
CPHD-5RT7YB4,12/3/2025 8:20,System,12/3/2025 7:14,1074,User32,Information,The process C:\Windows\system32\winlogon.exe (CPHD-5RT7YB4) has initiated the power off of computer CPHD-5RT7YB4 on behalf of user NT AUTHORITY\SYSTEM for the following reason: No title for this reason could be found Reason Code: 0x500ff Shutdown Type: power off Comment:
CPHD-5RT7YB4,12/3/2025 8:20,System,12/3/2025 7:14,6006,EventLog,Information,The Event log service was stopped.
CPHD-5RT7YB4,12/3/2025 8:20,System,12/3/2025 7:15,13,Microsoft-Windows-Kernel-General,Information,The operating system is shutting down at system time ‎2025‎-‎12‎-‎03T06:15:04.381795200Z.
CPHD-5RT7YB4,12/3/2025 8:20,System,12/3/2025 7:42,12,Microsoft-Windows-Kernel-General,Information,The operating system started at system time ‎2025‎-‎12‎-‎03T06:42:21.500000000Z.
CPHD-5RT7YB4,12/3/2025 8:20,Microsoft-Windows-Kernel-Boot/Operational,12/3/2025 7:42,292,Microsoft-Windows-Kernel-Boot,Error,Failed to update the SBAT value in FW.
CPHD-5RT7YB4,12/3/2025 8:20,System,12/3/2025 7:42,6005,EventLog,Information,The Event log service was started.
CPHD-5RT7YB4,12/3/2025 8:20,System,12/3/2025 7:42,12,Microsoft-Windows-UserModePowerService,Information,Process C:\Windows\System32\DriverStore\FileRepository\ipf_cpu.inf_amd64_049e38a37c46edc4\ipf_uf.exe (process ID:3708) reset policy scheme from {07084296-1ee0-4afa-bf25-f667953ec23a} to {07084296-1ee0-4afa-bf25-f667953ec23a}
CPHD-5RT7YB4,12/3/2025 8:20,System,12/3/2025 7:42,12,Microsoft-Windows-UserModePowerService,Information,Process C:\Windows\System32\DriverStore\FileRepository\ipf_cpu.inf_amd64_049e38a37c46edc4\ipf_uf.exe (process ID:3708) reset policy scheme from {07084296-1ee0-4afa-bf25-f667953ec23a} to {07084296-1ee0-4afa-bf25-f667953ec23a}
CPHD-5RT7YB4,12/3/2025 8:20,System,12/3/2025 8:03,1074,User32,Information,The process C:\Windows\system32\winlogon.exe (CPHD-5RT7YB4) has initiated the power off of computer CPHD-5RT7YB4 on behalf of user NT AUTHORITY\SYSTEM for the following reason: No title for this reason could be found Reason Code: 0x500ff Shutdown Type: power off Comment:
CPHD-5RT7YB4,12/3/2025 8:20,System,12/3/2025 8:03,6006,EventLog,Information,The Event log service was stopped.
CPHD-5RT7YB4,12/3/2025 8:20,System,12/3/2025 8:04,13,Microsoft-Windows-Kernel-General,Information,The operating system is shutting down at system time ‎2025‎-‎12‎-‎03T07:04:01.384438800Z.
CPHD-5RT7YB4,12/3/2025 8:20,System,12/3/2025 8:06,12,Microsoft-Windows-Kernel-General,Information,The operating system started at system time ‎2025‎-‎12‎-‎03T07:06:47.500000000Z.
CPHD-5RT7YB4,12/3/2025 8:20,Microsoft-Windows-Kernel-Boot/Operational,12/3/2025 8:06,292,Microsoft-Windows-Kernel-Boot,Error,Failed to update the SBAT value in FW.
CPHD-5RT7YB4,12/3/2025 8:20,System,12/3/2025 8:07,6005,EventLog,Information,The Event log service was started.
CPHD-5RT7YB4,12/3/2025 8:20,System,12/3/2025 8:07,12,Microsoft-Windows-UserModePowerService,Information,Process C:\Windows\System32\DriverStore\FileRepository\ipf_cpu.inf_amd64_049e38a37c46edc4\ipf_uf.exe (process ID:3796) reset policy scheme from {07084296-1ee0-4afa-bf25-f667953ec23a} to {07084296-1ee0-4afa-bf25-f667953ec23a}
CPHD-5RT7YB4,12/3/2025 8:20,System,12/3/2025 8:07,12,Microsoft-Windows-UserModePowerService,Information,Process C:\Windows\System32\DriverStore\FileRepository\ipf_cpu.inf_amd64_049e38a37c46edc4\ipf_uf.exe (process ID:3796) reset policy scheme from {07084296-1ee0-4afa-bf25-f667953ec23a} to {07084296-1ee0-4afa-bf25-f667953ec23a}
CPHD-5RT7YB4,12/3/2025 8:20,System,12/3/2025 8:19,1074,User32,Information,The process C:\Windows\system32\winlogon.exe (CPHD-5RT7YB4) has initiated the power off of computer CPHD-5RT7YB4 on behalf of user NT AUTHORITY\SYSTEM for the following reason: No title for this reason could be found Reason Code: 0x500ff Shutdown Type: power off Comment:
CPHD-5RT7YB4,12/3/2025 8:20,System,12/3/2025 8:20,6006,EventLog,Information,The Event log service was stopped.
CPHD-5RT7YB4,12/3/2025 8:20,System,12/3/2025 8:20,13,Microsoft-Windows-Kernel-General,Information,The operating system is shutting down at system time ‎2025‎-‎12‎-‎03T07:20:06.004324400Z.
CPHD-5RT7YB4,12/3/2025 8:20,System,12/3/2025 8:21,12,Microsoft-Windows-Kernel-General,Information,The operating system started at system time ‎2025‎-‎12‎-‎03T07:21:35.500000000Z.
CPHD-5RT7YB4,12/3/2025 8:20,Microsoft-Windows-Kernel-Boot/Operational,12/3/2025 8:21,292,Microsoft-Windows-Kernel-Boot,Error,Failed to update the SBAT value in FW.
CPHD-5RT7YB4,12/3/2025 8:20,System,12/3/2025 8:22,6005,EventLog,Information,The Event log service was started.
CPHD-5RT7YB4,12/3/2025 8:20,System,12/3/2025 8:22,12,Microsoft-Windows-UserModePowerService,Information,Process C:\Windows\System32\DriverStore\FileRepository\ipf_cpu.inf_amd64_049e38a37c46edc4\ipf_uf.exe (process ID:3876) reset policy scheme from {07084296-1ee0-4afa-bf25-f667953ec23a} to {07084296-1ee0-4afa-bf25-f667953ec23a}
CPHD-5RT7YB4,12/3/2025 8:20,System,12/3/2025 8:22,12,Microsoft-Windows-UserModePowerService,Information,Process C:\Windows\System32\DriverStore\FileRepository\ipf_cpu.inf_amd64_049e38a37c46edc4\ipf_uf.exe (process ID:3876) reset policy scheme from {07084296-1ee0-4afa-bf25-f667953ec23a} to {07084296-1ee0-4afa-bf25-f667953ec23a}
CPHD-5RT7YB4,12/4/2025 9:02,System,12/4/2025 9:02,1074,User32,Information,The process C:\Windows\system32\winlogon.exe (CPHD-5RT7YB4) has initiated the power off of computer CPHD-5RT7YB4 on behalf of user NT AUTHORITY\SYSTEM for the following reason: No title for this reason could be found Reason Code: 0x500ff Shutdown Type: power off Comment:
CPHD-5RT7YB4,12/4/2025 9:02,System,12/4/2025 9:02,6006,EventLog,Information,The Event log service was stopped.
CPHD-5RT7YB4,12/4/2025 9:02,System,12/4/2025 9:02,13,Microsoft-Windows-Kernel-General,Information,The operating system is shutting down at system time ‎2025‎-‎12‎-‎04T08:02:34.072582800Z.
CPHD-5RT7YB4,12/4/2025 9:02,System,12/4/2025 9:24,12,Microsoft-Windows-Kernel-General,Information,The operating system started at system time ‎2025‎-‎12‎-‎04T08:24:31.500000000Z.
CPHD-5RT7YB4,12/4/2025 9:02,Microsoft-Windows-Kernel-Boot/Operational,12/4/2025 9:24,292,Microsoft-Windows-Kernel-Boot,Error,Failed to update the SBAT value in FW.
CPHD-5RT7YB4,12/4/2025 9:02,System,12/4/2025 9:25,6005,EventLog,Information,The Event log service was started.
CPHD-5RT7YB4,12/4/2025 9:02,System,12/4/2025 9:25,12,Microsoft-Windows-UserModePowerService,Information,Process C:\Windows\System32\DriverStore\FileRepository\ipf_cpu.inf_amd64_049e38a37c46edc4\ipf_uf.exe (process ID:3684) reset policy scheme from {07084296-1ee0-4afa-bf25-f667953ec23a} to {07084296-1ee0-4afa-bf25-f667953ec23a}
CPHD-5RT7YB4,12/4/2025 9:02,System,12/4/2025 9:25,12,Microsoft-Windows-UserModePowerService,Information,Process C:\Windows\System32\DriverStore\FileRepository\ipf_cpu.inf_amd64_049e38a37c46edc4\ipf_uf.exe (process ID:3684) reset policy scheme from {07084296-1ee0-4afa-bf25-f667953ec23a} to {07084296-1ee0-4afa-bf25-f667953ec23a}
CPHD-5RT7YB4,12/4/2025 9:02,Microsoft-Windows-WindowsUpdateClient/Operational,12/4/2025 9:53,41,Microsoft-Windows-WindowsUpdateClient,Information,An update was downloaded.
CPHD-5RT7YB4,12/4/2025 9:02,System,12/4/2025 9:02,1074,User32,Information,The process C:\Windows\system32\winlogon.exe (CPHD-5RT7YB4) has initiated the power off of computer CPHD-5RT7YB4 on behalf of user NT AUTHORITY\SYSTEM for the following reason: No title for this reason could be found Reason Code: 0x500ff Shutdown Type: power off Comment:
CPHD-5RT7YB4,12/4/2025 9:02,System,12/4/2025 9:02,6006,EventLog,Information,The Event log service was stopped.
CPHD-5RT7YB4,12/4/2025 9:02,System,12/4/2025 9:02,13,Microsoft-Windows-Kernel-General,Information,The operating system is shutting down at system time ‎2025‎-‎12‎-‎04T08:02:34.072582800Z.
CPHD-5RT7YB4,12/4/2025 9:02,System,12/4/2025 9:24,12,Microsoft-Windows-Kernel-General,Information,The operating system started at system time ‎2025‎-‎12‎-‎04T08:24:31.500000000Z.
CPHD-5RT7YB4,12/4/2025 9:02,Microsoft-Windows-Kernel-Boot/Operational,12/4/2025 9:24,292,Microsoft-Windows-Kernel-Boot,Error,Failed to update the SBAT value in FW.
CPHD-5RT7YB4,12/4/2025 9:02,System,12/4/2025 9:25,6005,EventLog,Information,The Event log service was started.
CPHD-5RT7YB4,12/4/2025 9:02,System,12/4/2025 9:25,12,Microsoft-Windows-UserModePowerService,Information,Process C:\Windows\System32\DriverStore\FileRepository\ipf_cpu.inf_amd64_049e38a37c46edc4\ipf_uf.exe (process ID:3684) reset policy scheme from {07084296-1ee0-4afa-bf25-f667953ec23a} to {07084296-1ee0-4afa-bf25-f667953ec23a}
CPHD-5RT7YB4,12/4/2025 9:02,System,12/4/2025 9:25,12,Microsoft-Windows-UserModePowerService,Information,Process C:\Windows\System32\DriverStore\FileRepository\ipf_cpu.inf_amd64_049e38a37c46edc4\ipf_uf.exe (process ID:3684) reset policy scheme from {07084296-1ee0-4afa-bf25-f667953ec23a} to {07084296-1ee0-4afa-bf25-f667953ec23a}
CPHD-5RT7YB4,12/4/2025 9:02,Microsoft-Windows-WindowsUpdateClient/Operational,12/4/2025 9:53,41,Microsoft-Windows-WindowsUpdateClient,Information,An update was downloaded.
CPHD-5RT7YB4,12/8/2025 8:52,System,12/8/2025 8:52,1074,User32,Information,The process C:\Windows\system32\winlogon.exe (CPHD-5RT7YB4) has initiated the power off of computer CPHD-5RT7YB4 on behalf of user NT AUTHORITY\SYSTEM for the following reason: No title for this reason could be found Reason Code: 0x500ff Shutdown Type: power off Comment:
CPHD-5RT7YB4,12/8/2025 8:52,System,12/8/2025 8:52,6006,EventLog,Information,The Event log service was stopped.
CPHD-5RT7YB4,12/8/2025 8:52,System,12/8/2025 8:52,13,Microsoft-Windows-Kernel-General,Information,The operating system is shutting down at system time ‎2025‎-‎12‎-‎08T07:52:49.882595300Z.
CPHD-5RT7YB4,12/8/2025 8:52,System,12/8/2025 9:09,12,Microsoft-Windows-Kernel-General,Information,The operating system started at system time ‎2025‎-‎12‎-‎08T08:09:56.500000000Z.
CPHD-5RT7YB4,12/8/2025 8:52,Microsoft-Windows-Kernel-Boot/Operational,12/8/2025 9:09,292,Microsoft-Windows-Kernel-Boot,Error,Failed to update the SBAT value in FW.
CPHD-5RT7YB4,12/8/2025 8:52,System,12/8/2025 9:10,6005,EventLog,Information,The Event log service was started.
CPHD-5RT7YB4,12/8/2025 8:52,System,12/8/2025 9:10,12,Microsoft-Windows-UserModePowerService,Information,Process C:\Windows\System32\DriverStore\FileRepository\ipf_cpu.inf_amd64_049e38a37c46edc4\ipf_uf.exe (process ID:3700) reset policy scheme from {07084296-1ee0-4afa-bf25-f667953ec23a} to {07084296-1ee0-4afa-bf25-f667953ec23a}
CPHD-5RT7YB4,12/8/2025 8:52,System,12/8/2025 9:10,12,Microsoft-Windows-UserModePowerService,Information,Process C:\Windows\System32\DriverStore\FileRepository\ipf_cpu.inf_amd64_049e38a37c46edc4\ipf_uf.exe (process ID:3700) reset policy scheme from {07084296-1ee0-4afa-bf25-f667953ec23a} to {07084296-1ee0-4afa-bf25-f667953ec23a}
CPHD-5RT7YB4,12/8/2025 8:52,System,12/8/2025 8:52,1074,User32,Information,The process C:\Windows\system32\winlogon.exe (CPHD-5RT7YB4) has initiated the power off of computer CPHD-5RT7YB4 on behalf of user NT AUTHORITY\SYSTEM for the following reason: No title for this reason could be found Reason Code: 0x500ff Shutdown Type: power off Comment:
CPHD-5RT7YB4,12/8/2025 8:52,System,12/8/2025 8:52,6006,EventLog,Information,The Event log service was stopped.
CPHD-5RT7YB4,12/8/2025 8:52,System,12/8/2025 8:52,13,Microsoft-Windows-Kernel-General,Information,The operating system is shutting down at system time ‎2025‎-‎12‎-‎08T07:52:49.882595300Z.
CPHD-5RT7YB4,12/8/2025 8:52,System,12/8/2025 9:09,12,Microsoft-Windows-Kernel-General,Information,The operating system started at system time ‎2025‎-‎12‎-‎08T08:09:56.500000000Z.
CPHD-5RT7YB4,12/8/2025 8:52,Microsoft-Windows-Kernel-Boot/Operational,12/8/2025 9:09,292,Microsoft-Windows-Kernel-Boot,Error,Failed to update the SBAT value in FW.
CPHD-5RT7YB4,12/8/2025 8:52,System,12/8/2025 9:10,6005,EventLog,Information,The Event log service was started.
CPHD-5RT7YB4,12/8/2025 8:52,System,12/8/2025 9:10,12,Microsoft-Windows-UserModePowerService,Information,Process C:\Windows\System32\DriverStore\FileRepository\ipf_cpu.inf_amd64_049e38a37c46edc4\ipf_uf.exe (process ID:3700) reset policy scheme from {07084296-1ee0-4afa-bf25-f667953ec23a} to {07084296-1ee0-4afa-bf25-f667953ec23a}
CPHD-5RT7YB4,12/8/2025 8:52,System,12/8/2025 9:10,12,Microsoft-Windows-UserModePowerService,Information,Process C:\Windows\System32\DriverStore\FileRepository\ipf_cpu.inf_amd64_049e38a37c46edc4\ipf_uf.exe (process ID:3700) reset policy scheme from {07084296-1ee0-4afa-bf25-f667953ec23a} to {07084296-1ee0-4afa-bf25-f667953ec23a}
CPHD-5RT7YB4,12/11/2025 0:13,System,12/11/2025 0:13,1074,User32,Information,The process C:\Windows\system32\svchost.exe (CPHD-5RT7YB4) has initiated the restart of computer CPHD-5RT7YB4 on behalf of user NT AUTHORITY\SYSTEM for the following reason: Operating System: Service pack (Planned) Reason Code: 0x80020010 Shutdown Type: restart Comment:
CPHD-5RT7YB4,12/11/2025 0:13,System,12/11/2025 0:13,6006,EventLog,Information,The Event log service was stopped.
CPHD-5RT7YB4,12/11/2025 0:13,System,12/11/2025 0:13,13,Microsoft-Windows-Kernel-General,Information,The operating system is shutting down at system time ‎2025‎-‎12‎-‎10T23:13:27.828409800Z.
CPHD-5RT7YB4,12/11/2025 0:13,System,12/11/2025 0:13,12,Microsoft-Windows-Kernel-General,Information,The operating system started at system time ‎2025‎-‎12‎-‎10T23:13:41.500000000Z.
CPHD-5RT7YB4,12/11/2025 0:13,Microsoft-Windows-Kernel-Boot/Operational,12/11/2025 0:13,292,Microsoft-Windows-Kernel-Boot,Error,Failed to update the SBAT value in FW.
CPHD-5RT7YB4,12/11/2025 0:13,System,12/11/2025 0:14,6005,EventLog,Information,The Event log service was started.
CPHD-5RT7YB4,12/11/2025 0:13,System,12/11/2025 0:14,12,Microsoft-Windows-UserModePowerService,Information,Process C:\Windows\System32\DriverStore\FileRepository\ipf_cpu.inf_amd64_049e38a37c46edc4\ipf_uf.exe (process ID:3596) reset policy scheme from {07084296-1ee0-4afa-bf25-f667953ec23a} to {07084296-1ee0-4afa-bf25-f667953ec23a}
CPHD-5RT7YB4,12/11/2025 0:13,System,12/11/2025 0:14,12,Microsoft-Windows-UserModePowerService,Information,Process C:\Windows\System32\DriverStore\FileRepository\ipf_cpu.inf_amd64_049e38a37c46edc4\ipf_uf.exe (process ID:3596) reset policy scheme from {07084296-1ee0-4afa-bf25-f667953ec23a} to {07084296-1ee0-4afa-bf25-f667953ec23a}
CPHD-5RT7YB4,12/11/2025 0:13,System,12/11/2025 0:13,1074,User32,Information,The process C:\Windows\system32\svchost.exe (CPHD-5RT7YB4) has initiated the restart of computer CPHD-5RT7YB4 on behalf of user NT AUTHORITY\SYSTEM for the following reason: Operating System: Service pack (Planned) Reason Code: 0x80020010 Shutdown Type: restart Comment:
CPHD-5RT7YB4,12/11/2025 0:13,System,12/11/2025 0:13,6006,EventLog,Information,The Event log service was stopped.
CPHD-5RT7YB4,12/11/2025 0:13,System,12/11/2025 0:13,13,Microsoft-Windows-Kernel-General,Information,The operating system is shutting down at system time ‎2025‎-‎12‎-‎10T23:13:27.828409800Z.
CPHD-5RT7YB4,12/11/2025 0:13,System,12/11/2025 0:13,12,Microsoft-Windows-Kernel-General,Information,The operating system started at system time ‎2025‎-‎12‎-‎10T23:13:41.500000000Z.
CPHD-5RT7YB4,12/11/2025 0:13,Microsoft-Windows-Kernel-Boot/Operational,12/11/2025 0:13,292,Microsoft-Windows-Kernel-Boot,Error,Failed to update the SBAT value in FW.
CPHD-5RT7YB4,12/11/2025 0:13,System,12/11/2025 0:14,6005,EventLog,Information,The Event log service was started.
CPHD-5RT7YB4,12/11/2025 0:13,System,12/11/2025 0:14,12,Microsoft-Windows-UserModePowerService,Information,Process C:\Windows\System32\DriverStore\FileRepository\ipf_cpu.inf_amd64_049e38a37c46edc4\ipf_uf.exe (process ID:3596) reset policy scheme from {07084296-1ee0-4afa-bf25-f667953ec23a} to {07084296-1ee0-4afa-bf25-f667953ec23a}
CPHD-5RT7YB4,12/11/2025 0:13,System,12/11/2025 0:14,12,Microsoft-Windows-UserModePowerService,Information,Process C:\Windows\System32\DriverStore\FileRepository\ipf_cpu.inf_amd64_049e38a37c46edc4\ipf_uf.exe (process ID:3596) reset policy scheme from {07084296-1ee0-4afa-bf25-f667953ec23a} to {07084296-1ee0-4afa-bf25-f667953ec23a}
CPHD-5RT7YB4,12/22/2025 13:12,System,12/22/2025 13:12,1074,User32,Information,The process C:\Windows\system32\winlogon.exe (CPHD-5RT7YB4) has initiated the power off of computer CPHD-5RT7YB4 on behalf of user NT AUTHORITY\SYSTEM for the following reason: No title for this reason could be found Reason Code: 0x500ff Shutdown Type: power off Comment:
CPHD-5RT7YB4,12/22/2025 13:12,System,12/22/2025 13:12,6006,EventLog,Information,The Event log service was stopped.
CPHD-5RT7YB4,12/22/2025 13:12,System,12/22/2025 13:12,13,Microsoft-Windows-Kernel-General,Information,The operating system is shutting down at system time ‎2025‎-‎12‎-‎22T12:12:47.959773200Z.
CPHD-5RT7YB4,12/22/2025 13:12,System,12/22/2025 13:25,12,Microsoft-Windows-Kernel-General,Information,The operating system started at system time ‎2025‎-‎12‎-‎22T12:25:34.500000000Z.
CPHD-5RT7YB4,12/22/2025 13:12,Microsoft-Windows-Kernel-Boot/Operational,12/22/2025 13:25,292,Microsoft-Windows-Kernel-Boot,Error,Failed to update the SBAT value in FW.
CPHD-5RT7YB4,12/22/2025 13:12,System,12/22/2025 13:26,6005,EventLog,Information,The Event log service was started.
CPHD-5RT7YB4,12/22/2025 13:12,System,12/22/2025 13:26,12,Microsoft-Windows-UserModePowerService,Information,Process C:\Windows\System32\DriverStore\FileRepository\ipf_cpu.inf_amd64_049e38a37c46edc4\ipf_uf.exe (process ID:3640) reset policy scheme from {07084296-1ee0-4afa-bf25-f667953ec23a} to {07084296-1ee0-4afa-bf25-f667953ec23a}
CPHD-5RT7YB4,12/22/2025 13:12,System,12/22/2025 13:26,12,Microsoft-Windows-UserModePowerService,Information,Process C:\Windows\System32\DriverStore\FileRepository\ipf_cpu.inf_amd64_049e38a37c46edc4\ipf_uf.exe (process ID:3640) reset policy scheme from {07084296-1ee0-4afa-bf25-f667953ec23a} to {07084296-1ee0-4afa-bf25-f667953ec23a}
CPHD-5RT7YB4,12/22/2025 13:12,System,12/22/2025 13:12,1074,User32,Information,The process C:\Windows\system32\winlogon.exe (CPHD-5RT7YB4) has initiated the power off of computer CPHD-5RT7YB4 on behalf of user NT AUTHORITY\SYSTEM for the following reason: No title for this reason could be found Reason Code: 0x500ff Shutdown Type: power off Comment:
CPHD-5RT7YB4,12/22/2025 13:12,System,12/22/2025 13:12,6006,EventLog,Information,The Event log service was stopped.
CPHD-5RT7YB4,12/22/2025 13:12,System,12/22/2025 13:12,13,Microsoft-Windows-Kernel-General,Information,The operating system is shutting down at system time ‎2025‎-‎12‎-‎22T12:12:47.959773200Z.
CPHD-5RT7YB4,12/22/2025 13:12,System,12/22/2025 13:25,12,Microsoft-Windows-Kernel-General,Information,The operating system started at system time ‎2025‎-‎12‎-‎22T12:25:34.500000000Z.
CPHD-5RT7YB4,12/22/2025 13:12,Microsoft-Windows-Kernel-Boot/Operational,12/22/2025 13:25,292,Microsoft-Windows-Kernel-Boot,Error,Failed to update the SBAT value in FW.
CPHD-5RT7YB4,12/22/2025 13:12,System,12/22/2025 13:26,6005,EventLog,Information,The Event log service was started.
CPHD-5RT7YB4,12/22/2025 13:12,System,12/22/2025 13:26,12,Microsoft-Windows-UserModePowerService,Information,Process C:\Windows\System32\DriverStore\FileRepository\ipf_cpu.inf_amd64_049e38a37c46edc4\ipf_uf.exe (process ID:3640) reset policy scheme from {07084296-1ee0-4afa-bf25-f667953ec23a} to {07084296-1ee0-4afa-bf25-f667953ec23a}
CPHD-5RT7YB4,12/22/2025 13:12,System,12/22/2025 13:26,12,Microsoft-Windows-UserModePowerService,Information,Process C:\Windows\System32\DriverStore\FileRepository\ipf_cpu.inf_amd64_049e38a37c46edc4\ipf_uf.exe (process ID:3640) reset policy scheme from {07084296-1ee0-4afa-bf25-f667953ec23a} to {07084296-1ee0-4afa-bf25-f667953ec23a}
CPHD-5RT7YB4,12/30/2025 14:21,System,12/30/2025 14:21,1074,User32,Information,The process C:\Windows\system32\winlogon.exe (CPHD-5RT7YB4) has initiated the power off of computer CPHD-5RT7YB4 on behalf of user NT AUTHORITY\SYSTEM for the following reason: No title for this reason could be found Reason Code: 0x500ff Shutdown Type: power off Comment:
CPHD-5RT7YB4,12/30/2025 14:21,System,12/30/2025 14:21,6006,EventLog,Information,The Event log service was stopped.
CPHD-5RT7YB4,12/30/2025 14:21,System,12/30/2025 14:21,13,Microsoft-Windows-Kernel-General,Information,The operating system is shutting down at system time ‎2025‎-‎12‎-‎30T13:21:51.572146700Z.
CPHD-5RT7YB4,12/30/2025 14:21,System,12/30/2025 14:33,12,Microsoft-Windows-Kernel-General,Information,The operating system started at system time ‎2025‎-‎12‎-‎30T13:33:32.500000000Z.
CPHD-5RT7YB4,12/30/2025 14:21,Microsoft-Windows-Kernel-Boot/Operational,12/30/2025 14:33,292,Microsoft-Windows-Kernel-Boot,Error,Failed to update the SBAT value in FW.
CPHD-5RT7YB4,12/30/2025 14:21,System,12/30/2025 14:34,6005,EventLog,Information,The Event log service was started.
CPHD-5RT7YB4,12/30/2025 14:21,System,12/30/2025 14:34,12,Microsoft-Windows-UserModePowerService,Information,Process C:\Windows\System32\DriverStore\FileRepository\ipf_cpu.inf_amd64_049e38a37c46edc4\ipf_uf.exe (process ID:3664) reset policy scheme from {07084296-1ee0-4afa-bf25-f667953ec23a} to {07084296-1ee0-4afa-bf25-f667953ec23a}
CPHD-5RT7YB4,12/30/2025 14:21,System,12/30/2025 14:34,12,Microsoft-Windows-UserModePowerService,Information,Process C:\Windows\System32\DriverStore\FileRepository\ipf_cpu.inf_amd64_049e38a37c46edc4\ipf_uf.exe (process ID:3664) reset policy scheme from {07084296-1ee0-4afa-bf25-f667953ec23a} to {07084296-1ee0-4afa-bf25-f667953ec23a}
CPHD-5RT7YB4,12/30/2025 14:21,System,12/30/2025 14:21,1074,User32,Information,The process C:\Windows\system32\winlogon.exe (CPHD-5RT7YB4) has initiated the power off of computer CPHD-5RT7YB4 on behalf of user NT AUTHORITY\SYSTEM for the following reason: No title for this reason could be found Reason Code: 0x500ff Shutdown Type: power off Comment:
CPHD-5RT7YB4,12/30/2025 14:21,System,12/30/2025 14:21,6006,EventLog,Information,The Event log service was stopped.
CPHD-5RT7YB4,12/30/2025 14:21,System,12/30/2025 14:21,13,Microsoft-Windows-Kernel-General,Information,The operating system is shutting down at system time ‎2025‎-‎12‎-‎30T13:21:51.572146700Z.
CPHD-5RT7YB4,12/30/2025 14:21,System,12/30/2025 14:33,12,Microsoft-Windows-Kernel-General,Information,The operating system started at system time ‎2025‎-‎12‎-‎30T13:33:32.500000000Z.
CPHD-5RT7YB4,12/30/2025 14:21,Microsoft-Windows-Kernel-Boot/Operational,12/30/2025 14:33,292,Microsoft-Windows-Kernel-Boot,Error,Failed to update the SBAT value in FW.
CPHD-5RT7YB4,12/30/2025 14:21,System,12/30/2025 14:34,6005,EventLog,Information,The Event log service was started.
CPHD-5RT7YB4,12/30/2025 14:21,System,12/30/2025 14:34,12,Microsoft-Windows-UserModePowerService,Information,Process C:\Windows\System32\DriverStore\FileRepository\ipf_cpu.inf_amd64_049e38a37c46edc4\ipf_uf.exe (process ID:3664) reset policy scheme from {07084296-1ee0-4afa-bf25-f667953ec23a} to {07084296-1ee0-4afa-bf25-f667953ec23a}
CPHD-5RT7YB4,12/30/2025 14:21,System,12/30/2025 14:34,12,Microsoft-Windows-UserModePowerService,Information,Process C:\Windows\System32\DriverStore\FileRepository\ipf_cpu.inf_amd64_049e38a37c46edc4\ipf_uf.exe (process ID:3664) reset policy scheme from {07084296-1ee0-4afa-bf25-f667953ec23a} to {07084296-1ee0-4afa-bf25-f667953ec23a}
CPHD-5RT7YB4,1/15/2026 0:07,System,1/15/2026 0:07,1074,User32,Information,The process C:\Windows\system32\svchost.exe (CPHD-5RT7YB4) has initiated the restart of computer CPHD-5RT7YB4 on behalf of user NT AUTHORITY\SYSTEM for the following reason: Operating System: Service pack (Planned) Reason Code: 0x80020010 Shutdown Type: restart Comment:
CPHD-5RT7YB4,1/15/2026 0:07,System,1/15/2026 0:07,6006,EventLog,Information,The Event log service was stopped.
CPHD-5RT7YB4,1/15/2026 0:07,System,1/15/2026 0:07,13,Microsoft-Windows-Kernel-General,Information,The operating system is shutting down at system time ‎2026‎-‎01‎-‎14T23:07:30.193018300Z.
CPHD-5RT7YB4,1/15/2026 0:07,System,1/15/2026 0:07,12,Microsoft-Windows-Kernel-General,Information,The operating system started at system time ‎2026‎-‎01‎-‎14T23:07:44.500000000Z.
CPHD-5RT7YB4,1/15/2026 0:07,Microsoft-Windows-Kernel-Boot/Operational,1/15/2026 0:07,292,Microsoft-Windows-Kernel-Boot,Error,Failed to update the SBAT value in FW.
CPHD-5RT7YB4,1/15/2026 0:07,System,1/15/2026 0:08,6005,EventLog,Information,The Event log service was started.
CPHD-5RT7YB4,1/15/2026 0:07,System,1/15/2026 0:08,12,Microsoft-Windows-UserModePowerService,Information,Process C:\Windows\System32\DriverStore\FileRepository\ipf_cpu.inf_amd64_049e38a37c46edc4\ipf_uf.exe (process ID:3688) reset policy scheme from {07084296-1ee0-4afa-bf25-f667953ec23a} to {07084296-1ee0-4afa-bf25-f667953ec23a}
CPHD-5RT7YB4,1/15/2026 0:07,System,1/15/2026 0:08,12,Microsoft-Windows-UserModePowerService,Information,Process C:\Windows\System32\DriverStore\FileRepository\ipf_cpu.inf_amd64_049e38a37c46edc4\ipf_uf.exe (process ID:3688) reset policy scheme from {07084296-1ee0-4afa-bf25-f667953ec23a} to {07084296-1ee0-4afa-bf25-f667953ec23a}
CPHD-5RT7YB4,1/15/2026 0:07,System,1/15/2026 0:07,1074,User32,Information,The process C:\Windows\system32\svchost.exe (CPHD-5RT7YB4) has initiated the restart of computer CPHD-5RT7YB4 on behalf of user NT AUTHORITY\SYSTEM for the following reason: Operating System: Service pack (Planned) Reason Code: 0x80020010 Shutdown Type: restart Comment:
CPHD-5RT7YB4,1/15/2026 0:07,System,1/15/2026 0:07,6006,EventLog,Information,The Event log service was stopped.
CPHD-5RT7YB4,1/15/2026 0:07,System,1/15/2026 0:07,13,Microsoft-Windows-Kernel-General,Information,The operating system is shutting down at system time ‎2026‎-‎01‎-‎14T23:07:30.193018300Z.
CPHD-5RT7YB4,1/15/2026 0:07,System,1/15/2026 0:07,12,Microsoft-Windows-Kernel-General,Information,The operating system started at system time ‎2026‎-‎01‎-‎14T23:07:44.500000000Z.
CPHD-5RT7YB4,1/15/2026 0:07,Microsoft-Windows-Kernel-Boot/Operational,1/15/2026 0:07,292,Microsoft-Windows-Kernel-Boot,Error,Failed to update the SBAT value in FW.
CPHD-5RT7YB4,1/15/2026 0:07,System,1/15/2026 0:08,6005,EventLog,Information,The Event log service was started.
CPHD-5RT7YB4,1/15/2026 0:07,System,1/15/2026 0:08,12,Microsoft-Windows-UserModePowerService,Information,Process C:\Windows\System32\DriverStore\FileRepository\ipf_cpu.inf_amd64_049e38a37c46edc4\ipf_uf.exe (process ID:3688) reset policy scheme from {07084296-1ee0-4afa-bf25-f667953ec23a} to {07084296-1ee0-4afa-bf25-f667953ec23a}
CPHD-5RT7YB4,1/15/2026 0:07,System,1/15/2026 0:08,12,Microsoft-Windows-UserModePowerService,Information,Process C:\Windows\System32\DriverStore\FileRepository\ipf_cpu.inf_amd64_049e38a37c46edc4\ipf_uf.exe (process ID:3688) reset policy scheme from {07084296-1ee0-4afa-bf25-f667953ec23a} to {07084296-1ee0-4afa-bf25-f667953ec23a}
CPHD-5RT7YB4,1/15/2026 13:58,System,1/15/2026 13:58,1074,User32,Information,The process C:\Windows\system32\winlogon.exe (CPHD-5RT7YB4) has initiated the power off of computer CPHD-5RT7YB4 on behalf of user NT AUTHORITY\SYSTEM for the following reason: No title for this reason could be found Reason Code: 0x500ff Shutdown Type: power off Comment:
CPHD-5RT7YB4,1/15/2026 13:58,System,1/15/2026 13:58,6006,EventLog,Information,The Event log service was stopped.
CPHD-5RT7YB4,1/15/2026 13:58,System,1/15/2026 13:58,13,Microsoft-Windows-Kernel-General,Information,The operating system is shutting down at system time ‎2026‎-‎01‎-‎15T12:58:29.168913800Z.
CPHD-5RT7YB4,1/15/2026 13:58,System,1/15/2026 14:12,12,Microsoft-Windows-Kernel-General,Information,The operating system started at system time ‎2026‎-‎01‎-‎15T13:12:51.500000000Z.
CPHD-5RT7YB4,1/15/2026 13:58,Microsoft-Windows-Kernel-Boot/Operational,1/15/2026 14:12,292,Microsoft-Windows-Kernel-Boot,Error,Failed to update the SBAT value in FW.
CPHD-5RT7YB4,1/15/2026 13:58,System,1/15/2026 14:13,6005,EventLog,Information,The Event log service was started.
CPHD-5RT7YB4,1/15/2026 13:58,System,1/15/2026 14:13,12,Microsoft-Windows-UserModePowerService,Information,Process C:\Windows\System32\DriverStore\FileRepository\ipf_cpu.inf_amd64_049e38a37c46edc4\ipf_uf.exe (process ID:3676) reset policy scheme from {07084296-1ee0-4afa-bf25-f667953ec23a} to {07084296-1ee0-4afa-bf25-f667953ec23a}
CPHD-5RT7YB4,1/15/2026 13:58,System,1/15/2026 14:13,12,Microsoft-Windows-UserModePowerService,Information,Process C:\Windows\System32\DriverStore\FileRepository\ipf_cpu.inf_amd64_049e38a37c46edc4\ipf_uf.exe (process ID:3676) reset policy scheme from {07084296-1ee0-4afa-bf25-f667953ec23a} to {07084296-1ee0-4afa-bf25-f667953ec23a}
CPHD-5RT7YB4,1/15/2026 13:58,System,1/15/2026 13:58,1074,User32,Information,The process C:\Windows\system32\winlogon.exe (CPHD-5RT7YB4) has initiated the power off of computer CPHD-5RT7YB4 on behalf of user NT AUTHORITY\SYSTEM for the following reason: No title for this reason could be found Reason Code: 0x500ff Shutdown Type: power off Comment:
CPHD-5RT7YB4,1/15/2026 13:58,System,1/15/2026 13:58,6006,EventLog,Information,The Event log service was stopped.
CPHD-5RT7YB4,1/15/2026 13:58,System,1/15/2026 13:58,13,Microsoft-Windows-Kernel-General,Information,The operating system is shutting down at system time ‎2026‎-‎01‎-‎15T12:58:29.168913800Z.
CPHD-5RT7YB4,1/15/2026 13:58,System,1/15/2026 14:12,12,Microsoft-Windows-Kernel-General,Information,The operating system started at system time ‎2026‎-‎01‎-‎15T13:12:51.500000000Z.
CPHD-5RT7YB4,1/15/2026 13:58,Microsoft-Windows-Kernel-Boot/Operational,1/15/2026 14:12,292,Microsoft-Windows-Kernel-Boot,Error,Failed to update the SBAT value in FW.
CPHD-5RT7YB4,1/15/2026 13:58,System,1/15/2026 14:13,6005,EventLog,Information,The Event log service was started.
CPHD-5RT7YB4,1/15/2026 13:58,System,1/15/2026 14:13,12,Microsoft-Windows-UserModePowerService,Information,Process C:\Windows\System32\DriverStore\FileRepository\ipf_cpu.inf_amd64_049e38a37c46edc4\ipf_uf.exe (process ID:3676) reset policy scheme from {07084296-1ee0-4afa-bf25-f667953ec23a} to {07084296-1ee0-4afa-bf25-f667953ec23a}
CPHD-5RT7YB4,1/15/2026 13:58,System,1/15/2026 14:13,12,Microsoft-Windows-UserModePowerService,Information,Process C:\Windows\System32\DriverStore\FileRepository\ipf_cpu.inf_amd64_049e38a37c46edc4\ipf_uf.exe (process ID:3676) reset policy scheme from {07084296-1ee0-4afa-bf25-f667953ec23a} to {07084296-1ee0-4afa-bf25-f667953ec23a}
