﻿"Computer","EpisodeShutdownTime","LogName","TimeCreated","EventId","Provider","Level","Message"
"CPHD-B94KQ54","11/19/2025 7:45:15 AM","System","11/19/2025 7:45:08 AM","1074","User32","Information","The process C:\Windows\system32\winlogon.exe (CPHD-B94KQ54) has initiated the power off of computer CPHD-B94KQ54 on behalf of user NT AUTHORITY\SYSTEM for the following reason: No title for this reason could be found Reason Code: 0x500ff Shutdown Type: power off Comment:"
"CPHD-B94KQ54","11/19/2025 7:45:15 AM","System","11/19/2025 7:45:15 AM","6006","EventLog","Information","The Event log service was stopped."
"CPHD-B94KQ54","11/19/2025 7:45:15 AM","System","11/19/2025 7:45:20 AM","13","Microsoft-Windows-Kernel-General","Information","The operating system is shutting down at system time ‎2025‎-‎11‎-‎19T06:45:20.807180800Z."
"CPHD-B94KQ54","11/19/2025 7:45:15 AM","System","11/19/2025 7:55:24 AM","12","Microsoft-Windows-Kernel-General","Information","The operating system started at system time ‎2025‎-‎11‎-‎19T06:55:23.500000000Z."
"CPHD-B94KQ54","11/19/2025 7:45:15 AM","Microsoft-Windows-Kernel-Boot/Operational","11/19/2025 7:55:24 AM","292","Microsoft-Windows-Kernel-Boot","Error","Failed to update the SBAT value in FW."
"CPHD-B94KQ54","11/19/2025 7:45:15 AM","System","11/19/2025 7:55:52 AM","6005","EventLog","Information","The Event log service was started."
"CPHD-B94KQ54","11/19/2025 7:45:15 AM","System","11/19/2025 7:55:53 AM","12","Microsoft-Windows-UserModePowerService","Information","Process C:\Windows\System32\DriverStore\FileRepository\ipf_cpu.inf_amd64_c493e10bcfd25250\ipf_uf.exe (process ID:3912) reset policy scheme from {07084296-1ee0-4afa-bf25-f667953ec23a} to {07084296-1ee0-4afa-bf25-f667953ec23a}"
"CPHD-B94KQ54","11/19/2025 7:45:15 AM","System","11/19/2025 7:55:53 AM","12","Microsoft-Windows-UserModePowerService","Information","Process C:\Windows\System32\DriverStore\FileRepository\ipf_cpu.inf_amd64_c493e10bcfd25250\ipf_uf.exe (process ID:3912) reset policy scheme from {07084296-1ee0-4afa-bf25-f667953ec23a} to {07084296-1ee0-4afa-bf25-f667953ec23a}"
"CPHD-B94KQ54","11/19/2025 7:45:15 AM","Microsoft-Windows-WindowsUpdateClient/Operational","11/19/2025 8:43:10 AM","41","Microsoft-Windows-WindowsUpdateClient","Information","An update was downloaded."
"CPHD-B94KQ54","11/19/2025 7:45:20 AM","System","11/19/2025 7:45:08 AM","1074","User32","Information","The process C:\Windows\system32\winlogon.exe (CPHD-B94KQ54) has initiated the power off of computer CPHD-B94KQ54 on behalf of user NT AUTHORITY\SYSTEM for the following reason: No title for this reason could be found Reason Code: 0x500ff Shutdown Type: power off Comment:"
"CPHD-B94KQ54","11/19/2025 7:45:20 AM","System","11/19/2025 7:45:15 AM","6006","EventLog","Information","The Event log service was stopped."
"CPHD-B94KQ54","11/19/2025 7:45:20 AM","System","11/19/2025 7:45:20 AM","13","Microsoft-Windows-Kernel-General","Information","The operating system is shutting down at system time ‎2025‎-‎11‎-‎19T06:45:20.807180800Z."
"CPHD-B94KQ54","11/19/2025 7:45:20 AM","System","11/19/2025 7:55:24 AM","12","Microsoft-Windows-Kernel-General","Information","The operating system started at system time ‎2025‎-‎11‎-‎19T06:55:23.500000000Z."
"CPHD-B94KQ54","11/19/2025 7:45:20 AM","Microsoft-Windows-Kernel-Boot/Operational","11/19/2025 7:55:24 AM","292","Microsoft-Windows-Kernel-Boot","Error","Failed to update the SBAT value in FW."
"CPHD-B94KQ54","11/19/2025 7:45:20 AM","System","11/19/2025 7:55:52 AM","6005","EventLog","Information","The Event log service was started."
"CPHD-B94KQ54","11/19/2025 7:45:20 AM","System","11/19/2025 7:55:53 AM","12","Microsoft-Windows-UserModePowerService","Information","Process C:\Windows\System32\DriverStore\FileRepository\ipf_cpu.inf_amd64_c493e10bcfd25250\ipf_uf.exe (process ID:3912) reset policy scheme from {07084296-1ee0-4afa-bf25-f667953ec23a} to {07084296-1ee0-4afa-bf25-f667953ec23a}"
"CPHD-B94KQ54","11/19/2025 7:45:20 AM","System","11/19/2025 7:55:53 AM","12","Microsoft-Windows-UserModePowerService","Information","Process C:\Windows\System32\DriverStore\FileRepository\ipf_cpu.inf_amd64_c493e10bcfd25250\ipf_uf.exe (process ID:3912) reset policy scheme from {07084296-1ee0-4afa-bf25-f667953ec23a} to {07084296-1ee0-4afa-bf25-f667953ec23a}"
"CPHD-B94KQ54","11/19/2025 7:45:20 AM","Microsoft-Windows-WindowsUpdateClient/Operational","11/19/2025 8:43:10 AM","41","Microsoft-Windows-WindowsUpdateClient","Information","An update was downloaded."
"CPHD-B94KQ54","11/20/2025 4:07:22 AM","System","11/20/2025 4:07:22 AM","6006","EventLog","Information","The Event log service was stopped."
"CPHD-B94KQ54","11/20/2025 4:07:22 AM","System","11/20/2025 4:07:27 AM","13","Microsoft-Windows-Kernel-General","Information","The operating system is shutting down at system time ‎2025‎-‎11‎-‎20T03:07:27.989980100Z."
"CPHD-B94KQ54","11/20/2025 4:07:22 AM","System","11/20/2025 4:07:45 AM","12","Microsoft-Windows-Kernel-General","Information","The operating system started at system time ‎2025‎-‎11‎-‎20T03:07:43.500000000Z."
"CPHD-B94KQ54","11/20/2025 4:07:22 AM","Microsoft-Windows-Kernel-Boot/Operational","11/20/2025 4:07:45 AM","292","Microsoft-Windows-Kernel-Boot","Error","Failed to update the SBAT value in FW."
"CPHD-B94KQ54","11/20/2025 4:07:22 AM","System","11/20/2025 4:08:15 AM","6005","EventLog","Information","The Event log service was started."
"CPHD-B94KQ54","11/20/2025 4:07:22 AM","System","11/20/2025 4:08:15 AM","12","Microsoft-Windows-UserModePowerService","Information","Process C:\Windows\System32\DriverStore\FileRepository\ipf_cpu.inf_amd64_c493e10bcfd25250\ipf_uf.exe (process ID:3816) reset policy scheme from {07084296-1ee0-4afa-bf25-f667953ec23a} to {07084296-1ee0-4afa-bf25-f667953ec23a}"
"CPHD-B94KQ54","11/20/2025 4:07:22 AM","System","11/20/2025 4:08:15 AM","12","Microsoft-Windows-UserModePowerService","Information","Process C:\Windows\System32\DriverStore\FileRepository\ipf_cpu.inf_amd64_c493e10bcfd25250\ipf_uf.exe (process ID:3816) reset policy scheme from {07084296-1ee0-4afa-bf25-f667953ec23a} to {07084296-1ee0-4afa-bf25-f667953ec23a}"
"CPHD-B94KQ54","11/20/2025 4:07:27 AM","System","11/20/2025 4:07:22 AM","6006","EventLog","Information","The Event log service was stopped."
"CPHD-B94KQ54","11/20/2025 4:07:27 AM","System","11/20/2025 4:07:27 AM","13","Microsoft-Windows-Kernel-General","Information","The operating system is shutting down at system time ‎2025‎-‎11‎-‎20T03:07:27.989980100Z."
"CPHD-B94KQ54","11/20/2025 4:07:27 AM","System","11/20/2025 4:07:45 AM","12","Microsoft-Windows-Kernel-General","Information","The operating system started at system time ‎2025‎-‎11‎-‎20T03:07:43.500000000Z."
"CPHD-B94KQ54","11/20/2025 4:07:27 AM","Microsoft-Windows-Kernel-Boot/Operational","11/20/2025 4:07:45 AM","292","Microsoft-Windows-Kernel-Boot","Error","Failed to update the SBAT value in FW."
"CPHD-B94KQ54","11/20/2025 4:07:27 AM","System","11/20/2025 4:08:15 AM","6005","EventLog","Information","The Event log service was started."
"CPHD-B94KQ54","11/20/2025 4:07:27 AM","System","11/20/2025 4:08:15 AM","12","Microsoft-Windows-UserModePowerService","Information","Process C:\Windows\System32\DriverStore\FileRepository\ipf_cpu.inf_amd64_c493e10bcfd25250\ipf_uf.exe (process ID:3816) reset policy scheme from {07084296-1ee0-4afa-bf25-f667953ec23a} to {07084296-1ee0-4afa-bf25-f667953ec23a}"
"CPHD-B94KQ54","11/20/2025 4:07:27 AM","System","11/20/2025 4:08:15 AM","12","Microsoft-Windows-UserModePowerService","Information","Process C:\Windows\System32\DriverStore\FileRepository\ipf_cpu.inf_amd64_c493e10bcfd25250\ipf_uf.exe (process ID:3816) reset policy scheme from {07084296-1ee0-4afa-bf25-f667953ec23a} to {07084296-1ee0-4afa-bf25-f667953ec23a}"
"CPHD-B94KQ54","11/20/2025 7:36:16 AM","System","11/20/2025 7:36:15 AM","1074","User32","Information","The process C:\Windows\system32\winlogon.exe (CPHD-B94KQ54) has initiated the power off of computer CPHD-B94KQ54 on behalf of user NT AUTHORITY\SYSTEM for the following reason: No title for this reason could be found Reason Code: 0x500ff Shutdown Type: power off Comment:"
"CPHD-B94KQ54","11/20/2025 7:36:16 AM","System","11/20/2025 7:36:16 AM","6006","EventLog","Information","The Event log service was stopped."
"CPHD-B94KQ54","11/20/2025 7:36:16 AM","System","11/20/2025 7:36:21 AM","13","Microsoft-Windows-Kernel-General","Information","The operating system is shutting down at system time ‎2025‎-‎11‎-‎20T06:36:21.411814000Z."
"CPHD-B94KQ54","11/20/2025 7:36:16 AM","System","11/20/2025 8:28:05 AM","12","Microsoft-Windows-Kernel-General","Information","The operating system started at system time ‎2025‎-‎11‎-‎20T07:28:04.500000000Z."
"CPHD-B94KQ54","11/20/2025 7:36:16 AM","Microsoft-Windows-Kernel-Boot/Operational","11/20/2025 8:28:05 AM","292","Microsoft-Windows-Kernel-Boot","Error","Failed to update the SBAT value in FW."
"CPHD-B94KQ54","11/20/2025 7:36:16 AM","System","11/20/2025 8:28:33 AM","6005","EventLog","Information","The Event log service was started."
"CPHD-B94KQ54","11/20/2025 7:36:16 AM","System","11/20/2025 8:28:33 AM","12","Microsoft-Windows-UserModePowerService","Information","Process C:\Windows\System32\DriverStore\FileRepository\ipf_cpu.inf_amd64_c493e10bcfd25250\ipf_uf.exe (process ID:4020) reset policy scheme from {07084296-1ee0-4afa-bf25-f667953ec23a} to {07084296-1ee0-4afa-bf25-f667953ec23a}"
"CPHD-B94KQ54","11/20/2025 7:36:16 AM","System","11/20/2025 8:28:33 AM","12","Microsoft-Windows-UserModePowerService","Information","Process C:\Windows\System32\DriverStore\FileRepository\ipf_cpu.inf_amd64_c493e10bcfd25250\ipf_uf.exe (process ID:4020) reset policy scheme from {07084296-1ee0-4afa-bf25-f667953ec23a} to {07084296-1ee0-4afa-bf25-f667953ec23a}"
"CPHD-B94KQ54","11/20/2025 7:36:21 AM","System","11/20/2025 7:36:15 AM","1074","User32","Information","The process C:\Windows\system32\winlogon.exe (CPHD-B94KQ54) has initiated the power off of computer CPHD-B94KQ54 on behalf of user NT AUTHORITY\SYSTEM for the following reason: No title for this reason could be found Reason Code: 0x500ff Shutdown Type: power off Comment:"
"CPHD-B94KQ54","11/20/2025 7:36:21 AM","System","11/20/2025 7:36:16 AM","6006","EventLog","Information","The Event log service was stopped."
"CPHD-B94KQ54","11/20/2025 7:36:21 AM","System","11/20/2025 7:36:21 AM","13","Microsoft-Windows-Kernel-General","Information","The operating system is shutting down at system time ‎2025‎-‎11‎-‎20T06:36:21.411814000Z."
"CPHD-B94KQ54","11/20/2025 7:36:21 AM","System","11/20/2025 8:28:05 AM","12","Microsoft-Windows-Kernel-General","Information","The operating system started at system time ‎2025‎-‎11‎-‎20T07:28:04.500000000Z."
"CPHD-B94KQ54","11/20/2025 7:36:21 AM","Microsoft-Windows-Kernel-Boot/Operational","11/20/2025 8:28:05 AM","292","Microsoft-Windows-Kernel-Boot","Error","Failed to update the SBAT value in FW."
"CPHD-B94KQ54","11/20/2025 7:36:21 AM","System","11/20/2025 8:28:33 AM","6005","EventLog","Information","The Event log service was started."
"CPHD-B94KQ54","11/20/2025 7:36:21 AM","System","11/20/2025 8:28:33 AM","12","Microsoft-Windows-UserModePowerService","Information","Process C:\Windows\System32\DriverStore\FileRepository\ipf_cpu.inf_amd64_c493e10bcfd25250\ipf_uf.exe (process ID:4020) reset policy scheme from {07084296-1ee0-4afa-bf25-f667953ec23a} to {07084296-1ee0-4afa-bf25-f667953ec23a}"
"CPHD-B94KQ54","11/20/2025 7:36:21 AM","System","11/20/2025 8:28:33 AM","12","Microsoft-Windows-UserModePowerService","Information","Process C:\Windows\System32\DriverStore\FileRepository\ipf_cpu.inf_amd64_c493e10bcfd25250\ipf_uf.exe (process ID:4020) reset policy scheme from {07084296-1ee0-4afa-bf25-f667953ec23a} to {07084296-1ee0-4afa-bf25-f667953ec23a}"
"CPHD-B94KQ54","11/21/2025 8:43:03 PM","System","11/21/2025 8:43:02 PM","1074","User32","Information","The process C:\Windows\system32\winlogon.exe (CPHD-B94KQ54) has initiated the power off of computer CPHD-B94KQ54 on behalf of user NT AUTHORITY\SYSTEM for the following reason: No title for this reason could be found Reason Code: 0x500ff Shutdown Type: power off Comment:"
"CPHD-B94KQ54","11/21/2025 8:43:03 PM","System","11/21/2025 8:43:03 PM","6006","EventLog","Information","The Event log service was stopped."
"CPHD-B94KQ54","11/21/2025 8:43:03 PM","System","11/21/2025 8:43:08 PM","13","Microsoft-Windows-Kernel-General","Information","The operating system is shutting down at system time ‎2025‎-‎11‎-‎21T19:43:08.525686100Z."
"CPHD-B94KQ54","11/21/2025 8:43:03 PM","System","11/21/2025 9:06:47 PM","12","Microsoft-Windows-Kernel-General","Information","The operating system started at system time ‎2025‎-‎11‎-‎21T20:06:46.500000000Z."
"CPHD-B94KQ54","11/21/2025 8:43:03 PM","Microsoft-Windows-Kernel-Boot/Operational","11/21/2025 9:06:47 PM","292","Microsoft-Windows-Kernel-Boot","Error","Failed to update the SBAT value in FW."
"CPHD-B94KQ54","11/21/2025 8:43:03 PM","System","11/21/2025 9:07:15 PM","6005","EventLog","Information","The Event log service was started."
"CPHD-B94KQ54","11/21/2025 8:43:03 PM","System","11/21/2025 9:07:16 PM","12","Microsoft-Windows-UserModePowerService","Information","Process C:\Windows\System32\DriverStore\FileRepository\ipf_cpu.inf_amd64_c493e10bcfd25250\ipf_uf.exe (process ID:3908) reset policy scheme from {07084296-1ee0-4afa-bf25-f667953ec23a} to {07084296-1ee0-4afa-bf25-f667953ec23a}"
"CPHD-B94KQ54","11/21/2025 8:43:03 PM","System","11/21/2025 9:07:16 PM","12","Microsoft-Windows-UserModePowerService","Information","Process C:\Windows\System32\DriverStore\FileRepository\ipf_cpu.inf_amd64_c493e10bcfd25250\ipf_uf.exe (process ID:3908) reset policy scheme from {07084296-1ee0-4afa-bf25-f667953ec23a} to {07084296-1ee0-4afa-bf25-f667953ec23a}"
"CPHD-B94KQ54","11/21/2025 8:43:03 PM","Microsoft-Windows-WindowsUpdateClient/Operational","11/21/2025 9:36:33 PM","41","Microsoft-Windows-WindowsUpdateClient","Information","An update was downloaded."
"CPHD-B94KQ54","11/21/2025 8:43:08 PM","System","11/21/2025 8:43:02 PM","1074","User32","Information","The process C:\Windows\system32\winlogon.exe (CPHD-B94KQ54) has initiated the power off of computer CPHD-B94KQ54 on behalf of user NT AUTHORITY\SYSTEM for the following reason: No title for this reason could be found Reason Code: 0x500ff Shutdown Type: power off Comment:"
"CPHD-B94KQ54","11/21/2025 8:43:08 PM","System","11/21/2025 8:43:03 PM","6006","EventLog","Information","The Event log service was stopped."
"CPHD-B94KQ54","11/21/2025 8:43:08 PM","System","11/21/2025 8:43:08 PM","13","Microsoft-Windows-Kernel-General","Information","The operating system is shutting down at system time ‎2025‎-‎11‎-‎21T19:43:08.525686100Z."
"CPHD-B94KQ54","11/21/2025 8:43:08 PM","System","11/21/2025 9:06:47 PM","12","Microsoft-Windows-Kernel-General","Information","The operating system started at system time ‎2025‎-‎11‎-‎21T20:06:46.500000000Z."
"CPHD-B94KQ54","11/21/2025 8:43:08 PM","Microsoft-Windows-Kernel-Boot/Operational","11/21/2025 9:06:47 PM","292","Microsoft-Windows-Kernel-Boot","Error","Failed to update the SBAT value in FW."
"CPHD-B94KQ54","11/21/2025 8:43:08 PM","System","11/21/2025 9:07:15 PM","6005","EventLog","Information","The Event log service was started."
"CPHD-B94KQ54","11/21/2025 8:43:08 PM","System","11/21/2025 9:07:16 PM","12","Microsoft-Windows-UserModePowerService","Information","Process C:\Windows\System32\DriverStore\FileRepository\ipf_cpu.inf_amd64_c493e10bcfd25250\ipf_uf.exe (process ID:3908) reset policy scheme from {07084296-1ee0-4afa-bf25-f667953ec23a} to {07084296-1ee0-4afa-bf25-f667953ec23a}"
"CPHD-B94KQ54","11/21/2025 8:43:08 PM","System","11/21/2025 9:07:16 PM","12","Microsoft-Windows-UserModePowerService","Information","Process C:\Windows\System32\DriverStore\FileRepository\ipf_cpu.inf_amd64_c493e10bcfd25250\ipf_uf.exe (process ID:3908) reset policy scheme from {07084296-1ee0-4afa-bf25-f667953ec23a} to {07084296-1ee0-4afa-bf25-f667953ec23a}"
"CPHD-B94KQ54","11/21/2025 8:43:08 PM","Microsoft-Windows-WindowsUpdateClient/Operational","11/21/2025 9:36:33 PM","41","Microsoft-Windows-WindowsUpdateClient","Information","An update was downloaded."
"CPHD-B94KQ54","11/23/2025 9:43:47 AM","System","11/23/2025 9:43:46 AM","1074","User32","Information","The process C:\Windows\system32\winlogon.exe (CPHD-B94KQ54) has initiated the power off of computer CPHD-B94KQ54 on behalf of user NT AUTHORITY\SYSTEM for the following reason: No title for this reason could be found Reason Code: 0x500ff Shutdown Type: power off Comment:"
"CPHD-B94KQ54","11/23/2025 9:43:47 AM","System","11/23/2025 9:43:47 AM","6006","EventLog","Information","The Event log service was stopped."
"CPHD-B94KQ54","11/23/2025 9:43:47 AM","System","11/23/2025 9:43:52 AM","13","Microsoft-Windows-Kernel-General","Information","The operating system is shutting down at system time ‎2025‎-‎11‎-‎23T08:43:52.682635200Z."
"CPHD-B94KQ54","11/23/2025 9:43:47 AM","System","11/23/2025 10:08:30 AM","12","Microsoft-Windows-Kernel-General","Information","The operating system started at system time ‎2025‎-‎11‎-‎23T09:08:29.500000000Z."
"CPHD-B94KQ54","11/23/2025 9:43:47 AM","Microsoft-Windows-Kernel-Boot/Operational","11/23/2025 10:08:30 AM","292","Microsoft-Windows-Kernel-Boot","Error","Failed to update the SBAT value in FW."
"CPHD-B94KQ54","11/23/2025 9:43:47 AM","System","11/23/2025 10:08:58 AM","6005","EventLog","Information","The Event log service was started."
"CPHD-B94KQ54","11/23/2025 9:43:47 AM","System","11/23/2025 10:08:59 AM","12","Microsoft-Windows-UserModePowerService","Information","Process C:\Windows\System32\DriverStore\FileRepository\ipf_cpu.inf_amd64_c493e10bcfd25250\ipf_uf.exe (process ID:3932) reset policy scheme from {07084296-1ee0-4afa-bf25-f667953ec23a} to {07084296-1ee0-4afa-bf25-f667953ec23a}"
"CPHD-B94KQ54","11/23/2025 9:43:47 AM","System","11/23/2025 10:08:59 AM","12","Microsoft-Windows-UserModePowerService","Information","Process C:\Windows\System32\DriverStore\FileRepository\ipf_cpu.inf_amd64_c493e10bcfd25250\ipf_uf.exe (process ID:3932) reset policy scheme from {07084296-1ee0-4afa-bf25-f667953ec23a} to {07084296-1ee0-4afa-bf25-f667953ec23a}"
"CPHD-B94KQ54","11/23/2025 9:43:47 AM","Microsoft-Windows-WindowsUpdateClient/Operational","11/23/2025 11:00:16 AM","41","Microsoft-Windows-WindowsUpdateClient","Information","An update was downloaded."
"CPHD-B94KQ54","11/23/2025 9:43:52 AM","System","11/23/2025 9:43:46 AM","1074","User32","Information","The process C:\Windows\system32\winlogon.exe (CPHD-B94KQ54) has initiated the power off of computer CPHD-B94KQ54 on behalf of user NT AUTHORITY\SYSTEM for the following reason: No title for this reason could be found Reason Code: 0x500ff Shutdown Type: power off Comment:"
"CPHD-B94KQ54","11/23/2025 9:43:52 AM","System","11/23/2025 9:43:47 AM","6006","EventLog","Information","The Event log service was stopped."
"CPHD-B94KQ54","11/23/2025 9:43:52 AM","System","11/23/2025 9:43:52 AM","13","Microsoft-Windows-Kernel-General","Information","The operating system is shutting down at system time ‎2025‎-‎11‎-‎23T08:43:52.682635200Z."
"CPHD-B94KQ54","11/23/2025 9:43:52 AM","System","11/23/2025 10:08:30 AM","12","Microsoft-Windows-Kernel-General","Information","The operating system started at system time ‎2025‎-‎11‎-‎23T09:08:29.500000000Z."
"CPHD-B94KQ54","11/23/2025 9:43:52 AM","Microsoft-Windows-Kernel-Boot/Operational","11/23/2025 10:08:30 AM","292","Microsoft-Windows-Kernel-Boot","Error","Failed to update the SBAT value in FW."
"CPHD-B94KQ54","11/23/2025 9:43:52 AM","System","11/23/2025 10:08:58 AM","6005","EventLog","Information","The Event log service was started."
"CPHD-B94KQ54","11/23/2025 9:43:52 AM","System","11/23/2025 10:08:59 AM","12","Microsoft-Windows-UserModePowerService","Information","Process C:\Windows\System32\DriverStore\FileRepository\ipf_cpu.inf_amd64_c493e10bcfd25250\ipf_uf.exe (process ID:3932) reset policy scheme from {07084296-1ee0-4afa-bf25-f667953ec23a} to {07084296-1ee0-4afa-bf25-f667953ec23a}"
"CPHD-B94KQ54","11/23/2025 9:43:52 AM","System","11/23/2025 10:08:59 AM","12","Microsoft-Windows-UserModePowerService","Information","Process C:\Windows\System32\DriverStore\FileRepository\ipf_cpu.inf_amd64_c493e10bcfd25250\ipf_uf.exe (process ID:3932) reset policy scheme from {07084296-1ee0-4afa-bf25-f667953ec23a} to {07084296-1ee0-4afa-bf25-f667953ec23a}"
"CPHD-B94KQ54","11/23/2025 9:43:52 AM","Microsoft-Windows-WindowsUpdateClient/Operational","11/23/2025 11:00:16 AM","41","Microsoft-Windows-WindowsUpdateClient","Information","An update was downloaded."
"CPHD-B94KQ54","12/1/2025 8:14:49 AM","System","12/1/2025 8:14:48 AM","1074","User32","Information","The process C:\Windows\system32\winlogon.exe (CPHD-B94KQ54) has initiated the power off of computer CPHD-B94KQ54 on behalf of user NT AUTHORITY\SYSTEM for the following reason: No title for this reason could be found Reason Code: 0x500ff Shutdown Type: power off Comment:"
"CPHD-B94KQ54","12/1/2025 8:14:49 AM","System","12/1/2025 8:14:49 AM","6006","EventLog","Information","The Event log service was stopped."
"CPHD-B94KQ54","12/1/2025 8:14:49 AM","System","12/1/2025 8:14:54 AM","13","Microsoft-Windows-Kernel-General","Information","The operating system is shutting down at system time ‎2025‎-‎12‎-‎01T07:14:54.515224200Z."
"CPHD-B94KQ54","12/1/2025 8:14:49 AM","System","12/1/2025 8:23:57 AM","12","Microsoft-Windows-Kernel-General","Information","The operating system started at system time ‎2025‎-‎12‎-‎01T07:23:55.500000000Z."
"CPHD-B94KQ54","12/1/2025 8:14:49 AM","Microsoft-Windows-Kernel-Boot/Operational","12/1/2025 8:23:57 AM","292","Microsoft-Windows-Kernel-Boot","Error","Failed to update the SBAT value in FW."
"CPHD-B94KQ54","12/1/2025 8:14:49 AM","System","12/1/2025 8:24:26 AM","6005","EventLog","Information","The Event log service was started."
"CPHD-B94KQ54","12/1/2025 8:14:49 AM","System","12/1/2025 8:24:27 AM","12","Microsoft-Windows-UserModePowerService","Information","Process C:\Windows\System32\DriverStore\FileRepository\ipf_cpu.inf_amd64_c493e10bcfd25250\ipf_uf.exe (process ID:3868) reset policy scheme from {07084296-1ee0-4afa-bf25-f667953ec23a} to {07084296-1ee0-4afa-bf25-f667953ec23a}"
"CPHD-B94KQ54","12/1/2025 8:14:49 AM","System","12/1/2025 8:24:27 AM","12","Microsoft-Windows-UserModePowerService","Information","Process C:\Windows\System32\DriverStore\FileRepository\ipf_cpu.inf_amd64_c493e10bcfd25250\ipf_uf.exe (process ID:3868) reset policy scheme from {07084296-1ee0-4afa-bf25-f667953ec23a} to {07084296-1ee0-4afa-bf25-f667953ec23a}"
"CPHD-B94KQ54","12/1/2025 8:14:49 AM","Microsoft-Windows-WindowsUpdateClient/Operational","12/1/2025 8:50:10 AM","41","Microsoft-Windows-WindowsUpdateClient","Information","An update was downloaded."
"CPHD-B94KQ54","12/1/2025 8:14:54 AM","System","12/1/2025 8:14:48 AM","1074","User32","Information","The process C:\Windows\system32\winlogon.exe (CPHD-B94KQ54) has initiated the power off of computer CPHD-B94KQ54 on behalf of user NT AUTHORITY\SYSTEM for the following reason: No title for this reason could be found Reason Code: 0x500ff Shutdown Type: power off Comment:"
"CPHD-B94KQ54","12/1/2025 8:14:54 AM","System","12/1/2025 8:14:49 AM","6006","EventLog","Information","The Event log service was stopped."
"CPHD-B94KQ54","12/1/2025 8:14:54 AM","System","12/1/2025 8:14:54 AM","13","Microsoft-Windows-Kernel-General","Information","The operating system is shutting down at system time ‎2025‎-‎12‎-‎01T07:14:54.515224200Z."
"CPHD-B94KQ54","12/1/2025 8:14:54 AM","System","12/1/2025 8:23:57 AM","12","Microsoft-Windows-Kernel-General","Information","The operating system started at system time ‎2025‎-‎12‎-‎01T07:23:55.500000000Z."
"CPHD-B94KQ54","12/1/2025 8:14:54 AM","Microsoft-Windows-Kernel-Boot/Operational","12/1/2025 8:23:57 AM","292","Microsoft-Windows-Kernel-Boot","Error","Failed to update the SBAT value in FW."
"CPHD-B94KQ54","12/1/2025 8:14:54 AM","System","12/1/2025 8:24:26 AM","6005","EventLog","Information","The Event log service was started."
"CPHD-B94KQ54","12/1/2025 8:14:54 AM","System","12/1/2025 8:24:27 AM","12","Microsoft-Windows-UserModePowerService","Information","Process C:\Windows\System32\DriverStore\FileRepository\ipf_cpu.inf_amd64_c493e10bcfd25250\ipf_uf.exe (process ID:3868) reset policy scheme from {07084296-1ee0-4afa-bf25-f667953ec23a} to {07084296-1ee0-4afa-bf25-f667953ec23a}"
"CPHD-B94KQ54","12/1/2025 8:14:54 AM","System","12/1/2025 8:24:27 AM","12","Microsoft-Windows-UserModePowerService","Information","Process C:\Windows\System32\DriverStore\FileRepository\ipf_cpu.inf_amd64_c493e10bcfd25250\ipf_uf.exe (process ID:3868) reset policy scheme from {07084296-1ee0-4afa-bf25-f667953ec23a} to {07084296-1ee0-4afa-bf25-f667953ec23a}"
"CPHD-B94KQ54","12/1/2025 8:14:54 AM","Microsoft-Windows-WindowsUpdateClient/Operational","12/1/2025 8:50:10 AM","41","Microsoft-Windows-WindowsUpdateClient","Information","An update was downloaded."
"CPHD-B94KQ54","12/3/2025 9:30:22 PM","System","12/3/2025 8:55:53 PM","1074","User32","Information","The process C:\Windows\CCM\CcmExec.exe (CPHD-B94KQ54) has initiated the restart of computer CPHD-B94KQ54 on behalf of user NT AUTHORITY\SYSTEM for the following reason: No title for this reason could be found Reason Code: 0x80020001 Shutdown Type: restart Comment: Your computer will restart at 12/3/2025 10:55:53 PM to complete the installation of applications and software updates."
"CPHD-B94KQ54","12/3/2025 9:30:22 PM","System","12/3/2025 9:30:22 PM","6006","EventLog","Information","The Event log service was stopped."
"CPHD-B94KQ54","12/3/2025 9:30:22 PM","System","12/3/2025 9:30:28 PM","13","Microsoft-Windows-Kernel-General","Information","The operating system is shutting down at system time ‎2025‎-‎12‎-‎03T20:30:28.468871000Z."
"CPHD-B94KQ54","12/3/2025 9:30:22 PM","System","12/3/2025 9:30:47 PM","12","Microsoft-Windows-Kernel-General","Information","The operating system started at system time ‎2025‎-‎12‎-‎03T20:30:46.500000000Z."
"CPHD-B94KQ54","12/3/2025 9:30:22 PM","Microsoft-Windows-Kernel-Boot/Operational","12/3/2025 9:30:47 PM","292","Microsoft-Windows-Kernel-Boot","Error","Failed to update the SBAT value in FW."
"CPHD-B94KQ54","12/3/2025 9:30:22 PM","System","12/3/2025 9:31:15 PM","6005","EventLog","Information","The Event log service was started."
"CPHD-B94KQ54","12/3/2025 9:30:22 PM","System","12/3/2025 9:31:16 PM","12","Microsoft-Windows-UserModePowerService","Information","Process C:\Windows\System32\DriverStore\FileRepository\ipf_cpu.inf_amd64_c493e10bcfd25250\ipf_uf.exe (process ID:3896) reset policy scheme from {07084296-1ee0-4afa-bf25-f667953ec23a} to {07084296-1ee0-4afa-bf25-f667953ec23a}"
"CPHD-B94KQ54","12/3/2025 9:30:22 PM","System","12/3/2025 9:31:16 PM","12","Microsoft-Windows-UserModePowerService","Information","Process C:\Windows\System32\DriverStore\FileRepository\ipf_cpu.inf_amd64_c493e10bcfd25250\ipf_uf.exe (process ID:3896) reset policy scheme from {07084296-1ee0-4afa-bf25-f667953ec23a} to {07084296-1ee0-4afa-bf25-f667953ec23a}"
"CPHD-B94KQ54","12/3/2025 9:30:28 PM","System","12/3/2025 8:55:53 PM","1074","User32","Information","The process C:\Windows\CCM\CcmExec.exe (CPHD-B94KQ54) has initiated the restart of computer CPHD-B94KQ54 on behalf of user NT AUTHORITY\SYSTEM for the following reason: No title for this reason could be found Reason Code: 0x80020001 Shutdown Type: restart Comment: Your computer will restart at 12/3/2025 10:55:53 PM to complete the installation of applications and software updates."
"CPHD-B94KQ54","12/3/2025 9:30:28 PM","System","12/3/2025 9:30:22 PM","6006","EventLog","Information","The Event log service was stopped."
"CPHD-B94KQ54","12/3/2025 9:30:28 PM","System","12/3/2025 9:30:28 PM","13","Microsoft-Windows-Kernel-General","Information","The operating system is shutting down at system time ‎2025‎-‎12‎-‎03T20:30:28.468871000Z."
"CPHD-B94KQ54","12/3/2025 9:30:28 PM","System","12/3/2025 9:30:47 PM","12","Microsoft-Windows-Kernel-General","Information","The operating system started at system time ‎2025‎-‎12‎-‎03T20:30:46.500000000Z."
"CPHD-B94KQ54","12/3/2025 9:30:28 PM","Microsoft-Windows-Kernel-Boot/Operational","12/3/2025 9:30:47 PM","292","Microsoft-Windows-Kernel-Boot","Error","Failed to update the SBAT value in FW."
"CPHD-B94KQ54","12/3/2025 9:30:28 PM","System","12/3/2025 9:31:15 PM","6005","EventLog","Information","The Event log service was started."
"CPHD-B94KQ54","12/3/2025 9:30:28 PM","System","12/3/2025 9:31:16 PM","12","Microsoft-Windows-UserModePowerService","Information","Process C:\Windows\System32\DriverStore\FileRepository\ipf_cpu.inf_amd64_c493e10bcfd25250\ipf_uf.exe (process ID:3896) reset policy scheme from {07084296-1ee0-4afa-bf25-f667953ec23a} to {07084296-1ee0-4afa-bf25-f667953ec23a}"
"CPHD-B94KQ54","12/3/2025 9:30:28 PM","System","12/3/2025 9:31:16 PM","12","Microsoft-Windows-UserModePowerService","Information","Process C:\Windows\System32\DriverStore\FileRepository\ipf_cpu.inf_amd64_c493e10bcfd25250\ipf_uf.exe (process ID:3896) reset policy scheme from {07084296-1ee0-4afa-bf25-f667953ec23a} to {07084296-1ee0-4afa-bf25-f667953ec23a}"
"CPHD-B94KQ54","12/4/2025 8:12:57 AM","System","12/4/2025 8:12:57 AM","1074","User32","Information","The process C:\Windows\system32\winlogon.exe (CPHD-B94KQ54) has initiated the power off of computer CPHD-B94KQ54 on behalf of user NT AUTHORITY\SYSTEM for the following reason: No title for this reason could be found Reason Code: 0x500ff Shutdown Type: power off Comment:"
"CPHD-B94KQ54","12/4/2025 8:12:57 AM","System","12/4/2025 8:12:57 AM","6006","EventLog","Information","The Event log service was stopped."
"CPHD-B94KQ54","12/4/2025 8:12:57 AM","System","12/4/2025 8:13:03 AM","13","Microsoft-Windows-Kernel-General","Information","The operating system is shutting down at system time ‎2025‎-‎12‎-‎04T07:13:03.272430000Z."
"CPHD-B94KQ54","12/4/2025 8:12:57 AM","System","12/4/2025 8:32:06 AM","12","Microsoft-Windows-Kernel-General","Information","The operating system started at system time ‎2025‎-‎12‎-‎04T07:32:05.500000000Z."
"CPHD-B94KQ54","12/4/2025 8:12:57 AM","Microsoft-Windows-Kernel-Boot/Operational","12/4/2025 8:32:06 AM","292","Microsoft-Windows-Kernel-Boot","Error","Failed to update the SBAT value in FW."
"CPHD-B94KQ54","12/4/2025 8:12:57 AM","System","12/4/2025 8:32:34 AM","6005","EventLog","Information","The Event log service was started."
"CPHD-B94KQ54","12/4/2025 8:12:57 AM","System","12/4/2025 8:32:34 AM","12","Microsoft-Windows-UserModePowerService","Information","Process C:\Windows\System32\DriverStore\FileRepository\ipf_cpu.inf_amd64_c493e10bcfd25250\ipf_uf.exe (process ID:4032) reset policy scheme from {07084296-1ee0-4afa-bf25-f667953ec23a} to {07084296-1ee0-4afa-bf25-f667953ec23a}"
"CPHD-B94KQ54","12/4/2025 8:12:57 AM","System","12/4/2025 8:32:35 AM","12","Microsoft-Windows-UserModePowerService","Information","Process C:\Windows\System32\DriverStore\FileRepository\ipf_cpu.inf_amd64_c493e10bcfd25250\ipf_uf.exe (process ID:4032) reset policy scheme from {07084296-1ee0-4afa-bf25-f667953ec23a} to {07084296-1ee0-4afa-bf25-f667953ec23a}"
"CPHD-B94KQ54","12/4/2025 8:13:03 AM","System","12/4/2025 8:12:57 AM","1074","User32","Information","The process C:\Windows\system32\winlogon.exe (CPHD-B94KQ54) has initiated the power off of computer CPHD-B94KQ54 on behalf of user NT AUTHORITY\SYSTEM for the following reason: No title for this reason could be found Reason Code: 0x500ff Shutdown Type: power off Comment:"
"CPHD-B94KQ54","12/4/2025 8:13:03 AM","System","12/4/2025 8:12:57 AM","6006","EventLog","Information","The Event log service was stopped."
"CPHD-B94KQ54","12/4/2025 8:13:03 AM","System","12/4/2025 8:13:03 AM","13","Microsoft-Windows-Kernel-General","Information","The operating system is shutting down at system time ‎2025‎-‎12‎-‎04T07:13:03.272430000Z."
"CPHD-B94KQ54","12/4/2025 8:13:03 AM","System","12/4/2025 8:32:06 AM","12","Microsoft-Windows-Kernel-General","Information","The operating system started at system time ‎2025‎-‎12‎-‎04T07:32:05.500000000Z."
"CPHD-B94KQ54","12/4/2025 8:13:03 AM","Microsoft-Windows-Kernel-Boot/Operational","12/4/2025 8:32:06 AM","292","Microsoft-Windows-Kernel-Boot","Error","Failed to update the SBAT value in FW."
"CPHD-B94KQ54","12/4/2025 8:13:03 AM","System","12/4/2025 8:32:34 AM","6005","EventLog","Information","The Event log service was started."
"CPHD-B94KQ54","12/4/2025 8:13:03 AM","System","12/4/2025 8:32:34 AM","12","Microsoft-Windows-UserModePowerService","Information","Process C:\Windows\System32\DriverStore\FileRepository\ipf_cpu.inf_amd64_c493e10bcfd25250\ipf_uf.exe (process ID:4032) reset policy scheme from {07084296-1ee0-4afa-bf25-f667953ec23a} to {07084296-1ee0-4afa-bf25-f667953ec23a}"
"CPHD-B94KQ54","12/4/2025 8:13:03 AM","System","12/4/2025 8:32:35 AM","12","Microsoft-Windows-UserModePowerService","Information","Process C:\Windows\System32\DriverStore\FileRepository\ipf_cpu.inf_amd64_c493e10bcfd25250\ipf_uf.exe (process ID:4032) reset policy scheme from {07084296-1ee0-4afa-bf25-f667953ec23a} to {07084296-1ee0-4afa-bf25-f667953ec23a}"
"CPHD-B94KQ54","12/8/2025 7:52:21 AM","System","12/8/2025 7:52:21 AM","1074","User32","Information","The process C:\Windows\system32\winlogon.exe (CPHD-B94KQ54) has initiated the power off of computer CPHD-B94KQ54 on behalf of user NT AUTHORITY\SYSTEM for the following reason: No title for this reason could be found Reason Code: 0x500ff Shutdown Type: power off Comment:"
"CPHD-B94KQ54","12/8/2025 7:52:21 AM","System","12/8/2025 7:52:21 AM","6006","EventLog","Information","The Event log service was stopped."
"CPHD-B94KQ54","12/8/2025 7:52:21 AM","System","12/8/2025 7:52:27 AM","13","Microsoft-Windows-Kernel-General","Information","The operating system is shutting down at system time ‎2025‎-‎12‎-‎08T06:52:27.234486600Z."
"CPHD-B94KQ54","12/8/2025 7:52:21 AM","System","12/8/2025 8:08:26 AM","12","Microsoft-Windows-Kernel-General","Information","The operating system started at system time ‎2025‎-‎12‎-‎08T07:08:25.500000000Z."
"CPHD-B94KQ54","12/8/2025 7:52:21 AM","Microsoft-Windows-Kernel-Boot/Operational","12/8/2025 8:08:26 AM","292","Microsoft-Windows-Kernel-Boot","Error","Failed to update the SBAT value in FW."
"CPHD-B94KQ54","12/8/2025 7:52:21 AM","System","12/8/2025 8:08:54 AM","6005","EventLog","Information","The Event log service was started."
"CPHD-B94KQ54","12/8/2025 7:52:21 AM","System","12/8/2025 8:08:54 AM","12","Microsoft-Windows-UserModePowerService","Information","Process C:\Windows\System32\DriverStore\FileRepository\ipf_cpu.inf_amd64_c493e10bcfd25250\ipf_uf.exe (process ID:3860) reset policy scheme from {07084296-1ee0-4afa-bf25-f667953ec23a} to {07084296-1ee0-4afa-bf25-f667953ec23a}"
"CPHD-B94KQ54","12/8/2025 7:52:21 AM","System","12/8/2025 8:08:54 AM","12","Microsoft-Windows-UserModePowerService","Information","Process C:\Windows\System32\DriverStore\FileRepository\ipf_cpu.inf_amd64_c493e10bcfd25250\ipf_uf.exe (process ID:3860) reset policy scheme from {07084296-1ee0-4afa-bf25-f667953ec23a} to {07084296-1ee0-4afa-bf25-f667953ec23a}"
"CPHD-B94KQ54","12/8/2025 7:52:21 AM","Microsoft-Windows-WindowsUpdateClient/Operational","12/8/2025 9:12:28 AM","41","Microsoft-Windows-WindowsUpdateClient","Information","An update was downloaded."
"CPHD-B94KQ54","12/8/2025 7:52:27 AM","System","12/8/2025 7:52:21 AM","1074","User32","Information","The process C:\Windows\system32\winlogon.exe (CPHD-B94KQ54) has initiated the power off of computer CPHD-B94KQ54 on behalf of user NT AUTHORITY\SYSTEM for the following reason: No title for this reason could be found Reason Code: 0x500ff Shutdown Type: power off Comment:"
"CPHD-B94KQ54","12/8/2025 7:52:27 AM","System","12/8/2025 7:52:21 AM","6006","EventLog","Information","The Event log service was stopped."
"CPHD-B94KQ54","12/8/2025 7:52:27 AM","System","12/8/2025 7:52:27 AM","13","Microsoft-Windows-Kernel-General","Information","The operating system is shutting down at system time ‎2025‎-‎12‎-‎08T06:52:27.234486600Z."
"CPHD-B94KQ54","12/8/2025 7:52:27 AM","System","12/8/2025 8:08:26 AM","12","Microsoft-Windows-Kernel-General","Information","The operating system started at system time ‎2025‎-‎12‎-‎08T07:08:25.500000000Z."
"CPHD-B94KQ54","12/8/2025 7:52:27 AM","Microsoft-Windows-Kernel-Boot/Operational","12/8/2025 8:08:26 AM","292","Microsoft-Windows-Kernel-Boot","Error","Failed to update the SBAT value in FW."
"CPHD-B94KQ54","12/8/2025 7:52:27 AM","System","12/8/2025 8:08:54 AM","6005","EventLog","Information","The Event log service was started."
"CPHD-B94KQ54","12/8/2025 7:52:27 AM","System","12/8/2025 8:08:54 AM","12","Microsoft-Windows-UserModePowerService","Information","Process C:\Windows\System32\DriverStore\FileRepository\ipf_cpu.inf_amd64_c493e10bcfd25250\ipf_uf.exe (process ID:3860) reset policy scheme from {07084296-1ee0-4afa-bf25-f667953ec23a} to {07084296-1ee0-4afa-bf25-f667953ec23a}"
"CPHD-B94KQ54","12/8/2025 7:52:27 AM","System","12/8/2025 8:08:54 AM","12","Microsoft-Windows-UserModePowerService","Information","Process C:\Windows\System32\DriverStore\FileRepository\ipf_cpu.inf_amd64_c493e10bcfd25250\ipf_uf.exe (process ID:3860) reset policy scheme from {07084296-1ee0-4afa-bf25-f667953ec23a} to {07084296-1ee0-4afa-bf25-f667953ec23a}"
"CPHD-B94KQ54","12/8/2025 7:52:27 AM","Microsoft-Windows-WindowsUpdateClient/Operational","12/8/2025 9:12:28 AM","41","Microsoft-Windows-WindowsUpdateClient","Information","An update was downloaded."
"CPHD-B94KQ54","12/11/2025 8:16:22 AM","System","12/11/2025 8:16:21 AM","1074","User32","Information","The process C:\Windows\system32\winlogon.exe (CPHD-B94KQ54) has initiated the power off of computer CPHD-B94KQ54 on behalf of user NT AUTHORITY\SYSTEM for the following reason: No title for this reason could be found Reason Code: 0x500ff Shutdown Type: power off Comment:"
"CPHD-B94KQ54","12/11/2025 8:16:22 AM","System","12/11/2025 8:16:22 AM","6006","EventLog","Information","The Event log service was stopped."
"CPHD-B94KQ54","12/11/2025 8:16:22 AM","System","12/11/2025 8:16:27 AM","13","Microsoft-Windows-Kernel-General","Information","The operating system is shutting down at system time ‎2025‎-‎12‎-‎11T07:16:27.578145100Z."
"CPHD-B94KQ54","12/11/2025 8:16:22 AM","System","12/11/2025 9:05:32 AM","12","Microsoft-Windows-Kernel-General","Information","The operating system started at system time ‎2025‎-‎12‎-‎11T08:05:31.500000000Z."
"CPHD-B94KQ54","12/11/2025 8:16:22 AM","Microsoft-Windows-Kernel-Boot/Operational","12/11/2025 9:05:32 AM","292","Microsoft-Windows-Kernel-Boot","Error","Failed to update the SBAT value in FW."
"CPHD-B94KQ54","12/11/2025 8:16:22 AM","System","12/11/2025 9:06:00 AM","6005","EventLog","Information","The Event log service was started."
"CPHD-B94KQ54","12/11/2025 8:16:22 AM","System","12/11/2025 9:06:00 AM","12","Microsoft-Windows-UserModePowerService","Information","Process C:\Windows\System32\DriverStore\FileRepository\ipf_cpu.inf_amd64_c493e10bcfd25250\ipf_uf.exe (process ID:3828) reset policy scheme from {07084296-1ee0-4afa-bf25-f667953ec23a} to {07084296-1ee0-4afa-bf25-f667953ec23a}"
"CPHD-B94KQ54","12/11/2025 8:16:22 AM","System","12/11/2025 9:06:00 AM","12","Microsoft-Windows-UserModePowerService","Information","Process C:\Windows\System32\DriverStore\FileRepository\ipf_cpu.inf_amd64_c493e10bcfd25250\ipf_uf.exe (process ID:3828) reset policy scheme from {07084296-1ee0-4afa-bf25-f667953ec23a} to {07084296-1ee0-4afa-bf25-f667953ec23a}"
"CPHD-B94KQ54","12/11/2025 8:16:27 AM","System","12/11/2025 8:16:21 AM","1074","User32","Information","The process C:\Windows\system32\winlogon.exe (CPHD-B94KQ54) has initiated the power off of computer CPHD-B94KQ54 on behalf of user NT AUTHORITY\SYSTEM for the following reason: No title for this reason could be found Reason Code: 0x500ff Shutdown Type: power off Comment:"
"CPHD-B94KQ54","12/11/2025 8:16:27 AM","System","12/11/2025 8:16:22 AM","6006","EventLog","Information","The Event log service was stopped."
"CPHD-B94KQ54","12/11/2025 8:16:27 AM","System","12/11/2025 8:16:27 AM","13","Microsoft-Windows-Kernel-General","Information","The operating system is shutting down at system time ‎2025‎-‎12‎-‎11T07:16:27.578145100Z."
"CPHD-B94KQ54","12/11/2025 8:16:27 AM","System","12/11/2025 9:05:32 AM","12","Microsoft-Windows-Kernel-General","Information","The operating system started at system time ‎2025‎-‎12‎-‎11T08:05:31.500000000Z."
"CPHD-B94KQ54","12/11/2025 8:16:27 AM","Microsoft-Windows-Kernel-Boot/Operational","12/11/2025 9:05:32 AM","292","Microsoft-Windows-Kernel-Boot","Error","Failed to update the SBAT value in FW."
"CPHD-B94KQ54","12/11/2025 8:16:27 AM","System","12/11/2025 9:06:00 AM","6005","EventLog","Information","The Event log service was started."
"CPHD-B94KQ54","12/11/2025 8:16:27 AM","System","12/11/2025 9:06:00 AM","12","Microsoft-Windows-UserModePowerService","Information","Process C:\Windows\System32\DriverStore\FileRepository\ipf_cpu.inf_amd64_c493e10bcfd25250\ipf_uf.exe (process ID:3828) reset policy scheme from {07084296-1ee0-4afa-bf25-f667953ec23a} to {07084296-1ee0-4afa-bf25-f667953ec23a}"
"CPHD-B94KQ54","12/11/2025 8:16:27 AM","System","12/11/2025 9:06:00 AM","12","Microsoft-Windows-UserModePowerService","Information","Process C:\Windows\System32\DriverStore\FileRepository\ipf_cpu.inf_amd64_c493e10bcfd25250\ipf_uf.exe (process ID:3828) reset policy scheme from {07084296-1ee0-4afa-bf25-f667953ec23a} to {07084296-1ee0-4afa-bf25-f667953ec23a}"
"CPHD-B94KQ54","12/16/2025 12:31:52 PM","System","12/16/2025 12:31:51 PM","1074","User32","Information","The process C:\Windows\system32\winlogon.exe (CPHD-B94KQ54) has initiated the power off of computer CPHD-B94KQ54 on behalf of user NT AUTHORITY\SYSTEM for the following reason: No title for this reason could be found Reason Code: 0x500ff Shutdown Type: power off Comment:"
"CPHD-B94KQ54","12/16/2025 12:31:52 PM","System","12/16/2025 12:31:52 PM","6006","EventLog","Information","The Event log service was stopped."
"CPHD-B94KQ54","12/16/2025 12:31:52 PM","System","12/16/2025 12:31:57 PM","13","Microsoft-Windows-Kernel-General","Information","The operating system is shutting down at system time ‎2025‎-‎12‎-‎16T11:31:57.731414600Z."
"CPHD-B94KQ54","12/16/2025 12:31:52 PM","System","12/16/2025 12:44:06 PM","12","Microsoft-Windows-Kernel-General","Information","The operating system started at system time ‎2025‎-‎12‎-‎16T11:44:05.500000000Z."
"CPHD-B94KQ54","12/16/2025 12:31:52 PM","Microsoft-Windows-Kernel-Boot/Operational","12/16/2025 12:44:06 PM","292","Microsoft-Windows-Kernel-Boot","Error","Failed to update the SBAT value in FW."
"CPHD-B94KQ54","12/16/2025 12:31:52 PM","System","12/16/2025 12:44:34 PM","6005","EventLog","Information","The Event log service was started."
"CPHD-B94KQ54","12/16/2025 12:31:52 PM","System","12/16/2025 12:44:34 PM","12","Microsoft-Windows-UserModePowerService","Information","Process C:\Windows\System32\DriverStore\FileRepository\ipf_cpu.inf_amd64_c493e10bcfd25250\ipf_uf.exe (process ID:3912) reset policy scheme from {07084296-1ee0-4afa-bf25-f667953ec23a} to {07084296-1ee0-4afa-bf25-f667953ec23a}"
"CPHD-B94KQ54","12/16/2025 12:31:52 PM","System","12/16/2025 12:44:34 PM","12","Microsoft-Windows-UserModePowerService","Information","Process C:\Windows\System32\DriverStore\FileRepository\ipf_cpu.inf_amd64_c493e10bcfd25250\ipf_uf.exe (process ID:3912) reset policy scheme from {07084296-1ee0-4afa-bf25-f667953ec23a} to {07084296-1ee0-4afa-bf25-f667953ec23a}"
"CPHD-B94KQ54","12/16/2025 12:31:52 PM","Microsoft-Windows-WindowsUpdateClient/Operational","12/16/2025 1:22:52 PM","41","Microsoft-Windows-WindowsUpdateClient","Information","An update was downloaded."
"CPHD-B94KQ54","12/16/2025 12:31:57 PM","System","12/16/2025 12:31:51 PM","1074","User32","Information","The process C:\Windows\system32\winlogon.exe (CPHD-B94KQ54) has initiated the power off of computer CPHD-B94KQ54 on behalf of user NT AUTHORITY\SYSTEM for the following reason: No title for this reason could be found Reason Code: 0x500ff Shutdown Type: power off Comment:"
"CPHD-B94KQ54","12/16/2025 12:31:57 PM","System","12/16/2025 12:31:52 PM","6006","EventLog","Information","The Event log service was stopped."
"CPHD-B94KQ54","12/16/2025 12:31:57 PM","System","12/16/2025 12:31:57 PM","13","Microsoft-Windows-Kernel-General","Information","The operating system is shutting down at system time ‎2025‎-‎12‎-‎16T11:31:57.731414600Z."
"CPHD-B94KQ54","12/16/2025 12:31:57 PM","System","12/16/2025 12:44:06 PM","12","Microsoft-Windows-Kernel-General","Information","The operating system started at system time ‎2025‎-‎12‎-‎16T11:44:05.500000000Z."
"CPHD-B94KQ54","12/16/2025 12:31:57 PM","Microsoft-Windows-Kernel-Boot/Operational","12/16/2025 12:44:06 PM","292","Microsoft-Windows-Kernel-Boot","Error","Failed to update the SBAT value in FW."
"CPHD-B94KQ54","12/16/2025 12:31:57 PM","System","12/16/2025 12:44:34 PM","6005","EventLog","Information","The Event log service was started."
"CPHD-B94KQ54","12/16/2025 12:31:57 PM","System","12/16/2025 12:44:34 PM","12","Microsoft-Windows-UserModePowerService","Information","Process C:\Windows\System32\DriverStore\FileRepository\ipf_cpu.inf_amd64_c493e10bcfd25250\ipf_uf.exe (process ID:3912) reset policy scheme from {07084296-1ee0-4afa-bf25-f667953ec23a} to {07084296-1ee0-4afa-bf25-f667953ec23a}"
"CPHD-B94KQ54","12/16/2025 12:31:57 PM","System","12/16/2025 12:44:34 PM","12","Microsoft-Windows-UserModePowerService","Information","Process C:\Windows\System32\DriverStore\FileRepository\ipf_cpu.inf_amd64_c493e10bcfd25250\ipf_uf.exe (process ID:3912) reset policy scheme from {07084296-1ee0-4afa-bf25-f667953ec23a} to {07084296-1ee0-4afa-bf25-f667953ec23a}"
"CPHD-B94KQ54","12/16/2025 12:31:57 PM","Microsoft-Windows-WindowsUpdateClient/Operational","12/16/2025 1:22:52 PM","41","Microsoft-Windows-WindowsUpdateClient","Information","An update was downloaded."
"CPHD-B94KQ54","12/17/2025 10:02:35 PM","System","12/17/2025 10:02:34 PM","1074","User32","Information","The process C:\Windows\system32\winlogon.exe (CPHD-B94KQ54) has initiated the power off of computer CPHD-B94KQ54 on behalf of user NT AUTHORITY\SYSTEM for the following reason: No title for this reason could be found Reason Code: 0x500ff Shutdown Type: power off Comment:"
"CPHD-B94KQ54","12/17/2025 10:02:35 PM","System","12/17/2025 10:02:35 PM","6006","EventLog","Information","The Event log service was stopped."
"CPHD-B94KQ54","12/17/2025 10:02:35 PM","System","12/17/2025 10:02:40 PM","13","Microsoft-Windows-Kernel-General","Information","The operating system is shutting down at system time ‎2025‎-‎12‎-‎17T21:02:40.440837200Z."
"CPHD-B94KQ54","12/17/2025 10:02:35 PM","System","12/17/2025 10:18:36 PM","12","Microsoft-Windows-Kernel-General","Information","The operating system started at system time ‎2025‎-‎12‎-‎17T21:18:34.500000000Z."
"CPHD-B94KQ54","12/17/2025 10:02:35 PM","Microsoft-Windows-Kernel-Boot/Operational","12/17/2025 10:18:36 PM","292","Microsoft-Windows-Kernel-Boot","Error","Failed to update the SBAT value in FW."
"CPHD-B94KQ54","12/17/2025 10:02:35 PM","System","12/17/2025 10:19:05 PM","6005","EventLog","Information","The Event log service was started."
"CPHD-B94KQ54","12/17/2025 10:02:35 PM","System","12/17/2025 10:19:06 PM","12","Microsoft-Windows-UserModePowerService","Information","Process C:\Windows\System32\DriverStore\FileRepository\ipf_cpu.inf_amd64_c493e10bcfd25250\ipf_uf.exe (process ID:3988) reset policy scheme from {07084296-1ee0-4afa-bf25-f667953ec23a} to {07084296-1ee0-4afa-bf25-f667953ec23a}"
"CPHD-B94KQ54","12/17/2025 10:02:35 PM","System","12/17/2025 10:19:06 PM","12","Microsoft-Windows-UserModePowerService","Information","Process C:\Windows\System32\DriverStore\FileRepository\ipf_cpu.inf_amd64_c493e10bcfd25250\ipf_uf.exe (process ID:3988) reset policy scheme from {07084296-1ee0-4afa-bf25-f667953ec23a} to {07084296-1ee0-4afa-bf25-f667953ec23a}"
"CPHD-B94KQ54","12/17/2025 10:02:40 PM","System","12/17/2025 10:02:34 PM","1074","User32","Information","The process C:\Windows\system32\winlogon.exe (CPHD-B94KQ54) has initiated the power off of computer CPHD-B94KQ54 on behalf of user NT AUTHORITY\SYSTEM for the following reason: No title for this reason could be found Reason Code: 0x500ff Shutdown Type: power off Comment:"
"CPHD-B94KQ54","12/17/2025 10:02:40 PM","System","12/17/2025 10:02:35 PM","6006","EventLog","Information","The Event log service was stopped."
"CPHD-B94KQ54","12/17/2025 10:02:40 PM","System","12/17/2025 10:02:40 PM","13","Microsoft-Windows-Kernel-General","Information","The operating system is shutting down at system time ‎2025‎-‎12‎-‎17T21:02:40.440837200Z."
"CPHD-B94KQ54","12/17/2025 10:02:40 PM","System","12/17/2025 10:18:36 PM","12","Microsoft-Windows-Kernel-General","Information","The operating system started at system time ‎2025‎-‎12‎-‎17T21:18:34.500000000Z."
"CPHD-B94KQ54","12/17/2025 10:02:40 PM","Microsoft-Windows-Kernel-Boot/Operational","12/17/2025 10:18:36 PM","292","Microsoft-Windows-Kernel-Boot","Error","Failed to update the SBAT value in FW."
"CPHD-B94KQ54","12/17/2025 10:02:40 PM","System","12/17/2025 10:19:05 PM","6005","EventLog","Information","The Event log service was started."
"CPHD-B94KQ54","12/17/2025 10:02:40 PM","System","12/17/2025 10:19:06 PM","12","Microsoft-Windows-UserModePowerService","Information","Process C:\Windows\System32\DriverStore\FileRepository\ipf_cpu.inf_amd64_c493e10bcfd25250\ipf_uf.exe (process ID:3988) reset policy scheme from {07084296-1ee0-4afa-bf25-f667953ec23a} to {07084296-1ee0-4afa-bf25-f667953ec23a}"
"CPHD-B94KQ54","12/17/2025 10:02:40 PM","System","12/17/2025 10:19:06 PM","12","Microsoft-Windows-UserModePowerService","Information","Process C:\Windows\System32\DriverStore\FileRepository\ipf_cpu.inf_amd64_c493e10bcfd25250\ipf_uf.exe (process ID:3988) reset policy scheme from {07084296-1ee0-4afa-bf25-f667953ec23a} to {07084296-1ee0-4afa-bf25-f667953ec23a}"
"CPHD-B94KQ54","12/18/2025 3:49:38 AM","System","12/18/2025 3:49:38 AM","6006","EventLog","Information","The Event log service was stopped."
"CPHD-B94KQ54","12/18/2025 3:49:38 AM","System","12/18/2025 3:49:43 AM","13","Microsoft-Windows-Kernel-General","Information","The operating system is shutting down at system time ‎2025‎-‎12‎-‎18T02:49:43.618018000Z."
"CPHD-B94KQ54","12/18/2025 3:49:38 AM","System","12/18/2025 4:26:51 AM","12","Microsoft-Windows-Kernel-General","Information","The operating system started at system time ‎2025‎-‎12‎-‎18T03:26:50.500000000Z."
"CPHD-B94KQ54","12/18/2025 3:49:38 AM","Microsoft-Windows-Kernel-Boot/Operational","12/18/2025 4:26:51 AM","292","Microsoft-Windows-Kernel-Boot","Error","Failed to update the SBAT value in FW."
"CPHD-B94KQ54","12/18/2025 3:49:38 AM","System","12/18/2025 4:27:19 AM","6005","EventLog","Information","The Event log service was started."
"CPHD-B94KQ54","12/18/2025 3:49:38 AM","System","12/18/2025 4:27:20 AM","12","Microsoft-Windows-UserModePowerService","Information","Process C:\Windows\System32\DriverStore\FileRepository\ipf_cpu.inf_amd64_c493e10bcfd25250\ipf_uf.exe (process ID:3852) reset policy scheme from {07084296-1ee0-4afa-bf25-f667953ec23a} to {07084296-1ee0-4afa-bf25-f667953ec23a}"
"CPHD-B94KQ54","12/18/2025 3:49:38 AM","System","12/18/2025 4:27:20 AM","12","Microsoft-Windows-UserModePowerService","Information","Process C:\Windows\System32\DriverStore\FileRepository\ipf_cpu.inf_amd64_c493e10bcfd25250\ipf_uf.exe (process ID:3852) reset policy scheme from {07084296-1ee0-4afa-bf25-f667953ec23a} to {07084296-1ee0-4afa-bf25-f667953ec23a}"
"CPHD-B94KQ54","12/18/2025 3:49:43 AM","System","12/18/2025 3:49:38 AM","6006","EventLog","Information","The Event log service was stopped."
"CPHD-B94KQ54","12/18/2025 3:49:43 AM","System","12/18/2025 3:49:43 AM","13","Microsoft-Windows-Kernel-General","Information","The operating system is shutting down at system time ‎2025‎-‎12‎-‎18T02:49:43.618018000Z."
"CPHD-B94KQ54","12/18/2025 3:49:43 AM","System","12/18/2025 4:26:51 AM","12","Microsoft-Windows-Kernel-General","Information","The operating system started at system time ‎2025‎-‎12‎-‎18T03:26:50.500000000Z."
"CPHD-B94KQ54","12/18/2025 3:49:43 AM","Microsoft-Windows-Kernel-Boot/Operational","12/18/2025 4:26:51 AM","292","Microsoft-Windows-Kernel-Boot","Error","Failed to update the SBAT value in FW."
"CPHD-B94KQ54","12/18/2025 3:49:43 AM","System","12/18/2025 4:27:19 AM","6005","EventLog","Information","The Event log service was started."
"CPHD-B94KQ54","12/18/2025 3:49:43 AM","System","12/18/2025 4:27:20 AM","12","Microsoft-Windows-UserModePowerService","Information","Process C:\Windows\System32\DriverStore\FileRepository\ipf_cpu.inf_amd64_c493e10bcfd25250\ipf_uf.exe (process ID:3852) reset policy scheme from {07084296-1ee0-4afa-bf25-f667953ec23a} to {07084296-1ee0-4afa-bf25-f667953ec23a}"
"CPHD-B94KQ54","12/18/2025 3:49:43 AM","System","12/18/2025 4:27:20 AM","12","Microsoft-Windows-UserModePowerService","Information","Process C:\Windows\System32\DriverStore\FileRepository\ipf_cpu.inf_amd64_c493e10bcfd25250\ipf_uf.exe (process ID:3852) reset policy scheme from {07084296-1ee0-4afa-bf25-f667953ec23a} to {07084296-1ee0-4afa-bf25-f667953ec23a}"
"CPHD-B94KQ54","12/22/2025 8:18:04 AM","System","12/22/2025 8:18:04 AM","1074","User32","Information","The process C:\Windows\system32\winlogon.exe (CPHD-B94KQ54) has initiated the power off of computer CPHD-B94KQ54 on behalf of user NT AUTHORITY\SYSTEM for the following reason: No title for this reason could be found Reason Code: 0x500ff Shutdown Type: power off Comment:"
"CPHD-B94KQ54","12/22/2025 8:18:04 AM","System","12/22/2025 8:18:04 AM","6006","EventLog","Information","The Event log service was stopped."
"CPHD-B94KQ54","12/22/2025 8:18:04 AM","System","12/22/2025 8:18:10 AM","13","Microsoft-Windows-Kernel-General","Information","The operating system is shutting down at system time ‎2025‎-‎12‎-‎22T07:18:10.281866900Z."
"CPHD-B94KQ54","12/22/2025 8:18:04 AM","System","12/22/2025 8:42:33 AM","12","Microsoft-Windows-Kernel-General","Information","The operating system started at system time ‎2025‎-‎12‎-‎22T07:42:32.500000000Z."
"CPHD-B94KQ54","12/22/2025 8:18:04 AM","Microsoft-Windows-Kernel-Boot/Operational","12/22/2025 8:42:33 AM","292","Microsoft-Windows-Kernel-Boot","Error","Failed to update the SBAT value in FW."
"CPHD-B94KQ54","12/22/2025 8:18:04 AM","System","12/22/2025 8:43:01 AM","6005","EventLog","Information","The Event log service was started."
"CPHD-B94KQ54","12/22/2025 8:18:04 AM","System","12/22/2025 8:43:02 AM","12","Microsoft-Windows-UserModePowerService","Information","Process C:\Windows\System32\DriverStore\FileRepository\ipf_cpu.inf_amd64_c493e10bcfd25250\ipf_uf.exe (process ID:3952) reset policy scheme from {07084296-1ee0-4afa-bf25-f667953ec23a} to {07084296-1ee0-4afa-bf25-f667953ec23a}"
"CPHD-B94KQ54","12/22/2025 8:18:04 AM","System","12/22/2025 8:43:02 AM","12","Microsoft-Windows-UserModePowerService","Information","Process C:\Windows\System32\DriverStore\FileRepository\ipf_cpu.inf_amd64_c493e10bcfd25250\ipf_uf.exe (process ID:3952) reset policy scheme from {07084296-1ee0-4afa-bf25-f667953ec23a} to {07084296-1ee0-4afa-bf25-f667953ec23a}"
"CPHD-B94KQ54","12/22/2025 8:18:10 AM","System","12/22/2025 8:18:04 AM","1074","User32","Information","The process C:\Windows\system32\winlogon.exe (CPHD-B94KQ54) has initiated the power off of computer CPHD-B94KQ54 on behalf of user NT AUTHORITY\SYSTEM for the following reason: No title for this reason could be found Reason Code: 0x500ff Shutdown Type: power off Comment:"
"CPHD-B94KQ54","12/22/2025 8:18:10 AM","System","12/22/2025 8:18:04 AM","6006","EventLog","Information","The Event log service was stopped."
"CPHD-B94KQ54","12/22/2025 8:18:10 AM","System","12/22/2025 8:18:10 AM","13","Microsoft-Windows-Kernel-General","Information","The operating system is shutting down at system time ‎2025‎-‎12‎-‎22T07:18:10.281866900Z."
"CPHD-B94KQ54","12/22/2025 8:18:10 AM","System","12/22/2025 8:42:33 AM","12","Microsoft-Windows-Kernel-General","Information","The operating system started at system time ‎2025‎-‎12‎-‎22T07:42:32.500000000Z."
"CPHD-B94KQ54","12/22/2025 8:18:10 AM","Microsoft-Windows-Kernel-Boot/Operational","12/22/2025 8:42:33 AM","292","Microsoft-Windows-Kernel-Boot","Error","Failed to update the SBAT value in FW."
"CPHD-B94KQ54","12/22/2025 8:18:10 AM","System","12/22/2025 8:43:01 AM","6005","EventLog","Information","The Event log service was started."
"CPHD-B94KQ54","12/22/2025 8:18:10 AM","System","12/22/2025 8:43:02 AM","12","Microsoft-Windows-UserModePowerService","Information","Process C:\Windows\System32\DriverStore\FileRepository\ipf_cpu.inf_amd64_c493e10bcfd25250\ipf_uf.exe (process ID:3952) reset policy scheme from {07084296-1ee0-4afa-bf25-f667953ec23a} to {07084296-1ee0-4afa-bf25-f667953ec23a}"
"CPHD-B94KQ54","12/22/2025 8:18:10 AM","System","12/22/2025 8:43:02 AM","12","Microsoft-Windows-UserModePowerService","Information","Process C:\Windows\System32\DriverStore\FileRepository\ipf_cpu.inf_amd64_c493e10bcfd25250\ipf_uf.exe (process ID:3952) reset policy scheme from {07084296-1ee0-4afa-bf25-f667953ec23a} to {07084296-1ee0-4afa-bf25-f667953ec23a}"
"CPHD-B94KQ54","12/22/2025 1:05:11 PM","System","12/22/2025 1:05:06 PM","1074","User32","Information","The process C:\Windows\system32\winlogon.exe (CPHD-B94KQ54) has initiated the power off of computer CPHD-B94KQ54 on behalf of user NT AUTHORITY\SYSTEM for the following reason: No title for this reason could be found Reason Code: 0x500ff Shutdown Type: power off Comment:"
"CPHD-B94KQ54","12/22/2025 1:05:11 PM","System","12/22/2025 1:05:11 PM","6006","EventLog","Information","The Event log service was stopped."
"CPHD-B94KQ54","12/22/2025 1:05:11 PM","System","12/22/2025 1:05:16 PM","13","Microsoft-Windows-Kernel-General","Information","The operating system is shutting down at system time ‎2025‎-‎12‎-‎22T12:05:16.946998700Z."
"CPHD-B94KQ54","12/22/2025 1:05:11 PM","System","12/22/2025 1:27:22 PM","12","Microsoft-Windows-Kernel-General","Information","The operating system started at system time ‎2025‎-‎12‎-‎22T12:27:21.500000000Z."
"CPHD-B94KQ54","12/22/2025 1:05:11 PM","Microsoft-Windows-Kernel-Boot/Operational","12/22/2025 1:27:22 PM","292","Microsoft-Windows-Kernel-Boot","Error","Failed to update the SBAT value in FW."
"CPHD-B94KQ54","12/22/2025 1:05:11 PM","System","12/22/2025 1:27:50 PM","6005","EventLog","Information","The Event log service was started."
"CPHD-B94KQ54","12/22/2025 1:05:11 PM","System","12/22/2025 1:27:51 PM","12","Microsoft-Windows-UserModePowerService","Information","Process C:\Windows\System32\DriverStore\FileRepository\ipf_cpu.inf_amd64_c493e10bcfd25250\ipf_uf.exe (process ID:4004) reset policy scheme from {07084296-1ee0-4afa-bf25-f667953ec23a} to {07084296-1ee0-4afa-bf25-f667953ec23a}"
"CPHD-B94KQ54","12/22/2025 1:05:11 PM","System","12/22/2025 1:27:51 PM","12","Microsoft-Windows-UserModePowerService","Information","Process C:\Windows\System32\DriverStore\FileRepository\ipf_cpu.inf_amd64_c493e10bcfd25250\ipf_uf.exe (process ID:4004) reset policy scheme from {07084296-1ee0-4afa-bf25-f667953ec23a} to {07084296-1ee0-4afa-bf25-f667953ec23a}"
"CPHD-B94KQ54","12/22/2025 1:05:16 PM","System","12/22/2025 1:05:06 PM","1074","User32","Information","The process C:\Windows\system32\winlogon.exe (CPHD-B94KQ54) has initiated the power off of computer CPHD-B94KQ54 on behalf of user NT AUTHORITY\SYSTEM for the following reason: No title for this reason could be found Reason Code: 0x500ff Shutdown Type: power off Comment:"
"CPHD-B94KQ54","12/22/2025 1:05:16 PM","System","12/22/2025 1:05:11 PM","6006","EventLog","Information","The Event log service was stopped."
"CPHD-B94KQ54","12/22/2025 1:05:16 PM","System","12/22/2025 1:05:16 PM","13","Microsoft-Windows-Kernel-General","Information","The operating system is shutting down at system time ‎2025‎-‎12‎-‎22T12:05:16.946998700Z."
"CPHD-B94KQ54","12/22/2025 1:05:16 PM","System","12/22/2025 1:27:22 PM","12","Microsoft-Windows-Kernel-General","Information","The operating system started at system time ‎2025‎-‎12‎-‎22T12:27:21.500000000Z."
"CPHD-B94KQ54","12/22/2025 1:05:16 PM","Microsoft-Windows-Kernel-Boot/Operational","12/22/2025 1:27:22 PM","292","Microsoft-Windows-Kernel-Boot","Error","Failed to update the SBAT value in FW."
"CPHD-B94KQ54","12/22/2025 1:05:16 PM","System","12/22/2025 1:27:50 PM","6005","EventLog","Information","The Event log service was started."
"CPHD-B94KQ54","12/22/2025 1:05:16 PM","System","12/22/2025 1:27:51 PM","12","Microsoft-Windows-UserModePowerService","Information","Process C:\Windows\System32\DriverStore\FileRepository\ipf_cpu.inf_amd64_c493e10bcfd25250\ipf_uf.exe (process ID:4004) reset policy scheme from {07084296-1ee0-4afa-bf25-f667953ec23a} to {07084296-1ee0-4afa-bf25-f667953ec23a}"
"CPHD-B94KQ54","12/22/2025 1:05:16 PM","System","12/22/2025 1:27:51 PM","12","Microsoft-Windows-UserModePowerService","Information","Process C:\Windows\System32\DriverStore\FileRepository\ipf_cpu.inf_amd64_c493e10bcfd25250\ipf_uf.exe (process ID:4004) reset policy scheme from {07084296-1ee0-4afa-bf25-f667953ec23a} to {07084296-1ee0-4afa-bf25-f667953ec23a}"
"CPHD-B94KQ54","12/25/2025 10:42:15 PM","System","12/25/2025 10:42:15 PM","1074","User32","Information","The process C:\Windows\system32\winlogon.exe (CPHD-B94KQ54) has initiated the power off of computer CPHD-B94KQ54 on behalf of user NT AUTHORITY\SYSTEM for the following reason: No title for this reason could be found Reason Code: 0x500ff Shutdown Type: power off Comment:"
"CPHD-B94KQ54","12/25/2025 10:42:15 PM","System","12/25/2025 10:42:15 PM","6006","EventLog","Information","The Event log service was stopped."
"CPHD-B94KQ54","12/25/2025 10:42:15 PM","System","12/25/2025 10:42:21 PM","13","Microsoft-Windows-Kernel-General","Information","The operating system is shutting down at system time ‎2025‎-‎12‎-‎25T21:42:21.387855600Z."
"CPHD-B94KQ54","12/25/2025 10:42:15 PM","System","12/25/2025 10:44:37 PM","12","Microsoft-Windows-Kernel-General","Information","The operating system started at system time ‎2025‎-‎12‎-‎25T21:44:35.500000000Z."
"CPHD-B94KQ54","12/25/2025 10:42:15 PM","Microsoft-Windows-Kernel-Boot/Operational","12/25/2025 10:44:37 PM","292","Microsoft-Windows-Kernel-Boot","Error","Failed to update the SBAT value in FW."
"CPHD-B94KQ54","12/25/2025 10:42:15 PM","System","12/25/2025 10:45:07 PM","6005","EventLog","Information","The Event log service was started."
"CPHD-B94KQ54","12/25/2025 10:42:15 PM","System","12/25/2025 10:45:07 PM","12","Microsoft-Windows-UserModePowerService","Information","Process C:\Windows\System32\DriverStore\FileRepository\ipf_cpu.inf_amd64_c493e10bcfd25250\ipf_uf.exe (process ID:3876) reset policy scheme from {07084296-1ee0-4afa-bf25-f667953ec23a} to {07084296-1ee0-4afa-bf25-f667953ec23a}"
"CPHD-B94KQ54","12/25/2025 10:42:15 PM","System","12/25/2025 10:45:07 PM","12","Microsoft-Windows-UserModePowerService","Information","Process C:\Windows\System32\DriverStore\FileRepository\ipf_cpu.inf_amd64_c493e10bcfd25250\ipf_uf.exe (process ID:3876) reset policy scheme from {07084296-1ee0-4afa-bf25-f667953ec23a} to {07084296-1ee0-4afa-bf25-f667953ec23a}"
"CPHD-B94KQ54","12/25/2025 10:42:21 PM","System","12/25/2025 10:42:15 PM","1074","User32","Information","The process C:\Windows\system32\winlogon.exe (CPHD-B94KQ54) has initiated the power off of computer CPHD-B94KQ54 on behalf of user NT AUTHORITY\SYSTEM for the following reason: No title for this reason could be found Reason Code: 0x500ff Shutdown Type: power off Comment:"
"CPHD-B94KQ54","12/25/2025 10:42:21 PM","System","12/25/2025 10:42:15 PM","6006","EventLog","Information","The Event log service was stopped."
"CPHD-B94KQ54","12/25/2025 10:42:21 PM","System","12/25/2025 10:42:21 PM","13","Microsoft-Windows-Kernel-General","Information","The operating system is shutting down at system time ‎2025‎-‎12‎-‎25T21:42:21.387855600Z."
"CPHD-B94KQ54","12/25/2025 10:42:21 PM","System","12/25/2025 10:44:37 PM","12","Microsoft-Windows-Kernel-General","Information","The operating system started at system time ‎2025‎-‎12‎-‎25T21:44:35.500000000Z."
"CPHD-B94KQ54","12/25/2025 10:42:21 PM","Microsoft-Windows-Kernel-Boot/Operational","12/25/2025 10:44:37 PM","292","Microsoft-Windows-Kernel-Boot","Error","Failed to update the SBAT value in FW."
"CPHD-B94KQ54","12/25/2025 10:42:21 PM","System","12/25/2025 10:45:07 PM","6005","EventLog","Information","The Event log service was started."
"CPHD-B94KQ54","12/25/2025 10:42:21 PM","System","12/25/2025 10:45:07 PM","12","Microsoft-Windows-UserModePowerService","Information","Process C:\Windows\System32\DriverStore\FileRepository\ipf_cpu.inf_amd64_c493e10bcfd25250\ipf_uf.exe (process ID:3876) reset policy scheme from {07084296-1ee0-4afa-bf25-f667953ec23a} to {07084296-1ee0-4afa-bf25-f667953ec23a}"
"CPHD-B94KQ54","12/25/2025 10:42:21 PM","System","12/25/2025 10:45:07 PM","12","Microsoft-Windows-UserModePowerService","Information","Process C:\Windows\System32\DriverStore\FileRepository\ipf_cpu.inf_amd64_c493e10bcfd25250\ipf_uf.exe (process ID:3876) reset policy scheme from {07084296-1ee0-4afa-bf25-f667953ec23a} to {07084296-1ee0-4afa-bf25-f667953ec23a}"
"CPHD-B94KQ54","12/30/2025 12:47:59 PM","System","12/30/2025 12:47:59 PM","1074","User32","Information","The process C:\Windows\system32\winlogon.exe (CPHD-B94KQ54) has initiated the power off of computer CPHD-B94KQ54 on behalf of user NT AUTHORITY\SYSTEM for the following reason: No title for this reason could be found Reason Code: 0x500ff Shutdown Type: power off Comment:"
"CPHD-B94KQ54","12/30/2025 12:47:59 PM","System","12/30/2025 12:47:59 PM","6006","EventLog","Information","The Event log service was stopped."
"CPHD-B94KQ54","12/30/2025 12:47:59 PM","System","12/30/2025 12:48:05 PM","13","Microsoft-Windows-Kernel-General","Information","The operating system is shutting down at system time ‎2025‎-‎12‎-‎30T11:48:05.533121800Z."
"CPHD-B94KQ54","12/30/2025 12:47:59 PM","System","12/30/2025 1:01:41 PM","12","Microsoft-Windows-Kernel-General","Information","The operating system started at system time ‎2025‎-‎12‎-‎30T12:01:40.500000000Z."
"CPHD-B94KQ54","12/30/2025 12:47:59 PM","Microsoft-Windows-Kernel-Boot/Operational","12/30/2025 1:01:41 PM","292","Microsoft-Windows-Kernel-Boot","Error","Failed to update the SBAT value in FW."
"CPHD-B94KQ54","12/30/2025 12:47:59 PM","System","12/30/2025 1:02:09 PM","6005","EventLog","Information","The Event log service was started."
"CPHD-B94KQ54","12/30/2025 12:47:59 PM","System","12/30/2025 1:02:10 PM","12","Microsoft-Windows-UserModePowerService","Information","Process C:\Windows\System32\DriverStore\FileRepository\ipf_cpu.inf_amd64_c493e10bcfd25250\ipf_uf.exe (process ID:3888) reset policy scheme from {07084296-1ee0-4afa-bf25-f667953ec23a} to {07084296-1ee0-4afa-bf25-f667953ec23a}"
"CPHD-B94KQ54","12/30/2025 12:47:59 PM","System","12/30/2025 1:02:10 PM","12","Microsoft-Windows-UserModePowerService","Information","Process C:\Windows\System32\DriverStore\FileRepository\ipf_cpu.inf_amd64_c493e10bcfd25250\ipf_uf.exe (process ID:3888) reset policy scheme from {07084296-1ee0-4afa-bf25-f667953ec23a} to {07084296-1ee0-4afa-bf25-f667953ec23a}"
"CPHD-B94KQ54","12/30/2025 12:48:05 PM","System","12/30/2025 12:47:59 PM","1074","User32","Information","The process C:\Windows\system32\winlogon.exe (CPHD-B94KQ54) has initiated the power off of computer CPHD-B94KQ54 on behalf of user NT AUTHORITY\SYSTEM for the following reason: No title for this reason could be found Reason Code: 0x500ff Shutdown Type: power off Comment:"
"CPHD-B94KQ54","12/30/2025 12:48:05 PM","System","12/30/2025 12:47:59 PM","6006","EventLog","Information","The Event log service was stopped."
"CPHD-B94KQ54","12/30/2025 12:48:05 PM","System","12/30/2025 12:48:05 PM","13","Microsoft-Windows-Kernel-General","Information","The operating system is shutting down at system time ‎2025‎-‎12‎-‎30T11:48:05.533121800Z."
"CPHD-B94KQ54","12/30/2025 12:48:05 PM","System","12/30/2025 1:01:41 PM","12","Microsoft-Windows-Kernel-General","Information","The operating system started at system time ‎2025‎-‎12‎-‎30T12:01:40.500000000Z."
"CPHD-B94KQ54","12/30/2025 12:48:05 PM","Microsoft-Windows-Kernel-Boot/Operational","12/30/2025 1:01:41 PM","292","Microsoft-Windows-Kernel-Boot","Error","Failed to update the SBAT value in FW."
"CPHD-B94KQ54","12/30/2025 12:48:05 PM","System","12/30/2025 1:02:09 PM","6005","EventLog","Information","The Event log service was started."
"CPHD-B94KQ54","12/30/2025 12:48:05 PM","System","12/30/2025 1:02:10 PM","12","Microsoft-Windows-UserModePowerService","Information","Process C:\Windows\System32\DriverStore\FileRepository\ipf_cpu.inf_amd64_c493e10bcfd25250\ipf_uf.exe (process ID:3888) reset policy scheme from {07084296-1ee0-4afa-bf25-f667953ec23a} to {07084296-1ee0-4afa-bf25-f667953ec23a}"
"CPHD-B94KQ54","12/30/2025 12:48:05 PM","System","12/30/2025 1:02:10 PM","12","Microsoft-Windows-UserModePowerService","Information","Process C:\Windows\System32\DriverStore\FileRepository\ipf_cpu.inf_amd64_c493e10bcfd25250\ipf_uf.exe (process ID:3888) reset policy scheme from {07084296-1ee0-4afa-bf25-f667953ec23a} to {07084296-1ee0-4afa-bf25-f667953ec23a}"
"CPHD-B94KQ54","12/30/2025 10:13:59 PM","System","12/30/2025 10:13:59 PM","1074","User32","Information","The process C:\Windows\system32\winlogon.exe (CPHD-B94KQ54) has initiated the power off of computer CPHD-B94KQ54 on behalf of user NT AUTHORITY\SYSTEM for the following reason: No title for this reason could be found Reason Code: 0x500ff Shutdown Type: power off Comment:"
"CPHD-B94KQ54","12/30/2025 10:13:59 PM","System","12/30/2025 10:13:59 PM","6006","EventLog","Information","The Event log service was stopped."
"CPHD-B94KQ54","12/30/2025 10:13:59 PM","System","12/30/2025 10:14:05 PM","13","Microsoft-Windows-Kernel-General","Information","The operating system is shutting down at system time ‎2025‎-‎12‎-‎30T21:14:05.112629200Z."
"CPHD-B94KQ54","12/30/2025 10:13:59 PM","System","12/30/2025 10:25:55 PM","12","Microsoft-Windows-Kernel-General","Information","The operating system started at system time ‎2025‎-‎12‎-‎30T21:25:54.500000000Z."
"CPHD-B94KQ54","12/30/2025 10:13:59 PM","Microsoft-Windows-Kernel-Boot/Operational","12/30/2025 10:25:55 PM","292","Microsoft-Windows-Kernel-Boot","Error","Failed to update the SBAT value in FW."
"CPHD-B94KQ54","12/30/2025 10:13:59 PM","System","12/30/2025 10:26:23 PM","6005","EventLog","Information","The Event log service was started."
"CPHD-B94KQ54","12/30/2025 10:13:59 PM","System","12/30/2025 10:26:23 PM","12","Microsoft-Windows-UserModePowerService","Information","Process C:\Windows\System32\DriverStore\FileRepository\ipf_cpu.inf_amd64_c493e10bcfd25250\ipf_uf.exe (process ID:3888) reset policy scheme from {07084296-1ee0-4afa-bf25-f667953ec23a} to {07084296-1ee0-4afa-bf25-f667953ec23a}"
"CPHD-B94KQ54","12/30/2025 10:13:59 PM","System","12/30/2025 10:26:23 PM","12","Microsoft-Windows-UserModePowerService","Information","Process C:\Windows\System32\DriverStore\FileRepository\ipf_cpu.inf_amd64_c493e10bcfd25250\ipf_uf.exe (process ID:3888) reset policy scheme from {07084296-1ee0-4afa-bf25-f667953ec23a} to {07084296-1ee0-4afa-bf25-f667953ec23a}"
"CPHD-B94KQ54","12/30/2025 10:14:05 PM","System","12/30/2025 10:13:59 PM","1074","User32","Information","The process C:\Windows\system32\winlogon.exe (CPHD-B94KQ54) has initiated the power off of computer CPHD-B94KQ54 on behalf of user NT AUTHORITY\SYSTEM for the following reason: No title for this reason could be found Reason Code: 0x500ff Shutdown Type: power off Comment:"
"CPHD-B94KQ54","12/30/2025 10:14:05 PM","System","12/30/2025 10:13:59 PM","6006","EventLog","Information","The Event log service was stopped."
"CPHD-B94KQ54","12/30/2025 10:14:05 PM","System","12/30/2025 10:14:05 PM","13","Microsoft-Windows-Kernel-General","Information","The operating system is shutting down at system time ‎2025‎-‎12‎-‎30T21:14:05.112629200Z."
"CPHD-B94KQ54","12/30/2025 10:14:05 PM","System","12/30/2025 10:25:55 PM","12","Microsoft-Windows-Kernel-General","Information","The operating system started at system time ‎2025‎-‎12‎-‎30T21:25:54.500000000Z."
"CPHD-B94KQ54","12/30/2025 10:14:05 PM","Microsoft-Windows-Kernel-Boot/Operational","12/30/2025 10:25:55 PM","292","Microsoft-Windows-Kernel-Boot","Error","Failed to update the SBAT value in FW."
"CPHD-B94KQ54","12/30/2025 10:14:05 PM","System","12/30/2025 10:26:23 PM","6005","EventLog","Information","The Event log service was started."
"CPHD-B94KQ54","12/30/2025 10:14:05 PM","System","12/30/2025 10:26:23 PM","12","Microsoft-Windows-UserModePowerService","Information","Process C:\Windows\System32\DriverStore\FileRepository\ipf_cpu.inf_amd64_c493e10bcfd25250\ipf_uf.exe (process ID:3888) reset policy scheme from {07084296-1ee0-4afa-bf25-f667953ec23a} to {07084296-1ee0-4afa-bf25-f667953ec23a}"
"CPHD-B94KQ54","12/30/2025 10:14:05 PM","System","12/30/2025 10:26:23 PM","12","Microsoft-Windows-UserModePowerService","Information","Process C:\Windows\System32\DriverStore\FileRepository\ipf_cpu.inf_amd64_c493e10bcfd25250\ipf_uf.exe (process ID:3888) reset policy scheme from {07084296-1ee0-4afa-bf25-f667953ec23a} to {07084296-1ee0-4afa-bf25-f667953ec23a}"
"CPHD-B94KQ54","1/5/2026 7:39:57 AM","System","1/5/2026 7:39:57 AM","1074","User32","Information","The process C:\Windows\system32\winlogon.exe (CPHD-B94KQ54) has initiated the power off of computer CPHD-B94KQ54 on behalf of user NT AUTHORITY\SYSTEM for the following reason: No title for this reason could be found Reason Code: 0x500ff Shutdown Type: power off Comment:"
"CPHD-B94KQ54","1/5/2026 7:39:57 AM","System","1/5/2026 7:39:57 AM","6006","EventLog","Information","The Event log service was stopped."
"CPHD-B94KQ54","1/5/2026 7:39:57 AM","System","1/5/2026 7:40:03 AM","13","Microsoft-Windows-Kernel-General","Information","The operating system is shutting down at system time ‎2026‎-‎01‎-‎05T06:40:03.527643300Z."
"CPHD-B94KQ54","1/5/2026 7:39:57 AM","System","1/5/2026 7:47:49 AM","12","Microsoft-Windows-Kernel-General","Information","The operating system started at system time ‎2026‎-‎01‎-‎05T06:47:47.500000000Z."
"CPHD-B94KQ54","1/5/2026 7:39:57 AM","Microsoft-Windows-Kernel-Boot/Operational","1/5/2026 7:47:49 AM","292","Microsoft-Windows-Kernel-Boot","Error","Failed to update the SBAT value in FW."
"CPHD-B94KQ54","1/5/2026 7:39:57 AM","System","1/5/2026 7:48:18 AM","6005","EventLog","Information","The Event log service was started."
"CPHD-B94KQ54","1/5/2026 7:39:57 AM","System","1/5/2026 7:48:18 AM","12","Microsoft-Windows-UserModePowerService","Information","Process C:\Windows\System32\DriverStore\FileRepository\ipf_cpu.inf_amd64_c493e10bcfd25250\ipf_uf.exe (process ID:3836) reset policy scheme from {07084296-1ee0-4afa-bf25-f667953ec23a} to {07084296-1ee0-4afa-bf25-f667953ec23a}"
"CPHD-B94KQ54","1/5/2026 7:39:57 AM","System","1/5/2026 7:48:18 AM","12","Microsoft-Windows-UserModePowerService","Information","Process C:\Windows\System32\DriverStore\FileRepository\ipf_cpu.inf_amd64_c493e10bcfd25250\ipf_uf.exe (process ID:3836) reset policy scheme from {07084296-1ee0-4afa-bf25-f667953ec23a} to {07084296-1ee0-4afa-bf25-f667953ec23a}"
"CPHD-B94KQ54","1/5/2026 7:40:03 AM","System","1/5/2026 7:39:57 AM","1074","User32","Information","The process C:\Windows\system32\winlogon.exe (CPHD-B94KQ54) has initiated the power off of computer CPHD-B94KQ54 on behalf of user NT AUTHORITY\SYSTEM for the following reason: No title for this reason could be found Reason Code: 0x500ff Shutdown Type: power off Comment:"
"CPHD-B94KQ54","1/5/2026 7:40:03 AM","System","1/5/2026 7:39:57 AM","6006","EventLog","Information","The Event log service was stopped."
"CPHD-B94KQ54","1/5/2026 7:40:03 AM","System","1/5/2026 7:40:03 AM","13","Microsoft-Windows-Kernel-General","Information","The operating system is shutting down at system time ‎2026‎-‎01‎-‎05T06:40:03.527643300Z."
"CPHD-B94KQ54","1/5/2026 7:40:03 AM","System","1/5/2026 7:47:49 AM","12","Microsoft-Windows-Kernel-General","Information","The operating system started at system time ‎2026‎-‎01‎-‎05T06:47:47.500000000Z."
"CPHD-B94KQ54","1/5/2026 7:40:03 AM","Microsoft-Windows-Kernel-Boot/Operational","1/5/2026 7:47:49 AM","292","Microsoft-Windows-Kernel-Boot","Error","Failed to update the SBAT value in FW."
"CPHD-B94KQ54","1/5/2026 7:40:03 AM","System","1/5/2026 7:48:18 AM","6005","EventLog","Information","The Event log service was started."
"CPHD-B94KQ54","1/5/2026 7:40:03 AM","System","1/5/2026 7:48:18 AM","12","Microsoft-Windows-UserModePowerService","Information","Process C:\Windows\System32\DriverStore\FileRepository\ipf_cpu.inf_amd64_c493e10bcfd25250\ipf_uf.exe (process ID:3836) reset policy scheme from {07084296-1ee0-4afa-bf25-f667953ec23a} to {07084296-1ee0-4afa-bf25-f667953ec23a}"
"CPHD-B94KQ54","1/5/2026 7:40:03 AM","System","1/5/2026 7:48:18 AM","12","Microsoft-Windows-UserModePowerService","Information","Process C:\Windows\System32\DriverStore\FileRepository\ipf_cpu.inf_amd64_c493e10bcfd25250\ipf_uf.exe (process ID:3836) reset policy scheme from {07084296-1ee0-4afa-bf25-f667953ec23a} to {07084296-1ee0-4afa-bf25-f667953ec23a}"
"CPHD-B94KQ54","1/12/2026 7:59:01 AM","System","1/12/2026 7:59:00 AM","1074","User32","Information","The process C:\Windows\system32\winlogon.exe (CPHD-B94KQ54) has initiated the power off of computer CPHD-B94KQ54 on behalf of user NT AUTHORITY\SYSTEM for the following reason: No title for this reason could be found Reason Code: 0x500ff Shutdown Type: power off Comment:"
"CPHD-B94KQ54","1/12/2026 7:59:01 AM","System","1/12/2026 7:59:01 AM","6006","EventLog","Information","The Event log service was stopped."
"CPHD-B94KQ54","1/12/2026 7:59:01 AM","System","1/12/2026 7:59:06 AM","13","Microsoft-Windows-Kernel-General","Information","The operating system is shutting down at system time ‎2026‎-‎01‎-‎12T06:59:06.887871200Z."
"CPHD-B94KQ54","1/12/2026 7:59:01 AM","System","1/12/2026 8:06:27 AM","12","Microsoft-Windows-Kernel-General","Information","The operating system started at system time ‎2026‎-‎01‎-‎12T07:06:25.500000000Z."
"CPHD-B94KQ54","1/12/2026 7:59:01 AM","Microsoft-Windows-Kernel-Boot/Operational","1/12/2026 8:06:27 AM","292","Microsoft-Windows-Kernel-Boot","Error","Failed to update the SBAT value in FW."
"CPHD-B94KQ54","1/12/2026 7:59:01 AM","System","1/12/2026 8:06:56 AM","6005","EventLog","Information","The Event log service was started."
"CPHD-B94KQ54","1/12/2026 7:59:01 AM","System","1/12/2026 8:06:57 AM","12","Microsoft-Windows-UserModePowerService","Information","Process C:\Windows\System32\DriverStore\FileRepository\ipf_cpu.inf_amd64_c493e10bcfd25250\ipf_uf.exe (process ID:3844) reset policy scheme from {07084296-1ee0-4afa-bf25-f667953ec23a} to {07084296-1ee0-4afa-bf25-f667953ec23a}"
"CPHD-B94KQ54","1/12/2026 7:59:01 AM","System","1/12/2026 8:06:57 AM","12","Microsoft-Windows-UserModePowerService","Information","Process C:\Windows\System32\DriverStore\FileRepository\ipf_cpu.inf_amd64_c493e10bcfd25250\ipf_uf.exe (process ID:3844) reset policy scheme from {07084296-1ee0-4afa-bf25-f667953ec23a} to {07084296-1ee0-4afa-bf25-f667953ec23a}"
"CPHD-B94KQ54","1/12/2026 7:59:06 AM","System","1/12/2026 7:59:00 AM","1074","User32","Information","The process C:\Windows\system32\winlogon.exe (CPHD-B94KQ54) has initiated the power off of computer CPHD-B94KQ54 on behalf of user NT AUTHORITY\SYSTEM for the following reason: No title for this reason could be found Reason Code: 0x500ff Shutdown Type: power off Comment:"
"CPHD-B94KQ54","1/12/2026 7:59:06 AM","System","1/12/2026 7:59:01 AM","6006","EventLog","Information","The Event log service was stopped."
"CPHD-B94KQ54","1/12/2026 7:59:06 AM","System","1/12/2026 7:59:06 AM","13","Microsoft-Windows-Kernel-General","Information","The operating system is shutting down at system time ‎2026‎-‎01‎-‎12T06:59:06.887871200Z."
"CPHD-B94KQ54","1/12/2026 7:59:06 AM","System","1/12/2026 8:06:27 AM","12","Microsoft-Windows-Kernel-General","Information","The operating system started at system time ‎2026‎-‎01‎-‎12T07:06:25.500000000Z."
"CPHD-B94KQ54","1/12/2026 7:59:06 AM","Microsoft-Windows-Kernel-Boot/Operational","1/12/2026 8:06:27 AM","292","Microsoft-Windows-Kernel-Boot","Error","Failed to update the SBAT value in FW."
"CPHD-B94KQ54","1/12/2026 7:59:06 AM","System","1/12/2026 8:06:56 AM","6005","EventLog","Information","The Event log service was started."
"CPHD-B94KQ54","1/12/2026 7:59:06 AM","System","1/12/2026 8:06:57 AM","12","Microsoft-Windows-UserModePowerService","Information","Process C:\Windows\System32\DriverStore\FileRepository\ipf_cpu.inf_amd64_c493e10bcfd25250\ipf_uf.exe (process ID:3844) reset policy scheme from {07084296-1ee0-4afa-bf25-f667953ec23a} to {07084296-1ee0-4afa-bf25-f667953ec23a}"
"CPHD-B94KQ54","1/12/2026 7:59:06 AM","System","1/12/2026 8:06:57 AM","12","Microsoft-Windows-UserModePowerService","Information","Process C:\Windows\System32\DriverStore\FileRepository\ipf_cpu.inf_amd64_c493e10bcfd25250\ipf_uf.exe (process ID:3844) reset policy scheme from {07084296-1ee0-4afa-bf25-f667953ec23a} to {07084296-1ee0-4afa-bf25-f667953ec23a}"
