AssayPattern,Enabled,CartridgeField,SampleTokenIndex,SuffixX,SuffixPlus,DelaminationMarkerType,MinValidCartridgeSNPercent,Note,Priority
Xpert MTB-RIF Assay G4,True,Cartridge S/N,3,X,+,DelaminationCodeRegex,80,Use parity (odd/even) to predict expected suffix for MTB-family; fallback to majority if too many missing/invalid S/N,9000
Xpert MTB-RIF JP IVD,True,Cartridge S/N,3,X,+,DelaminationCodeRegex,80,Use parity (odd/even) to predict expected suffix for MTB-family; fallback to majority if too many missing/invalid S/N,9000
Xpert MTB-RIF Ultra,True,Cartridge S/N,3,X,+,DelaminationCodeRegex,80,Use parity (odd/even) to predict expected suffix for MTB-family; fallback to majority if too many missing/invalid S/N,9000
Xpert MTB-XDR,True,Cartridge S/N,3,X,+,DelaminationCodeRegex,80,Use parity (odd/even) to predict expected suffix for MTB-family; fallback to majority if too many missing/invalid S/N,9000
*,False,Cartridge S/N,3,X,+,DelaminationCodeRegex,80,(Template) Enable per-assay when X/+ naming is used and Cartridge S/N parity is meaningful,100
