﻿"Computer","EpisodeShutdownTime","LogName","TimeCreated","EventId","Provider","Level","Message"
"CPHD-2MYMZ44","11/19/2025 7:27:00 AM","Microsoft-Windows-WindowsUpdateClient/Operational","11/19/2025 6:31:01 AM","41","Microsoft-Windows-WindowsUpdateClient","Information","An update was downloaded."
"CPHD-2MYMZ44","11/19/2025 7:27:00 AM","System","11/19/2025 7:26:57 AM","1074","User32","Information","The process C:\Windows\system32\winlogon.exe (CPHD-2MYMZ44) has initiated the power off of computer CPHD-2MYMZ44 on behalf of user NT AUTHORITY\SYSTEM for the following reason: No title for this reason could be found Reason Code: 0x500ff Shutdown Type: power off Comment:"
"CPHD-2MYMZ44","11/19/2025 7:27:00 AM","System","11/19/2025 7:27:00 AM","6006","EventLog","Information","The Event log service was stopped."
"CPHD-2MYMZ44","11/19/2025 7:27:00 AM","System","11/19/2025 7:27:05 AM","13","Microsoft-Windows-Kernel-General","Information","The operating system is shutting down at system time ‎2025‎-‎11‎-‎19T06:27:05.843821900Z."
"CPHD-2MYMZ44","11/19/2025 7:27:00 AM","System","11/19/2025 7:41:20 AM","12","Microsoft-Windows-Kernel-General","Information","The operating system started at system time ‎2025‎-‎11‎-‎19T06:41:18.500000000Z."
"CPHD-2MYMZ44","11/19/2025 7:27:00 AM","Microsoft-Windows-Kernel-Boot/Operational","11/19/2025 7:41:20 AM","292","Microsoft-Windows-Kernel-Boot","Error","Failed to update the SBAT value in FW."
"CPHD-2MYMZ44","11/19/2025 7:27:00 AM","System","11/19/2025 7:41:51 AM","6005","EventLog","Information","The Event log service was started."
"CPHD-2MYMZ44","11/19/2025 7:27:00 AM","System","11/19/2025 7:41:51 AM","12","Microsoft-Windows-UserModePowerService","Information","Process C:\Windows\System32\DriverStore\FileRepository\ipf_cpu.inf_amd64_c493e10bcfd25250\ipf_uf.exe (process ID:4060) reset policy scheme from {07084296-1ee0-4afa-bf25-f667953ec23a} to {07084296-1ee0-4afa-bf25-f667953ec23a}"
"CPHD-2MYMZ44","11/19/2025 7:27:00 AM","System","11/19/2025 7:41:51 AM","12","Microsoft-Windows-UserModePowerService","Information","Process C:\Windows\System32\DriverStore\FileRepository\ipf_cpu.inf_amd64_c493e10bcfd25250\ipf_uf.exe (process ID:4060) reset policy scheme from {07084296-1ee0-4afa-bf25-f667953ec23a} to {07084296-1ee0-4afa-bf25-f667953ec23a}"
"CPHD-2MYMZ44","11/19/2025 7:27:05 AM","Microsoft-Windows-WindowsUpdateClient/Operational","11/19/2025 6:31:01 AM","41","Microsoft-Windows-WindowsUpdateClient","Information","An update was downloaded."
"CPHD-2MYMZ44","11/19/2025 7:27:05 AM","System","11/19/2025 7:26:57 AM","1074","User32","Information","The process C:\Windows\system32\winlogon.exe (CPHD-2MYMZ44) has initiated the power off of computer CPHD-2MYMZ44 on behalf of user NT AUTHORITY\SYSTEM for the following reason: No title for this reason could be found Reason Code: 0x500ff Shutdown Type: power off Comment:"
"CPHD-2MYMZ44","11/19/2025 7:27:05 AM","System","11/19/2025 7:27:00 AM","6006","EventLog","Information","The Event log service was stopped."
"CPHD-2MYMZ44","11/19/2025 7:27:05 AM","System","11/19/2025 7:27:05 AM","13","Microsoft-Windows-Kernel-General","Information","The operating system is shutting down at system time ‎2025‎-‎11‎-‎19T06:27:05.843821900Z."
"CPHD-2MYMZ44","11/19/2025 7:27:05 AM","System","11/19/2025 7:41:20 AM","12","Microsoft-Windows-Kernel-General","Information","The operating system started at system time ‎2025‎-‎11‎-‎19T06:41:18.500000000Z."
"CPHD-2MYMZ44","11/19/2025 7:27:05 AM","Microsoft-Windows-Kernel-Boot/Operational","11/19/2025 7:41:20 AM","292","Microsoft-Windows-Kernel-Boot","Error","Failed to update the SBAT value in FW."
"CPHD-2MYMZ44","11/19/2025 7:27:05 AM","System","11/19/2025 7:41:51 AM","6005","EventLog","Information","The Event log service was started."
"CPHD-2MYMZ44","11/19/2025 7:27:05 AM","System","11/19/2025 7:41:51 AM","12","Microsoft-Windows-UserModePowerService","Information","Process C:\Windows\System32\DriverStore\FileRepository\ipf_cpu.inf_amd64_c493e10bcfd25250\ipf_uf.exe (process ID:4060) reset policy scheme from {07084296-1ee0-4afa-bf25-f667953ec23a} to {07084296-1ee0-4afa-bf25-f667953ec23a}"
"CPHD-2MYMZ44","11/19/2025 7:27:05 AM","System","11/19/2025 7:41:51 AM","12","Microsoft-Windows-UserModePowerService","Information","Process C:\Windows\System32\DriverStore\FileRepository\ipf_cpu.inf_amd64_c493e10bcfd25250\ipf_uf.exe (process ID:4060) reset policy scheme from {07084296-1ee0-4afa-bf25-f667953ec23a} to {07084296-1ee0-4afa-bf25-f667953ec23a}"
"CPHD-2MYMZ44","11/20/2025 4:07:57 AM","System","11/20/2025 4:07:57 AM","6006","EventLog","Information","The Event log service was stopped."
"CPHD-2MYMZ44","11/20/2025 4:07:57 AM","System","11/20/2025 4:08:02 AM","13","Microsoft-Windows-Kernel-General","Information","The operating system is shutting down at system time ‎2025‎-‎11‎-‎20T03:08:02.968422900Z."
"CPHD-2MYMZ44","11/20/2025 4:07:57 AM","System","11/20/2025 4:08:18 AM","12","Microsoft-Windows-Kernel-General","Information","The operating system started at system time ‎2025‎-‎11‎-‎20T03:08:17.500000000Z."
"CPHD-2MYMZ44","11/20/2025 4:07:57 AM","Microsoft-Windows-Kernel-Boot/Operational","11/20/2025 4:08:18 AM","292","Microsoft-Windows-Kernel-Boot","Error","Failed to update the SBAT value in FW."
"CPHD-2MYMZ44","11/20/2025 4:07:57 AM","System","11/20/2025 4:08:58 AM","1074","User32","Information","The process C:\Windows\servicing\TrustedInstaller.exe (CPHD-2MYMZ44) has initiated the restart of computer CPHD-2MYMZ44 on behalf of user NT AUTHORITY\SYSTEM for the following reason: Operating System: Upgrade (Planned) Reason Code: 0x80020003 Shutdown Type: restart Comment:"
"CPHD-2MYMZ44","11/20/2025 4:07:57 AM","System","11/20/2025 4:08:58 AM","6005","EventLog","Information","The Event log service was started."
"CPHD-2MYMZ44","11/20/2025 4:07:57 AM","System","11/20/2025 4:08:58 AM","6006","EventLog","Information","The Event log service was stopped."
"CPHD-2MYMZ44","11/20/2025 4:07:57 AM","System","11/20/2025 4:09:01 AM","13","Microsoft-Windows-Kernel-General","Information","The operating system is shutting down at system time ‎2025‎-‎11‎-‎20T03:09:01.822533000Z."
"CPHD-2MYMZ44","11/20/2025 4:07:57 AM","System","11/20/2025 4:09:17 AM","12","Microsoft-Windows-Kernel-General","Information","The operating system started at system time ‎2025‎-‎11‎-‎20T03:09:16.500000000Z."
"CPHD-2MYMZ44","11/20/2025 4:07:57 AM","Microsoft-Windows-Kernel-Boot/Operational","11/20/2025 4:09:17 AM","292","Microsoft-Windows-Kernel-Boot","Error","Failed to update the SBAT value in FW."
"CPHD-2MYMZ44","11/20/2025 4:07:57 AM","System","11/20/2025 4:09:46 AM","6005","EventLog","Information","The Event log service was started."
"CPHD-2MYMZ44","11/20/2025 4:07:57 AM","System","11/20/2025 4:09:46 AM","12","Microsoft-Windows-UserModePowerService","Information","Process C:\Windows\System32\DriverStore\FileRepository\ipf_cpu.inf_amd64_c493e10bcfd25250\ipf_uf.exe (process ID:3960) reset policy scheme from {07084296-1ee0-4afa-bf25-f667953ec23a} to {07084296-1ee0-4afa-bf25-f667953ec23a}"
"CPHD-2MYMZ44","11/20/2025 4:07:57 AM","System","11/20/2025 4:09:46 AM","12","Microsoft-Windows-UserModePowerService","Information","Process C:\Windows\System32\DriverStore\FileRepository\ipf_cpu.inf_amd64_c493e10bcfd25250\ipf_uf.exe (process ID:3960) reset policy scheme from {07084296-1ee0-4afa-bf25-f667953ec23a} to {07084296-1ee0-4afa-bf25-f667953ec23a}"
"CPHD-2MYMZ44","11/20/2025 4:08:02 AM","System","11/20/2025 4:07:57 AM","6006","EventLog","Information","The Event log service was stopped."
"CPHD-2MYMZ44","11/20/2025 4:08:02 AM","System","11/20/2025 4:08:02 AM","13","Microsoft-Windows-Kernel-General","Information","The operating system is shutting down at system time ‎2025‎-‎11‎-‎20T03:08:02.968422900Z."
"CPHD-2MYMZ44","11/20/2025 4:08:02 AM","System","11/20/2025 4:08:18 AM","12","Microsoft-Windows-Kernel-General","Information","The operating system started at system time ‎2025‎-‎11‎-‎20T03:08:17.500000000Z."
"CPHD-2MYMZ44","11/20/2025 4:08:02 AM","Microsoft-Windows-Kernel-Boot/Operational","11/20/2025 4:08:18 AM","292","Microsoft-Windows-Kernel-Boot","Error","Failed to update the SBAT value in FW."
"CPHD-2MYMZ44","11/20/2025 4:08:02 AM","System","11/20/2025 4:08:58 AM","1074","User32","Information","The process C:\Windows\servicing\TrustedInstaller.exe (CPHD-2MYMZ44) has initiated the restart of computer CPHD-2MYMZ44 on behalf of user NT AUTHORITY\SYSTEM for the following reason: Operating System: Upgrade (Planned) Reason Code: 0x80020003 Shutdown Type: restart Comment:"
"CPHD-2MYMZ44","11/20/2025 4:08:02 AM","System","11/20/2025 4:08:58 AM","6005","EventLog","Information","The Event log service was started."
"CPHD-2MYMZ44","11/20/2025 4:08:02 AM","System","11/20/2025 4:08:58 AM","6006","EventLog","Information","The Event log service was stopped."
"CPHD-2MYMZ44","11/20/2025 4:08:02 AM","System","11/20/2025 4:09:01 AM","13","Microsoft-Windows-Kernel-General","Information","The operating system is shutting down at system time ‎2025‎-‎11‎-‎20T03:09:01.822533000Z."
"CPHD-2MYMZ44","11/20/2025 4:08:02 AM","System","11/20/2025 4:09:17 AM","12","Microsoft-Windows-Kernel-General","Information","The operating system started at system time ‎2025‎-‎11‎-‎20T03:09:16.500000000Z."
"CPHD-2MYMZ44","11/20/2025 4:08:02 AM","Microsoft-Windows-Kernel-Boot/Operational","11/20/2025 4:09:17 AM","292","Microsoft-Windows-Kernel-Boot","Error","Failed to update the SBAT value in FW."
"CPHD-2MYMZ44","11/20/2025 4:08:02 AM","System","11/20/2025 4:09:46 AM","6005","EventLog","Information","The Event log service was started."
"CPHD-2MYMZ44","11/20/2025 4:08:02 AM","System","11/20/2025 4:09:46 AM","12","Microsoft-Windows-UserModePowerService","Information","Process C:\Windows\System32\DriverStore\FileRepository\ipf_cpu.inf_amd64_c493e10bcfd25250\ipf_uf.exe (process ID:3960) reset policy scheme from {07084296-1ee0-4afa-bf25-f667953ec23a} to {07084296-1ee0-4afa-bf25-f667953ec23a}"
"CPHD-2MYMZ44","11/20/2025 4:08:02 AM","System","11/20/2025 4:09:46 AM","12","Microsoft-Windows-UserModePowerService","Information","Process C:\Windows\System32\DriverStore\FileRepository\ipf_cpu.inf_amd64_c493e10bcfd25250\ipf_uf.exe (process ID:3960) reset policy scheme from {07084296-1ee0-4afa-bf25-f667953ec23a} to {07084296-1ee0-4afa-bf25-f667953ec23a}"
"CPHD-2MYMZ44","11/20/2025 4:08:58 AM","System","11/20/2025 4:07:57 AM","6006","EventLog","Information","The Event log service was stopped."
"CPHD-2MYMZ44","11/20/2025 4:08:58 AM","System","11/20/2025 4:08:02 AM","13","Microsoft-Windows-Kernel-General","Information","The operating system is shutting down at system time ‎2025‎-‎11‎-‎20T03:08:02.968422900Z."
"CPHD-2MYMZ44","11/20/2025 4:08:58 AM","System","11/20/2025 4:08:18 AM","12","Microsoft-Windows-Kernel-General","Information","The operating system started at system time ‎2025‎-‎11‎-‎20T03:08:17.500000000Z."
"CPHD-2MYMZ44","11/20/2025 4:08:58 AM","Microsoft-Windows-Kernel-Boot/Operational","11/20/2025 4:08:18 AM","292","Microsoft-Windows-Kernel-Boot","Error","Failed to update the SBAT value in FW."
"CPHD-2MYMZ44","11/20/2025 4:08:58 AM","System","11/20/2025 4:08:58 AM","1074","User32","Information","The process C:\Windows\servicing\TrustedInstaller.exe (CPHD-2MYMZ44) has initiated the restart of computer CPHD-2MYMZ44 on behalf of user NT AUTHORITY\SYSTEM for the following reason: Operating System: Upgrade (Planned) Reason Code: 0x80020003 Shutdown Type: restart Comment:"
"CPHD-2MYMZ44","11/20/2025 4:08:58 AM","System","11/20/2025 4:08:58 AM","6005","EventLog","Information","The Event log service was started."
"CPHD-2MYMZ44","11/20/2025 4:08:58 AM","System","11/20/2025 4:08:58 AM","6006","EventLog","Information","The Event log service was stopped."
"CPHD-2MYMZ44","11/20/2025 4:08:58 AM","System","11/20/2025 4:09:01 AM","13","Microsoft-Windows-Kernel-General","Information","The operating system is shutting down at system time ‎2025‎-‎11‎-‎20T03:09:01.822533000Z."
"CPHD-2MYMZ44","11/20/2025 4:08:58 AM","System","11/20/2025 4:09:17 AM","12","Microsoft-Windows-Kernel-General","Information","The operating system started at system time ‎2025‎-‎11‎-‎20T03:09:16.500000000Z."
"CPHD-2MYMZ44","11/20/2025 4:08:58 AM","Microsoft-Windows-Kernel-Boot/Operational","11/20/2025 4:09:17 AM","292","Microsoft-Windows-Kernel-Boot","Error","Failed to update the SBAT value in FW."
"CPHD-2MYMZ44","11/20/2025 4:08:58 AM","System","11/20/2025 4:09:46 AM","6005","EventLog","Information","The Event log service was started."
"CPHD-2MYMZ44","11/20/2025 4:08:58 AM","System","11/20/2025 4:09:46 AM","12","Microsoft-Windows-UserModePowerService","Information","Process C:\Windows\System32\DriverStore\FileRepository\ipf_cpu.inf_amd64_c493e10bcfd25250\ipf_uf.exe (process ID:3960) reset policy scheme from {07084296-1ee0-4afa-bf25-f667953ec23a} to {07084296-1ee0-4afa-bf25-f667953ec23a}"
"CPHD-2MYMZ44","11/20/2025 4:08:58 AM","System","11/20/2025 4:09:46 AM","12","Microsoft-Windows-UserModePowerService","Information","Process C:\Windows\System32\DriverStore\FileRepository\ipf_cpu.inf_amd64_c493e10bcfd25250\ipf_uf.exe (process ID:3960) reset policy scheme from {07084296-1ee0-4afa-bf25-f667953ec23a} to {07084296-1ee0-4afa-bf25-f667953ec23a}"
"CPHD-2MYMZ44","11/20/2025 4:09:01 AM","System","11/20/2025 4:07:57 AM","6006","EventLog","Information","The Event log service was stopped."
"CPHD-2MYMZ44","11/20/2025 4:09:01 AM","System","11/20/2025 4:08:02 AM","13","Microsoft-Windows-Kernel-General","Information","The operating system is shutting down at system time ‎2025‎-‎11‎-‎20T03:08:02.968422900Z."
"CPHD-2MYMZ44","11/20/2025 4:09:01 AM","System","11/20/2025 4:08:18 AM","12","Microsoft-Windows-Kernel-General","Information","The operating system started at system time ‎2025‎-‎11‎-‎20T03:08:17.500000000Z."
"CPHD-2MYMZ44","11/20/2025 4:09:01 AM","Microsoft-Windows-Kernel-Boot/Operational","11/20/2025 4:08:18 AM","292","Microsoft-Windows-Kernel-Boot","Error","Failed to update the SBAT value in FW."
"CPHD-2MYMZ44","11/20/2025 4:09:01 AM","System","11/20/2025 4:08:58 AM","1074","User32","Information","The process C:\Windows\servicing\TrustedInstaller.exe (CPHD-2MYMZ44) has initiated the restart of computer CPHD-2MYMZ44 on behalf of user NT AUTHORITY\SYSTEM for the following reason: Operating System: Upgrade (Planned) Reason Code: 0x80020003 Shutdown Type: restart Comment:"
"CPHD-2MYMZ44","11/20/2025 4:09:01 AM","System","11/20/2025 4:08:58 AM","6005","EventLog","Information","The Event log service was started."
"CPHD-2MYMZ44","11/20/2025 4:09:01 AM","System","11/20/2025 4:08:58 AM","6006","EventLog","Information","The Event log service was stopped."
"CPHD-2MYMZ44","11/20/2025 4:09:01 AM","System","11/20/2025 4:09:01 AM","13","Microsoft-Windows-Kernel-General","Information","The operating system is shutting down at system time ‎2025‎-‎11‎-‎20T03:09:01.822533000Z."
"CPHD-2MYMZ44","11/20/2025 4:09:01 AM","System","11/20/2025 4:09:17 AM","12","Microsoft-Windows-Kernel-General","Information","The operating system started at system time ‎2025‎-‎11‎-‎20T03:09:16.500000000Z."
"CPHD-2MYMZ44","11/20/2025 4:09:01 AM","Microsoft-Windows-Kernel-Boot/Operational","11/20/2025 4:09:17 AM","292","Microsoft-Windows-Kernel-Boot","Error","Failed to update the SBAT value in FW."
"CPHD-2MYMZ44","11/20/2025 4:09:01 AM","System","11/20/2025 4:09:46 AM","6005","EventLog","Information","The Event log service was started."
"CPHD-2MYMZ44","11/20/2025 4:09:01 AM","System","11/20/2025 4:09:46 AM","12","Microsoft-Windows-UserModePowerService","Information","Process C:\Windows\System32\DriverStore\FileRepository\ipf_cpu.inf_amd64_c493e10bcfd25250\ipf_uf.exe (process ID:3960) reset policy scheme from {07084296-1ee0-4afa-bf25-f667953ec23a} to {07084296-1ee0-4afa-bf25-f667953ec23a}"
"CPHD-2MYMZ44","11/20/2025 4:09:01 AM","System","11/20/2025 4:09:46 AM","12","Microsoft-Windows-UserModePowerService","Information","Process C:\Windows\System32\DriverStore\FileRepository\ipf_cpu.inf_amd64_c493e10bcfd25250\ipf_uf.exe (process ID:3960) reset policy scheme from {07084296-1ee0-4afa-bf25-f667953ec23a} to {07084296-1ee0-4afa-bf25-f667953ec23a}"
"CPHD-2MYMZ44","11/26/2025 8:36:32 PM","System","11/26/2025 8:36:29 PM","1074","User32","Information","The process C:\Windows\system32\winlogon.exe (CPHD-2MYMZ44) has initiated the power off of computer CPHD-2MYMZ44 on behalf of user NT AUTHORITY\SYSTEM for the following reason: No title for this reason could be found Reason Code: 0x500ff Shutdown Type: power off Comment:"
"CPHD-2MYMZ44","11/26/2025 8:36:32 PM","System","11/26/2025 8:36:32 PM","6006","EventLog","Information","The Event log service was stopped."
"CPHD-2MYMZ44","11/26/2025 8:36:32 PM","System","11/26/2025 8:36:37 PM","13","Microsoft-Windows-Kernel-General","Information","The operating system is shutting down at system time ‎2025‎-‎11‎-‎26T19:36:37.721095100Z."
"CPHD-2MYMZ44","11/26/2025 8:36:32 PM","System","11/26/2025 8:49:38 PM","12","Microsoft-Windows-Kernel-General","Information","The operating system started at system time ‎2025‎-‎11‎-‎26T19:49:36.500000000Z."
"CPHD-2MYMZ44","11/26/2025 8:36:32 PM","Microsoft-Windows-Kernel-Boot/Operational","11/26/2025 8:49:38 PM","292","Microsoft-Windows-Kernel-Boot","Error","Failed to update the SBAT value in FW."
"CPHD-2MYMZ44","11/26/2025 8:36:32 PM","System","11/26/2025 8:50:08 PM","6005","EventLog","Information","The Event log service was started."
"CPHD-2MYMZ44","11/26/2025 8:36:32 PM","System","11/26/2025 8:50:09 PM","12","Microsoft-Windows-UserModePowerService","Information","Process C:\Windows\System32\DriverStore\FileRepository\ipf_cpu.inf_amd64_c493e10bcfd25250\ipf_uf.exe (process ID:3528) reset policy scheme from {07084296-1ee0-4afa-bf25-f667953ec23a} to {07084296-1ee0-4afa-bf25-f667953ec23a}"
"CPHD-2MYMZ44","11/26/2025 8:36:32 PM","System","11/26/2025 8:50:09 PM","12","Microsoft-Windows-UserModePowerService","Information","Process C:\Windows\System32\DriverStore\FileRepository\ipf_cpu.inf_amd64_c493e10bcfd25250\ipf_uf.exe (process ID:3528) reset policy scheme from {07084296-1ee0-4afa-bf25-f667953ec23a} to {07084296-1ee0-4afa-bf25-f667953ec23a}"
"CPHD-2MYMZ44","11/26/2025 8:36:32 PM","Microsoft-Windows-WindowsUpdateClient/Operational","11/26/2025 9:05:23 PM","41","Microsoft-Windows-WindowsUpdateClient","Information","An update was downloaded."
"CPHD-2MYMZ44","11/26/2025 8:36:37 PM","System","11/26/2025 8:36:29 PM","1074","User32","Information","The process C:\Windows\system32\winlogon.exe (CPHD-2MYMZ44) has initiated the power off of computer CPHD-2MYMZ44 on behalf of user NT AUTHORITY\SYSTEM for the following reason: No title for this reason could be found Reason Code: 0x500ff Shutdown Type: power off Comment:"
"CPHD-2MYMZ44","11/26/2025 8:36:37 PM","System","11/26/2025 8:36:32 PM","6006","EventLog","Information","The Event log service was stopped."
"CPHD-2MYMZ44","11/26/2025 8:36:37 PM","System","11/26/2025 8:36:37 PM","13","Microsoft-Windows-Kernel-General","Information","The operating system is shutting down at system time ‎2025‎-‎11‎-‎26T19:36:37.721095100Z."
"CPHD-2MYMZ44","11/26/2025 8:36:37 PM","System","11/26/2025 8:49:38 PM","12","Microsoft-Windows-Kernel-General","Information","The operating system started at system time ‎2025‎-‎11‎-‎26T19:49:36.500000000Z."
"CPHD-2MYMZ44","11/26/2025 8:36:37 PM","Microsoft-Windows-Kernel-Boot/Operational","11/26/2025 8:49:38 PM","292","Microsoft-Windows-Kernel-Boot","Error","Failed to update the SBAT value in FW."
"CPHD-2MYMZ44","11/26/2025 8:36:37 PM","System","11/26/2025 8:50:08 PM","6005","EventLog","Information","The Event log service was started."
"CPHD-2MYMZ44","11/26/2025 8:36:37 PM","System","11/26/2025 8:50:09 PM","12","Microsoft-Windows-UserModePowerService","Information","Process C:\Windows\System32\DriverStore\FileRepository\ipf_cpu.inf_amd64_c493e10bcfd25250\ipf_uf.exe (process ID:3528) reset policy scheme from {07084296-1ee0-4afa-bf25-f667953ec23a} to {07084296-1ee0-4afa-bf25-f667953ec23a}"
"CPHD-2MYMZ44","11/26/2025 8:36:37 PM","System","11/26/2025 8:50:09 PM","12","Microsoft-Windows-UserModePowerService","Information","Process C:\Windows\System32\DriverStore\FileRepository\ipf_cpu.inf_amd64_c493e10bcfd25250\ipf_uf.exe (process ID:3528) reset policy scheme from {07084296-1ee0-4afa-bf25-f667953ec23a} to {07084296-1ee0-4afa-bf25-f667953ec23a}"
"CPHD-2MYMZ44","11/26/2025 8:36:37 PM","Microsoft-Windows-WindowsUpdateClient/Operational","11/26/2025 9:05:23 PM","41","Microsoft-Windows-WindowsUpdateClient","Information","An update was downloaded."
"CPHD-2MYMZ44","12/1/2025 6:24:25 AM","System","12/1/2025 6:24:23 AM","1074","User32","Information","The process C:\Windows\system32\winlogon.exe (CPHD-2MYMZ44) has initiated the power off of computer CPHD-2MYMZ44 on behalf of user NT AUTHORITY\SYSTEM for the following reason: No title for this reason could be found Reason Code: 0x500ff Shutdown Type: power off Comment:"
"CPHD-2MYMZ44","12/1/2025 6:24:25 AM","System","12/1/2025 6:24:25 AM","6006","EventLog","Information","The Event log service was stopped."
"CPHD-2MYMZ44","12/1/2025 6:24:25 AM","System","12/1/2025 6:24:30 AM","13","Microsoft-Windows-Kernel-General","Information","The operating system is shutting down at system time ‎2025‎-‎12‎-‎01T05:24:30.961164300Z."
"CPHD-2MYMZ44","12/1/2025 6:24:25 AM","System","12/1/2025 6:30:52 AM","12","Microsoft-Windows-Kernel-General","Information","The operating system started at system time ‎2025‎-‎12‎-‎01T05:30:51.500000000Z."
"CPHD-2MYMZ44","12/1/2025 6:24:25 AM","Microsoft-Windows-Kernel-Boot/Operational","12/1/2025 6:30:52 AM","292","Microsoft-Windows-Kernel-Boot","Error","Failed to update the SBAT value in FW."
"CPHD-2MYMZ44","12/1/2025 6:24:25 AM","System","12/1/2025 6:31:21 AM","6005","EventLog","Information","The Event log service was started."
"CPHD-2MYMZ44","12/1/2025 6:24:25 AM","System","12/1/2025 6:31:22 AM","12","Microsoft-Windows-UserModePowerService","Information","Process C:\Windows\System32\DriverStore\FileRepository\ipf_cpu.inf_amd64_c493e10bcfd25250\ipf_uf.exe (process ID:4136) reset policy scheme from {07084296-1ee0-4afa-bf25-f667953ec23a} to {07084296-1ee0-4afa-bf25-f667953ec23a}"
"CPHD-2MYMZ44","12/1/2025 6:24:25 AM","System","12/1/2025 6:31:22 AM","12","Microsoft-Windows-UserModePowerService","Information","Process C:\Windows\System32\DriverStore\FileRepository\ipf_cpu.inf_amd64_c493e10bcfd25250\ipf_uf.exe (process ID:4136) reset policy scheme from {07084296-1ee0-4afa-bf25-f667953ec23a} to {07084296-1ee0-4afa-bf25-f667953ec23a}"
"CPHD-2MYMZ44","12/1/2025 6:24:30 AM","System","12/1/2025 6:24:23 AM","1074","User32","Information","The process C:\Windows\system32\winlogon.exe (CPHD-2MYMZ44) has initiated the power off of computer CPHD-2MYMZ44 on behalf of user NT AUTHORITY\SYSTEM for the following reason: No title for this reason could be found Reason Code: 0x500ff Shutdown Type: power off Comment:"
"CPHD-2MYMZ44","12/1/2025 6:24:30 AM","System","12/1/2025 6:24:25 AM","6006","EventLog","Information","The Event log service was stopped."
"CPHD-2MYMZ44","12/1/2025 6:24:30 AM","System","12/1/2025 6:24:30 AM","13","Microsoft-Windows-Kernel-General","Information","The operating system is shutting down at system time ‎2025‎-‎12‎-‎01T05:24:30.961164300Z."
"CPHD-2MYMZ44","12/1/2025 6:24:30 AM","System","12/1/2025 6:30:52 AM","12","Microsoft-Windows-Kernel-General","Information","The operating system started at system time ‎2025‎-‎12‎-‎01T05:30:51.500000000Z."
"CPHD-2MYMZ44","12/1/2025 6:24:30 AM","Microsoft-Windows-Kernel-Boot/Operational","12/1/2025 6:30:52 AM","292","Microsoft-Windows-Kernel-Boot","Error","Failed to update the SBAT value in FW."
"CPHD-2MYMZ44","12/1/2025 6:24:30 AM","System","12/1/2025 6:31:21 AM","6005","EventLog","Information","The Event log service was started."
"CPHD-2MYMZ44","12/1/2025 6:24:30 AM","System","12/1/2025 6:31:22 AM","12","Microsoft-Windows-UserModePowerService","Information","Process C:\Windows\System32\DriverStore\FileRepository\ipf_cpu.inf_amd64_c493e10bcfd25250\ipf_uf.exe (process ID:4136) reset policy scheme from {07084296-1ee0-4afa-bf25-f667953ec23a} to {07084296-1ee0-4afa-bf25-f667953ec23a}"
"CPHD-2MYMZ44","12/1/2025 6:24:30 AM","System","12/1/2025 6:31:22 AM","12","Microsoft-Windows-UserModePowerService","Information","Process C:\Windows\System32\DriverStore\FileRepository\ipf_cpu.inf_amd64_c493e10bcfd25250\ipf_uf.exe (process ID:4136) reset policy scheme from {07084296-1ee0-4afa-bf25-f667953ec23a} to {07084296-1ee0-4afa-bf25-f667953ec23a}"
"CPHD-2MYMZ44","12/5/2025 6:23:59 AM","System","12/5/2025 6:23:53 AM","1074","User32","Information","The process C:\Windows\system32\winlogon.exe (CPHD-2MYMZ44) has initiated the power off of computer CPHD-2MYMZ44 on behalf of user NT AUTHORITY\SYSTEM for the following reason: No title for this reason could be found Reason Code: 0x500ff Shutdown Type: power off Comment:"
"CPHD-2MYMZ44","12/5/2025 6:23:59 AM","System","12/5/2025 6:23:59 AM","6006","EventLog","Information","The Event log service was stopped."
"CPHD-2MYMZ44","12/5/2025 6:23:59 AM","System","12/5/2025 6:24:05 AM","13","Microsoft-Windows-Kernel-General","Information","The operating system is shutting down at system time ‎2025‎-‎12‎-‎05T05:24:05.736358600Z."
"CPHD-2MYMZ44","12/5/2025 6:23:59 AM","System","12/5/2025 6:31:44 AM","12","Microsoft-Windows-Kernel-General","Information","The operating system started at system time ‎2025‎-‎12‎-‎05T05:31:42.500000000Z."
"CPHD-2MYMZ44","12/5/2025 6:23:59 AM","Microsoft-Windows-Kernel-Boot/Operational","12/5/2025 6:31:44 AM","292","Microsoft-Windows-Kernel-Boot","Error","Failed to update the SBAT value in FW."
"CPHD-2MYMZ44","12/5/2025 6:23:59 AM","System","12/5/2025 6:32:14 AM","6005","EventLog","Information","The Event log service was started."
"CPHD-2MYMZ44","12/5/2025 6:23:59 AM","System","12/5/2025 6:32:15 AM","12","Microsoft-Windows-UserModePowerService","Information","Process C:\Windows\System32\DriverStore\FileRepository\ipf_cpu.inf_amd64_c493e10bcfd25250\ipf_uf.exe (process ID:3528) reset policy scheme from {07084296-1ee0-4afa-bf25-f667953ec23a} to {07084296-1ee0-4afa-bf25-f667953ec23a}"
"CPHD-2MYMZ44","12/5/2025 6:23:59 AM","System","12/5/2025 6:32:15 AM","12","Microsoft-Windows-UserModePowerService","Information","Process C:\Windows\System32\DriverStore\FileRepository\ipf_cpu.inf_amd64_c493e10bcfd25250\ipf_uf.exe (process ID:3528) reset policy scheme from {07084296-1ee0-4afa-bf25-f667953ec23a} to {07084296-1ee0-4afa-bf25-f667953ec23a}"
"CPHD-2MYMZ44","12/5/2025 6:24:05 AM","System","12/5/2025 6:23:53 AM","1074","User32","Information","The process C:\Windows\system32\winlogon.exe (CPHD-2MYMZ44) has initiated the power off of computer CPHD-2MYMZ44 on behalf of user NT AUTHORITY\SYSTEM for the following reason: No title for this reason could be found Reason Code: 0x500ff Shutdown Type: power off Comment:"
"CPHD-2MYMZ44","12/5/2025 6:24:05 AM","System","12/5/2025 6:23:59 AM","6006","EventLog","Information","The Event log service was stopped."
"CPHD-2MYMZ44","12/5/2025 6:24:05 AM","System","12/5/2025 6:24:05 AM","13","Microsoft-Windows-Kernel-General","Information","The operating system is shutting down at system time ‎2025‎-‎12‎-‎05T05:24:05.736358600Z."
"CPHD-2MYMZ44","12/5/2025 6:24:05 AM","System","12/5/2025 6:31:44 AM","12","Microsoft-Windows-Kernel-General","Information","The operating system started at system time ‎2025‎-‎12‎-‎05T05:31:42.500000000Z."
"CPHD-2MYMZ44","12/5/2025 6:24:05 AM","Microsoft-Windows-Kernel-Boot/Operational","12/5/2025 6:31:44 AM","292","Microsoft-Windows-Kernel-Boot","Error","Failed to update the SBAT value in FW."
"CPHD-2MYMZ44","12/5/2025 6:24:05 AM","System","12/5/2025 6:32:14 AM","6005","EventLog","Information","The Event log service was started."
"CPHD-2MYMZ44","12/5/2025 6:24:05 AM","System","12/5/2025 6:32:15 AM","12","Microsoft-Windows-UserModePowerService","Information","Process C:\Windows\System32\DriverStore\FileRepository\ipf_cpu.inf_amd64_c493e10bcfd25250\ipf_uf.exe (process ID:3528) reset policy scheme from {07084296-1ee0-4afa-bf25-f667953ec23a} to {07084296-1ee0-4afa-bf25-f667953ec23a}"
"CPHD-2MYMZ44","12/5/2025 6:24:05 AM","System","12/5/2025 6:32:15 AM","12","Microsoft-Windows-UserModePowerService","Information","Process C:\Windows\System32\DriverStore\FileRepository\ipf_cpu.inf_amd64_c493e10bcfd25250\ipf_uf.exe (process ID:3528) reset policy scheme from {07084296-1ee0-4afa-bf25-f667953ec23a} to {07084296-1ee0-4afa-bf25-f667953ec23a}"
"CPHD-2MYMZ44","12/5/2025 8:02:14 AM","System","12/5/2025 6:32:14 AM","6005","EventLog","Information","The Event log service was started."
"CPHD-2MYMZ44","12/5/2025 8:02:14 AM","System","12/5/2025 6:32:15 AM","12","Microsoft-Windows-UserModePowerService","Information","Process C:\Windows\System32\DriverStore\FileRepository\ipf_cpu.inf_amd64_c493e10bcfd25250\ipf_uf.exe (process ID:3528) reset policy scheme from {07084296-1ee0-4afa-bf25-f667953ec23a} to {07084296-1ee0-4afa-bf25-f667953ec23a}"
"CPHD-2MYMZ44","12/5/2025 8:02:14 AM","System","12/5/2025 6:32:15 AM","12","Microsoft-Windows-UserModePowerService","Information","Process C:\Windows\System32\DriverStore\FileRepository\ipf_cpu.inf_amd64_c493e10bcfd25250\ipf_uf.exe (process ID:3528) reset policy scheme from {07084296-1ee0-4afa-bf25-f667953ec23a} to {07084296-1ee0-4afa-bf25-f667953ec23a}"
"CPHD-2MYMZ44","12/5/2025 8:02:14 AM","System","12/5/2025 8:02:11 AM","1074","User32","Information","The process C:\Windows\system32\winlogon.exe (CPHD-2MYMZ44) has initiated the power off of computer CPHD-2MYMZ44 on behalf of user NT AUTHORITY\SYSTEM for the following reason: No title for this reason could be found Reason Code: 0x500ff Shutdown Type: power off Comment:"
"CPHD-2MYMZ44","12/5/2025 8:02:14 AM","System","12/5/2025 8:02:14 AM","6006","EventLog","Information","The Event log service was stopped."
"CPHD-2MYMZ44","12/5/2025 8:02:14 AM","System","12/5/2025 8:02:19 AM","13","Microsoft-Windows-Kernel-General","Information","The operating system is shutting down at system time ‎2025‎-‎12‎-‎05T07:02:19.766866000Z."
"CPHD-2MYMZ44","12/5/2025 8:02:14 AM","System","12/5/2025 9:53:34 AM","12","Microsoft-Windows-Kernel-General","Information","The operating system started at system time ‎2025‎-‎12‎-‎05T08:53:33.500000000Z."
"CPHD-2MYMZ44","12/5/2025 8:02:14 AM","Microsoft-Windows-Kernel-Boot/Operational","12/5/2025 9:53:34 AM","292","Microsoft-Windows-Kernel-Boot","Error","Failed to update the SBAT value in FW."
"CPHD-2MYMZ44","12/5/2025 8:02:14 AM","System","12/5/2025 9:54:03 AM","6005","EventLog","Information","The Event log service was started."
"CPHD-2MYMZ44","12/5/2025 8:02:14 AM","System","12/5/2025 9:54:03 AM","12","Microsoft-Windows-UserModePowerService","Information","Process C:\Windows\System32\DriverStore\FileRepository\ipf_cpu.inf_amd64_c493e10bcfd25250\ipf_uf.exe (process ID:1928) reset policy scheme from {07084296-1ee0-4afa-bf25-f667953ec23a} to {07084296-1ee0-4afa-bf25-f667953ec23a}"
"CPHD-2MYMZ44","12/5/2025 8:02:14 AM","System","12/5/2025 9:54:03 AM","12","Microsoft-Windows-UserModePowerService","Information","Process C:\Windows\System32\DriverStore\FileRepository\ipf_cpu.inf_amd64_c493e10bcfd25250\ipf_uf.exe (process ID:1928) reset policy scheme from {07084296-1ee0-4afa-bf25-f667953ec23a} to {07084296-1ee0-4afa-bf25-f667953ec23a}"
"CPHD-2MYMZ44","12/5/2025 8:02:19 AM","System","12/5/2025 8:02:11 AM","1074","User32","Information","The process C:\Windows\system32\winlogon.exe (CPHD-2MYMZ44) has initiated the power off of computer CPHD-2MYMZ44 on behalf of user NT AUTHORITY\SYSTEM for the following reason: No title for this reason could be found Reason Code: 0x500ff Shutdown Type: power off Comment:"
"CPHD-2MYMZ44","12/5/2025 8:02:19 AM","System","12/5/2025 8:02:14 AM","6006","EventLog","Information","The Event log service was stopped."
"CPHD-2MYMZ44","12/5/2025 8:02:19 AM","System","12/5/2025 8:02:19 AM","13","Microsoft-Windows-Kernel-General","Information","The operating system is shutting down at system time ‎2025‎-‎12‎-‎05T07:02:19.766866000Z."
"CPHD-2MYMZ44","12/5/2025 8:02:19 AM","System","12/5/2025 9:53:34 AM","12","Microsoft-Windows-Kernel-General","Information","The operating system started at system time ‎2025‎-‎12‎-‎05T08:53:33.500000000Z."
"CPHD-2MYMZ44","12/5/2025 8:02:19 AM","Microsoft-Windows-Kernel-Boot/Operational","12/5/2025 9:53:34 AM","292","Microsoft-Windows-Kernel-Boot","Error","Failed to update the SBAT value in FW."
"CPHD-2MYMZ44","12/5/2025 8:02:19 AM","System","12/5/2025 9:54:03 AM","6005","EventLog","Information","The Event log service was started."
"CPHD-2MYMZ44","12/5/2025 8:02:19 AM","System","12/5/2025 9:54:03 AM","12","Microsoft-Windows-UserModePowerService","Information","Process C:\Windows\System32\DriverStore\FileRepository\ipf_cpu.inf_amd64_c493e10bcfd25250\ipf_uf.exe (process ID:1928) reset policy scheme from {07084296-1ee0-4afa-bf25-f667953ec23a} to {07084296-1ee0-4afa-bf25-f667953ec23a}"
"CPHD-2MYMZ44","12/5/2025 8:02:19 AM","System","12/5/2025 9:54:03 AM","12","Microsoft-Windows-UserModePowerService","Information","Process C:\Windows\System32\DriverStore\FileRepository\ipf_cpu.inf_amd64_c493e10bcfd25250\ipf_uf.exe (process ID:1928) reset policy scheme from {07084296-1ee0-4afa-bf25-f667953ec23a} to {07084296-1ee0-4afa-bf25-f667953ec23a}"
"CPHD-2MYMZ44","12/8/2025 7:44:56 AM","System","12/8/2025 7:44:54 AM","1074","User32","Information","The process C:\Windows\system32\winlogon.exe (CPHD-2MYMZ44) has initiated the power off of computer CPHD-2MYMZ44 on behalf of user NT AUTHORITY\SYSTEM for the following reason: No title for this reason could be found Reason Code: 0x500ff Shutdown Type: power off Comment:"
"CPHD-2MYMZ44","12/8/2025 7:44:56 AM","System","12/8/2025 7:44:56 AM","6006","EventLog","Information","The Event log service was stopped."
"CPHD-2MYMZ44","12/8/2025 7:44:56 AM","System","12/8/2025 7:45:02 AM","13","Microsoft-Windows-Kernel-General","Information","The operating system is shutting down at system time ‎2025‎-‎12‎-‎08T06:45:02.508985400Z."
"CPHD-2MYMZ44","12/8/2025 7:44:56 AM","System","12/8/2025 7:54:33 AM","12","Microsoft-Windows-Kernel-General","Information","The operating system started at system time ‎2025‎-‎12‎-‎08T06:54:32.500000000Z."
"CPHD-2MYMZ44","12/8/2025 7:44:56 AM","Microsoft-Windows-Kernel-Boot/Operational","12/8/2025 7:54:33 AM","292","Microsoft-Windows-Kernel-Boot","Error","Failed to update the SBAT value in FW."
"CPHD-2MYMZ44","12/8/2025 7:44:56 AM","System","12/8/2025 7:55:02 AM","6005","EventLog","Information","The Event log service was started."
"CPHD-2MYMZ44","12/8/2025 7:44:56 AM","System","12/8/2025 7:55:02 AM","12","Microsoft-Windows-UserModePowerService","Information","Process C:\Windows\System32\DriverStore\FileRepository\ipf_cpu.inf_amd64_c493e10bcfd25250\ipf_uf.exe (process ID:3524) reset policy scheme from {07084296-1ee0-4afa-bf25-f667953ec23a} to {07084296-1ee0-4afa-bf25-f667953ec23a}"
"CPHD-2MYMZ44","12/8/2025 7:44:56 AM","System","12/8/2025 7:55:02 AM","12","Microsoft-Windows-UserModePowerService","Information","Process C:\Windows\System32\DriverStore\FileRepository\ipf_cpu.inf_amd64_c493e10bcfd25250\ipf_uf.exe (process ID:3524) reset policy scheme from {07084296-1ee0-4afa-bf25-f667953ec23a} to {07084296-1ee0-4afa-bf25-f667953ec23a}"
"CPHD-2MYMZ44","12/8/2025 7:45:02 AM","System","12/8/2025 7:44:54 AM","1074","User32","Information","The process C:\Windows\system32\winlogon.exe (CPHD-2MYMZ44) has initiated the power off of computer CPHD-2MYMZ44 on behalf of user NT AUTHORITY\SYSTEM for the following reason: No title for this reason could be found Reason Code: 0x500ff Shutdown Type: power off Comment:"
"CPHD-2MYMZ44","12/8/2025 7:45:02 AM","System","12/8/2025 7:44:56 AM","6006","EventLog","Information","The Event log service was stopped."
"CPHD-2MYMZ44","12/8/2025 7:45:02 AM","System","12/8/2025 7:45:02 AM","13","Microsoft-Windows-Kernel-General","Information","The operating system is shutting down at system time ‎2025‎-‎12‎-‎08T06:45:02.508985400Z."
"CPHD-2MYMZ44","12/8/2025 7:45:02 AM","System","12/8/2025 7:54:33 AM","12","Microsoft-Windows-Kernel-General","Information","The operating system started at system time ‎2025‎-‎12‎-‎08T06:54:32.500000000Z."
"CPHD-2MYMZ44","12/8/2025 7:45:02 AM","Microsoft-Windows-Kernel-Boot/Operational","12/8/2025 7:54:33 AM","292","Microsoft-Windows-Kernel-Boot","Error","Failed to update the SBAT value in FW."
"CPHD-2MYMZ44","12/8/2025 7:45:02 AM","System","12/8/2025 7:55:02 AM","6005","EventLog","Information","The Event log service was started."
"CPHD-2MYMZ44","12/8/2025 7:45:02 AM","System","12/8/2025 7:55:02 AM","12","Microsoft-Windows-UserModePowerService","Information","Process C:\Windows\System32\DriverStore\FileRepository\ipf_cpu.inf_amd64_c493e10bcfd25250\ipf_uf.exe (process ID:3524) reset policy scheme from {07084296-1ee0-4afa-bf25-f667953ec23a} to {07084296-1ee0-4afa-bf25-f667953ec23a}"
"CPHD-2MYMZ44","12/8/2025 7:45:02 AM","System","12/8/2025 7:55:02 AM","12","Microsoft-Windows-UserModePowerService","Information","Process C:\Windows\System32\DriverStore\FileRepository\ipf_cpu.inf_amd64_c493e10bcfd25250\ipf_uf.exe (process ID:3524) reset policy scheme from {07084296-1ee0-4afa-bf25-f667953ec23a} to {07084296-1ee0-4afa-bf25-f667953ec23a}"
"CPHD-2MYMZ44","12/11/2025 8:59:31 AM","System","12/11/2025 8:59:31 AM","6006","EventLog","Information","The Event log service was stopped."
"CPHD-2MYMZ44","12/11/2025 8:59:31 AM","System","12/11/2025 8:59:37 AM","13","Microsoft-Windows-Kernel-General","Information","The operating system is shutting down at system time ‎2025‎-‎12‎-‎11T07:59:37.336205700Z."
"CPHD-2MYMZ44","12/11/2025 8:59:31 AM","System","12/11/2025 9:27:51 AM","12","Microsoft-Windows-Kernel-General","Information","The operating system started at system time ‎2025‎-‎12‎-‎11T08:27:50.500000000Z."
"CPHD-2MYMZ44","12/11/2025 8:59:31 AM","Microsoft-Windows-Kernel-Boot/Operational","12/11/2025 9:27:51 AM","292","Microsoft-Windows-Kernel-Boot","Error","Failed to update the SBAT value in FW."
"CPHD-2MYMZ44","12/11/2025 8:59:31 AM","System","12/11/2025 9:28:20 AM","6005","EventLog","Information","The Event log service was started."
"CPHD-2MYMZ44","12/11/2025 8:59:31 AM","System","12/11/2025 9:28:20 AM","12","Microsoft-Windows-UserModePowerService","Information","Process C:\Windows\System32\DriverStore\FileRepository\ipf_cpu.inf_amd64_c493e10bcfd25250\ipf_uf.exe (process ID:4056) reset policy scheme from {07084296-1ee0-4afa-bf25-f667953ec23a} to {07084296-1ee0-4afa-bf25-f667953ec23a}"
"CPHD-2MYMZ44","12/11/2025 8:59:31 AM","System","12/11/2025 9:28:20 AM","12","Microsoft-Windows-UserModePowerService","Information","Process C:\Windows\System32\DriverStore\FileRepository\ipf_cpu.inf_amd64_c493e10bcfd25250\ipf_uf.exe (process ID:4056) reset policy scheme from {07084296-1ee0-4afa-bf25-f667953ec23a} to {07084296-1ee0-4afa-bf25-f667953ec23a}"
"CPHD-2MYMZ44","12/11/2025 8:59:31 AM","Microsoft-Windows-WindowsUpdateClient/Operational","12/11/2025 9:32:29 AM","41","Microsoft-Windows-WindowsUpdateClient","Information","An update was downloaded."
"CPHD-2MYMZ44","12/11/2025 8:59:31 AM","Microsoft-Windows-WindowsUpdateClient/Operational","12/11/2025 10:01:28 AM","41","Microsoft-Windows-WindowsUpdateClient","Information","An update was downloaded."
"CPHD-2MYMZ44","12/11/2025 8:59:37 AM","System","12/11/2025 8:59:31 AM","6006","EventLog","Information","The Event log service was stopped."
"CPHD-2MYMZ44","12/11/2025 8:59:37 AM","System","12/11/2025 8:59:37 AM","13","Microsoft-Windows-Kernel-General","Information","The operating system is shutting down at system time ‎2025‎-‎12‎-‎11T07:59:37.336205700Z."
"CPHD-2MYMZ44","12/11/2025 8:59:37 AM","System","12/11/2025 9:27:51 AM","12","Microsoft-Windows-Kernel-General","Information","The operating system started at system time ‎2025‎-‎12‎-‎11T08:27:50.500000000Z."
"CPHD-2MYMZ44","12/11/2025 8:59:37 AM","Microsoft-Windows-Kernel-Boot/Operational","12/11/2025 9:27:51 AM","292","Microsoft-Windows-Kernel-Boot","Error","Failed to update the SBAT value in FW."
"CPHD-2MYMZ44","12/11/2025 8:59:37 AM","System","12/11/2025 9:28:20 AM","6005","EventLog","Information","The Event log service was started."
"CPHD-2MYMZ44","12/11/2025 8:59:37 AM","System","12/11/2025 9:28:20 AM","12","Microsoft-Windows-UserModePowerService","Information","Process C:\Windows\System32\DriverStore\FileRepository\ipf_cpu.inf_amd64_c493e10bcfd25250\ipf_uf.exe (process ID:4056) reset policy scheme from {07084296-1ee0-4afa-bf25-f667953ec23a} to {07084296-1ee0-4afa-bf25-f667953ec23a}"
"CPHD-2MYMZ44","12/11/2025 8:59:37 AM","System","12/11/2025 9:28:20 AM","12","Microsoft-Windows-UserModePowerService","Information","Process C:\Windows\System32\DriverStore\FileRepository\ipf_cpu.inf_amd64_c493e10bcfd25250\ipf_uf.exe (process ID:4056) reset policy scheme from {07084296-1ee0-4afa-bf25-f667953ec23a} to {07084296-1ee0-4afa-bf25-f667953ec23a}"
"CPHD-2MYMZ44","12/11/2025 8:59:37 AM","Microsoft-Windows-WindowsUpdateClient/Operational","12/11/2025 9:32:29 AM","41","Microsoft-Windows-WindowsUpdateClient","Information","An update was downloaded."
"CPHD-2MYMZ44","12/11/2025 8:59:37 AM","Microsoft-Windows-WindowsUpdateClient/Operational","12/11/2025 10:01:28 AM","41","Microsoft-Windows-WindowsUpdateClient","Information","An update was downloaded."
"CPHD-2MYMZ44","12/15/2025 5:46:26 PM","System","12/15/2025 5:46:19 PM","1074","User32","Information","The process C:\Windows\system32\winlogon.exe (CPHD-2MYMZ44) has initiated the power off of computer CPHD-2MYMZ44 on behalf of user NT AUTHORITY\SYSTEM for the following reason: No title for this reason could be found Reason Code: 0x500ff Shutdown Type: power off Comment:"
"CPHD-2MYMZ44","12/15/2025 5:46:26 PM","System","12/15/2025 5:46:26 PM","6006","EventLog","Information","The Event log service was stopped."
"CPHD-2MYMZ44","12/15/2025 5:46:26 PM","System","12/15/2025 5:46:31 PM","13","Microsoft-Windows-Kernel-General","Information","The operating system is shutting down at system time ‎2025‎-‎12‎-‎15T16:46:31.979803100Z."
"CPHD-2MYMZ44","12/15/2025 5:46:26 PM","System","12/15/2025 6:01:02 PM","12","Microsoft-Windows-Kernel-General","Information","The operating system started at system time ‎2025‎-‎12‎-‎15T17:01:00.500000000Z."
"CPHD-2MYMZ44","12/15/2025 5:46:26 PM","Microsoft-Windows-Kernel-Boot/Operational","12/15/2025 6:01:02 PM","292","Microsoft-Windows-Kernel-Boot","Error","Failed to update the SBAT value in FW."
"CPHD-2MYMZ44","12/15/2025 5:46:26 PM","System","12/15/2025 6:01:32 PM","6005","EventLog","Information","The Event log service was started."
"CPHD-2MYMZ44","12/15/2025 5:46:26 PM","System","12/15/2025 6:01:33 PM","12","Microsoft-Windows-UserModePowerService","Information","Process C:\Windows\System32\DriverStore\FileRepository\ipf_cpu.inf_amd64_c493e10bcfd25250\ipf_uf.exe (process ID:4084) reset policy scheme from {07084296-1ee0-4afa-bf25-f667953ec23a} to {07084296-1ee0-4afa-bf25-f667953ec23a}"
"CPHD-2MYMZ44","12/15/2025 5:46:26 PM","System","12/15/2025 6:01:33 PM","12","Microsoft-Windows-UserModePowerService","Information","Process C:\Windows\System32\DriverStore\FileRepository\ipf_cpu.inf_amd64_c493e10bcfd25250\ipf_uf.exe (process ID:4084) reset policy scheme from {07084296-1ee0-4afa-bf25-f667953ec23a} to {07084296-1ee0-4afa-bf25-f667953ec23a}"
"CPHD-2MYMZ44","12/15/2025 5:46:31 PM","System","12/15/2025 5:46:19 PM","1074","User32","Information","The process C:\Windows\system32\winlogon.exe (CPHD-2MYMZ44) has initiated the power off of computer CPHD-2MYMZ44 on behalf of user NT AUTHORITY\SYSTEM for the following reason: No title for this reason could be found Reason Code: 0x500ff Shutdown Type: power off Comment:"
"CPHD-2MYMZ44","12/15/2025 5:46:31 PM","System","12/15/2025 5:46:26 PM","6006","EventLog","Information","The Event log service was stopped."
"CPHD-2MYMZ44","12/15/2025 5:46:31 PM","System","12/15/2025 5:46:31 PM","13","Microsoft-Windows-Kernel-General","Information","The operating system is shutting down at system time ‎2025‎-‎12‎-‎15T16:46:31.979803100Z."
"CPHD-2MYMZ44","12/15/2025 5:46:31 PM","System","12/15/2025 6:01:02 PM","12","Microsoft-Windows-Kernel-General","Information","The operating system started at system time ‎2025‎-‎12‎-‎15T17:01:00.500000000Z."
"CPHD-2MYMZ44","12/15/2025 5:46:31 PM","Microsoft-Windows-Kernel-Boot/Operational","12/15/2025 6:01:02 PM","292","Microsoft-Windows-Kernel-Boot","Error","Failed to update the SBAT value in FW."
"CPHD-2MYMZ44","12/15/2025 5:46:31 PM","System","12/15/2025 6:01:32 PM","6005","EventLog","Information","The Event log service was started."
"CPHD-2MYMZ44","12/15/2025 5:46:31 PM","System","12/15/2025 6:01:33 PM","12","Microsoft-Windows-UserModePowerService","Information","Process C:\Windows\System32\DriverStore\FileRepository\ipf_cpu.inf_amd64_c493e10bcfd25250\ipf_uf.exe (process ID:4084) reset policy scheme from {07084296-1ee0-4afa-bf25-f667953ec23a} to {07084296-1ee0-4afa-bf25-f667953ec23a}"
"CPHD-2MYMZ44","12/15/2025 5:46:31 PM","System","12/15/2025 6:01:33 PM","12","Microsoft-Windows-UserModePowerService","Information","Process C:\Windows\System32\DriverStore\FileRepository\ipf_cpu.inf_amd64_c493e10bcfd25250\ipf_uf.exe (process ID:4084) reset policy scheme from {07084296-1ee0-4afa-bf25-f667953ec23a} to {07084296-1ee0-4afa-bf25-f667953ec23a}"
"CPHD-2MYMZ44","12/16/2025 12:32:35 PM","System","12/16/2025 12:32:33 PM","1074","User32","Information","The process C:\Windows\system32\winlogon.exe (CPHD-2MYMZ44) has initiated the power off of computer CPHD-2MYMZ44 on behalf of user NT AUTHORITY\SYSTEM for the following reason: No title for this reason could be found Reason Code: 0x500ff Shutdown Type: power off Comment:"
"CPHD-2MYMZ44","12/16/2025 12:32:35 PM","System","12/16/2025 12:32:35 PM","6006","EventLog","Information","The Event log service was stopped."
"CPHD-2MYMZ44","12/16/2025 12:32:35 PM","System","12/16/2025 12:32:41 PM","13","Microsoft-Windows-Kernel-General","Information","The operating system is shutting down at system time ‎2025‎-‎12‎-‎16T11:32:41.117410900Z."
"CPHD-2MYMZ44","12/16/2025 12:32:35 PM","System","12/16/2025 12:42:17 PM","12","Microsoft-Windows-Kernel-General","Information","The operating system started at system time ‎2025‎-‎12‎-‎16T11:42:16.500000000Z."
"CPHD-2MYMZ44","12/16/2025 12:32:35 PM","Microsoft-Windows-Kernel-Boot/Operational","12/16/2025 12:42:17 PM","292","Microsoft-Windows-Kernel-Boot","Error","Failed to update the SBAT value in FW."
"CPHD-2MYMZ44","12/16/2025 12:32:35 PM","System","12/16/2025 12:42:46 PM","6005","EventLog","Information","The Event log service was started."
"CPHD-2MYMZ44","12/16/2025 12:32:35 PM","System","12/16/2025 12:42:47 PM","12","Microsoft-Windows-UserModePowerService","Information","Process C:\Windows\System32\DriverStore\FileRepository\ipf_cpu.inf_amd64_c493e10bcfd25250\ipf_uf.exe (process ID:4056) reset policy scheme from {07084296-1ee0-4afa-bf25-f667953ec23a} to {07084296-1ee0-4afa-bf25-f667953ec23a}"
"CPHD-2MYMZ44","12/16/2025 12:32:35 PM","System","12/16/2025 12:42:47 PM","12","Microsoft-Windows-UserModePowerService","Information","Process C:\Windows\System32\DriverStore\FileRepository\ipf_cpu.inf_amd64_c493e10bcfd25250\ipf_uf.exe (process ID:4056) reset policy scheme from {07084296-1ee0-4afa-bf25-f667953ec23a} to {07084296-1ee0-4afa-bf25-f667953ec23a}"
"CPHD-2MYMZ44","12/16/2025 12:32:35 PM","Microsoft-Windows-WindowsUpdateClient/Operational","12/16/2025 1:17:34 PM","41","Microsoft-Windows-WindowsUpdateClient","Information","An update was downloaded."
"CPHD-2MYMZ44","12/16/2025 12:32:41 PM","System","12/16/2025 12:32:33 PM","1074","User32","Information","The process C:\Windows\system32\winlogon.exe (CPHD-2MYMZ44) has initiated the power off of computer CPHD-2MYMZ44 on behalf of user NT AUTHORITY\SYSTEM for the following reason: No title for this reason could be found Reason Code: 0x500ff Shutdown Type: power off Comment:"
"CPHD-2MYMZ44","12/16/2025 12:32:41 PM","System","12/16/2025 12:32:35 PM","6006","EventLog","Information","The Event log service was stopped."
"CPHD-2MYMZ44","12/16/2025 12:32:41 PM","System","12/16/2025 12:32:41 PM","13","Microsoft-Windows-Kernel-General","Information","The operating system is shutting down at system time ‎2025‎-‎12‎-‎16T11:32:41.117410900Z."
"CPHD-2MYMZ44","12/16/2025 12:32:41 PM","System","12/16/2025 12:42:17 PM","12","Microsoft-Windows-Kernel-General","Information","The operating system started at system time ‎2025‎-‎12‎-‎16T11:42:16.500000000Z."
"CPHD-2MYMZ44","12/16/2025 12:32:41 PM","Microsoft-Windows-Kernel-Boot/Operational","12/16/2025 12:42:17 PM","292","Microsoft-Windows-Kernel-Boot","Error","Failed to update the SBAT value in FW."
"CPHD-2MYMZ44","12/16/2025 12:32:41 PM","System","12/16/2025 12:42:46 PM","6005","EventLog","Information","The Event log service was started."
"CPHD-2MYMZ44","12/16/2025 12:32:41 PM","System","12/16/2025 12:42:47 PM","12","Microsoft-Windows-UserModePowerService","Information","Process C:\Windows\System32\DriverStore\FileRepository\ipf_cpu.inf_amd64_c493e10bcfd25250\ipf_uf.exe (process ID:4056) reset policy scheme from {07084296-1ee0-4afa-bf25-f667953ec23a} to {07084296-1ee0-4afa-bf25-f667953ec23a}"
"CPHD-2MYMZ44","12/16/2025 12:32:41 PM","System","12/16/2025 12:42:47 PM","12","Microsoft-Windows-UserModePowerService","Information","Process C:\Windows\System32\DriverStore\FileRepository\ipf_cpu.inf_amd64_c493e10bcfd25250\ipf_uf.exe (process ID:4056) reset policy scheme from {07084296-1ee0-4afa-bf25-f667953ec23a} to {07084296-1ee0-4afa-bf25-f667953ec23a}"
"CPHD-2MYMZ44","12/16/2025 12:32:41 PM","Microsoft-Windows-WindowsUpdateClient/Operational","12/16/2025 1:17:34 PM","41","Microsoft-Windows-WindowsUpdateClient","Information","An update was downloaded."
"CPHD-2MYMZ44","12/18/2025 3:50:50 AM","System","12/18/2025 3:50:50 AM","6006","EventLog","Information","The Event log service was stopped."
"CPHD-2MYMZ44","12/18/2025 3:50:50 AM","System","12/18/2025 3:50:55 AM","13","Microsoft-Windows-Kernel-General","Information","The operating system is shutting down at system time ‎2025‎-‎12‎-‎18T02:50:55.937186700Z."
"CPHD-2MYMZ44","12/18/2025 3:50:50 AM","System","12/18/2025 4:26:05 AM","12","Microsoft-Windows-Kernel-General","Information","The operating system started at system time ‎2025‎-‎12‎-‎18T03:26:04.500000000Z."
"CPHD-2MYMZ44","12/18/2025 3:50:50 AM","Microsoft-Windows-Kernel-Boot/Operational","12/18/2025 4:26:05 AM","292","Microsoft-Windows-Kernel-Boot","Error","Failed to update the SBAT value in FW."
"CPHD-2MYMZ44","12/18/2025 3:50:50 AM","System","12/18/2025 4:26:34 AM","6005","EventLog","Information","The Event log service was started."
"CPHD-2MYMZ44","12/18/2025 3:50:50 AM","System","12/18/2025 4:26:35 AM","12","Microsoft-Windows-UserModePowerService","Information","Process C:\Windows\System32\DriverStore\FileRepository\ipf_cpu.inf_amd64_c493e10bcfd25250\ipf_uf.exe (process ID:3972) reset policy scheme from {07084296-1ee0-4afa-bf25-f667953ec23a} to {07084296-1ee0-4afa-bf25-f667953ec23a}"
"CPHD-2MYMZ44","12/18/2025 3:50:50 AM","System","12/18/2025 4:26:35 AM","12","Microsoft-Windows-UserModePowerService","Information","Process C:\Windows\System32\DriverStore\FileRepository\ipf_cpu.inf_amd64_c493e10bcfd25250\ipf_uf.exe (process ID:3972) reset policy scheme from {07084296-1ee0-4afa-bf25-f667953ec23a} to {07084296-1ee0-4afa-bf25-f667953ec23a}"
"CPHD-2MYMZ44","12/18/2025 3:50:55 AM","System","12/18/2025 3:50:50 AM","6006","EventLog","Information","The Event log service was stopped."
"CPHD-2MYMZ44","12/18/2025 3:50:55 AM","System","12/18/2025 3:50:55 AM","13","Microsoft-Windows-Kernel-General","Information","The operating system is shutting down at system time ‎2025‎-‎12‎-‎18T02:50:55.937186700Z."
"CPHD-2MYMZ44","12/18/2025 3:50:55 AM","System","12/18/2025 4:26:05 AM","12","Microsoft-Windows-Kernel-General","Information","The operating system started at system time ‎2025‎-‎12‎-‎18T03:26:04.500000000Z."
"CPHD-2MYMZ44","12/18/2025 3:50:55 AM","Microsoft-Windows-Kernel-Boot/Operational","12/18/2025 4:26:05 AM","292","Microsoft-Windows-Kernel-Boot","Error","Failed to update the SBAT value in FW."
"CPHD-2MYMZ44","12/18/2025 3:50:55 AM","System","12/18/2025 4:26:34 AM","6005","EventLog","Information","The Event log service was started."
"CPHD-2MYMZ44","12/18/2025 3:50:55 AM","System","12/18/2025 4:26:35 AM","12","Microsoft-Windows-UserModePowerService","Information","Process C:\Windows\System32\DriverStore\FileRepository\ipf_cpu.inf_amd64_c493e10bcfd25250\ipf_uf.exe (process ID:3972) reset policy scheme from {07084296-1ee0-4afa-bf25-f667953ec23a} to {07084296-1ee0-4afa-bf25-f667953ec23a}"
"CPHD-2MYMZ44","12/18/2025 3:50:55 AM","System","12/18/2025 4:26:35 AM","12","Microsoft-Windows-UserModePowerService","Information","Process C:\Windows\System32\DriverStore\FileRepository\ipf_cpu.inf_amd64_c493e10bcfd25250\ipf_uf.exe (process ID:3972) reset policy scheme from {07084296-1ee0-4afa-bf25-f667953ec23a} to {07084296-1ee0-4afa-bf25-f667953ec23a}"
"CPHD-2MYMZ44","12/19/2025 8:39:01 AM","System","12/19/2025 8:38:59 AM","1074","User32","Information","The process C:\Windows\system32\winlogon.exe (CPHD-2MYMZ44) has initiated the power off of computer CPHD-2MYMZ44 on behalf of user NT AUTHORITY\SYSTEM for the following reason: No title for this reason could be found Reason Code: 0x500ff Shutdown Type: power off Comment:"
"CPHD-2MYMZ44","12/19/2025 8:39:01 AM","System","12/19/2025 8:39:01 AM","6006","EventLog","Information","The Event log service was stopped."
"CPHD-2MYMZ44","12/19/2025 8:39:01 AM","System","12/19/2025 8:39:07 AM","13","Microsoft-Windows-Kernel-General","Information","The operating system is shutting down at system time ‎2025‎-‎12‎-‎19T07:39:07.068741600Z."
"CPHD-2MYMZ44","12/19/2025 8:39:01 AM","System","12/19/2025 8:49:17 AM","12","Microsoft-Windows-Kernel-General","Information","The operating system started at system time ‎2025‎-‎12‎-‎19T07:49:16.500000000Z."
"CPHD-2MYMZ44","12/19/2025 8:39:01 AM","Microsoft-Windows-Kernel-Boot/Operational","12/19/2025 8:49:17 AM","292","Microsoft-Windows-Kernel-Boot","Error","Failed to update the SBAT value in FW."
"CPHD-2MYMZ44","12/19/2025 8:39:01 AM","System","12/19/2025 8:49:46 AM","6005","EventLog","Information","The Event log service was started."
"CPHD-2MYMZ44","12/19/2025 8:39:01 AM","System","12/19/2025 8:49:47 AM","12","Microsoft-Windows-UserModePowerService","Information","Process C:\Windows\System32\DriverStore\FileRepository\ipf_cpu.inf_amd64_c493e10bcfd25250\ipf_uf.exe (process ID:3092) reset policy scheme from {07084296-1ee0-4afa-bf25-f667953ec23a} to {07084296-1ee0-4afa-bf25-f667953ec23a}"
"CPHD-2MYMZ44","12/19/2025 8:39:01 AM","System","12/19/2025 8:49:47 AM","12","Microsoft-Windows-UserModePowerService","Information","Process C:\Windows\System32\DriverStore\FileRepository\ipf_cpu.inf_amd64_c493e10bcfd25250\ipf_uf.exe (process ID:3092) reset policy scheme from {07084296-1ee0-4afa-bf25-f667953ec23a} to {07084296-1ee0-4afa-bf25-f667953ec23a}"
"CPHD-2MYMZ44","12/19/2025 8:39:01 AM","Microsoft-Windows-WindowsUpdateClient/Operational","12/19/2025 8:58:01 AM","41","Microsoft-Windows-WindowsUpdateClient","Information","An update was downloaded."
"CPHD-2MYMZ44","12/19/2025 8:39:07 AM","System","12/19/2025 8:38:59 AM","1074","User32","Information","The process C:\Windows\system32\winlogon.exe (CPHD-2MYMZ44) has initiated the power off of computer CPHD-2MYMZ44 on behalf of user NT AUTHORITY\SYSTEM for the following reason: No title for this reason could be found Reason Code: 0x500ff Shutdown Type: power off Comment:"
"CPHD-2MYMZ44","12/19/2025 8:39:07 AM","System","12/19/2025 8:39:01 AM","6006","EventLog","Information","The Event log service was stopped."
"CPHD-2MYMZ44","12/19/2025 8:39:07 AM","System","12/19/2025 8:39:07 AM","13","Microsoft-Windows-Kernel-General","Information","The operating system is shutting down at system time ‎2025‎-‎12‎-‎19T07:39:07.068741600Z."
"CPHD-2MYMZ44","12/19/2025 8:39:07 AM","System","12/19/2025 8:49:17 AM","12","Microsoft-Windows-Kernel-General","Information","The operating system started at system time ‎2025‎-‎12‎-‎19T07:49:16.500000000Z."
"CPHD-2MYMZ44","12/19/2025 8:39:07 AM","Microsoft-Windows-Kernel-Boot/Operational","12/19/2025 8:49:17 AM","292","Microsoft-Windows-Kernel-Boot","Error","Failed to update the SBAT value in FW."
"CPHD-2MYMZ44","12/19/2025 8:39:07 AM","System","12/19/2025 8:49:46 AM","6005","EventLog","Information","The Event log service was started."
"CPHD-2MYMZ44","12/19/2025 8:39:07 AM","System","12/19/2025 8:49:47 AM","12","Microsoft-Windows-UserModePowerService","Information","Process C:\Windows\System32\DriverStore\FileRepository\ipf_cpu.inf_amd64_c493e10bcfd25250\ipf_uf.exe (process ID:3092) reset policy scheme from {07084296-1ee0-4afa-bf25-f667953ec23a} to {07084296-1ee0-4afa-bf25-f667953ec23a}"
"CPHD-2MYMZ44","12/19/2025 8:39:07 AM","System","12/19/2025 8:49:47 AM","12","Microsoft-Windows-UserModePowerService","Information","Process C:\Windows\System32\DriverStore\FileRepository\ipf_cpu.inf_amd64_c493e10bcfd25250\ipf_uf.exe (process ID:3092) reset policy scheme from {07084296-1ee0-4afa-bf25-f667953ec23a} to {07084296-1ee0-4afa-bf25-f667953ec23a}"
"CPHD-2MYMZ44","12/19/2025 8:39:07 AM","Microsoft-Windows-WindowsUpdateClient/Operational","12/19/2025 8:58:01 AM","41","Microsoft-Windows-WindowsUpdateClient","Information","An update was downloaded."
"CPHD-2MYMZ44","12/22/2025 9:38:08 AM","System","12/22/2025 9:38:02 AM","1074","User32","Information","The process C:\Windows\system32\winlogon.exe (CPHD-2MYMZ44) has initiated the power off of computer CPHD-2MYMZ44 on behalf of user NT AUTHORITY\SYSTEM for the following reason: No title for this reason could be found Reason Code: 0x500ff Shutdown Type: power off Comment:"
"CPHD-2MYMZ44","12/22/2025 9:38:08 AM","System","12/22/2025 9:38:08 AM","6006","EventLog","Information","The Event log service was stopped."
"CPHD-2MYMZ44","12/22/2025 9:38:08 AM","System","12/22/2025 9:38:14 AM","13","Microsoft-Windows-Kernel-General","Information","The operating system is shutting down at system time ‎2025‎-‎12‎-‎22T08:38:14.226802700Z."
"CPHD-2MYMZ44","12/22/2025 9:38:08 AM","System","12/22/2025 10:01:08 AM","12","Microsoft-Windows-Kernel-General","Information","The operating system started at system time ‎2025‎-‎12‎-‎22T09:01:07.500000000Z."
"CPHD-2MYMZ44","12/22/2025 9:38:08 AM","Microsoft-Windows-Kernel-Boot/Operational","12/22/2025 10:01:08 AM","292","Microsoft-Windows-Kernel-Boot","Error","Failed to update the SBAT value in FW."
"CPHD-2MYMZ44","12/22/2025 9:38:08 AM","System","12/22/2025 10:01:37 AM","6005","EventLog","Information","The Event log service was started."
"CPHD-2MYMZ44","12/22/2025 9:38:08 AM","System","12/22/2025 10:01:38 AM","12","Microsoft-Windows-UserModePowerService","Information","Process C:\Windows\System32\DriverStore\FileRepository\ipf_cpu.inf_amd64_c493e10bcfd25250\ipf_uf.exe (process ID:3432) reset policy scheme from {07084296-1ee0-4afa-bf25-f667953ec23a} to {07084296-1ee0-4afa-bf25-f667953ec23a}"
"CPHD-2MYMZ44","12/22/2025 9:38:08 AM","System","12/22/2025 10:01:38 AM","12","Microsoft-Windows-UserModePowerService","Information","Process C:\Windows\System32\DriverStore\FileRepository\ipf_cpu.inf_amd64_c493e10bcfd25250\ipf_uf.exe (process ID:3432) reset policy scheme from {07084296-1ee0-4afa-bf25-f667953ec23a} to {07084296-1ee0-4afa-bf25-f667953ec23a}"
"CPHD-2MYMZ44","12/22/2025 9:38:14 AM","System","12/22/2025 9:38:02 AM","1074","User32","Information","The process C:\Windows\system32\winlogon.exe (CPHD-2MYMZ44) has initiated the power off of computer CPHD-2MYMZ44 on behalf of user NT AUTHORITY\SYSTEM for the following reason: No title for this reason could be found Reason Code: 0x500ff Shutdown Type: power off Comment:"
"CPHD-2MYMZ44","12/22/2025 9:38:14 AM","System","12/22/2025 9:38:08 AM","6006","EventLog","Information","The Event log service was stopped."
"CPHD-2MYMZ44","12/22/2025 9:38:14 AM","System","12/22/2025 9:38:14 AM","13","Microsoft-Windows-Kernel-General","Information","The operating system is shutting down at system time ‎2025‎-‎12‎-‎22T08:38:14.226802700Z."
"CPHD-2MYMZ44","12/22/2025 9:38:14 AM","System","12/22/2025 10:01:08 AM","12","Microsoft-Windows-Kernel-General","Information","The operating system started at system time ‎2025‎-‎12‎-‎22T09:01:07.500000000Z."
"CPHD-2MYMZ44","12/22/2025 9:38:14 AM","Microsoft-Windows-Kernel-Boot/Operational","12/22/2025 10:01:08 AM","292","Microsoft-Windows-Kernel-Boot","Error","Failed to update the SBAT value in FW."
"CPHD-2MYMZ44","12/22/2025 9:38:14 AM","System","12/22/2025 10:01:37 AM","6005","EventLog","Information","The Event log service was started."
"CPHD-2MYMZ44","12/22/2025 9:38:14 AM","System","12/22/2025 10:01:38 AM","12","Microsoft-Windows-UserModePowerService","Information","Process C:\Windows\System32\DriverStore\FileRepository\ipf_cpu.inf_amd64_c493e10bcfd25250\ipf_uf.exe (process ID:3432) reset policy scheme from {07084296-1ee0-4afa-bf25-f667953ec23a} to {07084296-1ee0-4afa-bf25-f667953ec23a}"
"CPHD-2MYMZ44","12/22/2025 9:38:14 AM","System","12/22/2025 10:01:38 AM","12","Microsoft-Windows-UserModePowerService","Information","Process C:\Windows\System32\DriverStore\FileRepository\ipf_cpu.inf_amd64_c493e10bcfd25250\ipf_uf.exe (process ID:3432) reset policy scheme from {07084296-1ee0-4afa-bf25-f667953ec23a} to {07084296-1ee0-4afa-bf25-f667953ec23a}"
"CPHD-2MYMZ44","12/30/2025 12:47:51 PM","System","12/30/2025 12:47:45 PM","1074","User32","Information","The process C:\Windows\system32\winlogon.exe (CPHD-2MYMZ44) has initiated the power off of computer CPHD-2MYMZ44 on behalf of user NT AUTHORITY\SYSTEM for the following reason: No title for this reason could be found Reason Code: 0x500ff Shutdown Type: power off Comment:"
"CPHD-2MYMZ44","12/30/2025 12:47:51 PM","System","12/30/2025 12:47:51 PM","6006","EventLog","Information","The Event log service was stopped."
"CPHD-2MYMZ44","12/30/2025 12:47:51 PM","System","12/30/2025 12:47:57 PM","13","Microsoft-Windows-Kernel-General","Information","The operating system is shutting down at system time ‎2025‎-‎12‎-‎30T11:47:57.968765500Z."
"CPHD-2MYMZ44","12/30/2025 12:47:51 PM","System","12/30/2025 1:02:50 PM","12","Microsoft-Windows-Kernel-General","Information","The operating system started at system time ‎2025‎-‎12‎-‎30T12:02:48.500000000Z."
"CPHD-2MYMZ44","12/30/2025 12:47:51 PM","Microsoft-Windows-Kernel-Boot/Operational","12/30/2025 1:02:50 PM","292","Microsoft-Windows-Kernel-Boot","Error","Failed to update the SBAT value in FW."
"CPHD-2MYMZ44","12/30/2025 12:47:51 PM","System","12/30/2025 1:03:20 PM","6005","EventLog","Information","The Event log service was started."
"CPHD-2MYMZ44","12/30/2025 12:47:51 PM","System","12/30/2025 1:03:21 PM","12","Microsoft-Windows-UserModePowerService","Information","Process C:\Windows\System32\DriverStore\FileRepository\ipf_cpu.inf_amd64_c493e10bcfd25250\ipf_uf.exe (process ID:3452) reset policy scheme from {07084296-1ee0-4afa-bf25-f667953ec23a} to {07084296-1ee0-4afa-bf25-f667953ec23a}"
"CPHD-2MYMZ44","12/30/2025 12:47:51 PM","System","12/30/2025 1:03:21 PM","12","Microsoft-Windows-UserModePowerService","Information","Process C:\Windows\System32\DriverStore\FileRepository\ipf_cpu.inf_amd64_c493e10bcfd25250\ipf_uf.exe (process ID:3452) reset policy scheme from {07084296-1ee0-4afa-bf25-f667953ec23a} to {07084296-1ee0-4afa-bf25-f667953ec23a}"
"CPHD-2MYMZ44","12/30/2025 12:47:51 PM","Microsoft-Windows-WindowsUpdateClient/Operational","12/30/2025 1:52:01 PM","41","Microsoft-Windows-WindowsUpdateClient","Information","An update was downloaded."
"CPHD-2MYMZ44","12/30/2025 12:47:57 PM","System","12/30/2025 12:47:45 PM","1074","User32","Information","The process C:\Windows\system32\winlogon.exe (CPHD-2MYMZ44) has initiated the power off of computer CPHD-2MYMZ44 on behalf of user NT AUTHORITY\SYSTEM for the following reason: No title for this reason could be found Reason Code: 0x500ff Shutdown Type: power off Comment:"
"CPHD-2MYMZ44","12/30/2025 12:47:57 PM","System","12/30/2025 12:47:51 PM","6006","EventLog","Information","The Event log service was stopped."
"CPHD-2MYMZ44","12/30/2025 12:47:57 PM","System","12/30/2025 12:47:57 PM","13","Microsoft-Windows-Kernel-General","Information","The operating system is shutting down at system time ‎2025‎-‎12‎-‎30T11:47:57.968765500Z."
"CPHD-2MYMZ44","12/30/2025 12:47:57 PM","System","12/30/2025 1:02:50 PM","12","Microsoft-Windows-Kernel-General","Information","The operating system started at system time ‎2025‎-‎12‎-‎30T12:02:48.500000000Z."
"CPHD-2MYMZ44","12/30/2025 12:47:57 PM","Microsoft-Windows-Kernel-Boot/Operational","12/30/2025 1:02:50 PM","292","Microsoft-Windows-Kernel-Boot","Error","Failed to update the SBAT value in FW."
"CPHD-2MYMZ44","12/30/2025 12:47:57 PM","System","12/30/2025 1:03:20 PM","6005","EventLog","Information","The Event log service was started."
"CPHD-2MYMZ44","12/30/2025 12:47:57 PM","System","12/30/2025 1:03:21 PM","12","Microsoft-Windows-UserModePowerService","Information","Process C:\Windows\System32\DriverStore\FileRepository\ipf_cpu.inf_amd64_c493e10bcfd25250\ipf_uf.exe (process ID:3452) reset policy scheme from {07084296-1ee0-4afa-bf25-f667953ec23a} to {07084296-1ee0-4afa-bf25-f667953ec23a}"
"CPHD-2MYMZ44","12/30/2025 12:47:57 PM","System","12/30/2025 1:03:21 PM","12","Microsoft-Windows-UserModePowerService","Information","Process C:\Windows\System32\DriverStore\FileRepository\ipf_cpu.inf_amd64_c493e10bcfd25250\ipf_uf.exe (process ID:3452) reset policy scheme from {07084296-1ee0-4afa-bf25-f667953ec23a} to {07084296-1ee0-4afa-bf25-f667953ec23a}"
"CPHD-2MYMZ44","12/30/2025 12:47:57 PM","Microsoft-Windows-WindowsUpdateClient/Operational","12/30/2025 1:52:01 PM","41","Microsoft-Windows-WindowsUpdateClient","Information","An update was downloaded."
"CPHD-2MYMZ44","1/5/2026 7:27:56 AM","System","1/5/2026 7:27:52 AM","1074","User32","Information","The process C:\Windows\system32\winlogon.exe (CPHD-2MYMZ44) has initiated the power off of computer CPHD-2MYMZ44 on behalf of user NT AUTHORITY\SYSTEM for the following reason: No title for this reason could be found Reason Code: 0x500ff Shutdown Type: power off Comment:"
"CPHD-2MYMZ44","1/5/2026 7:27:56 AM","System","1/5/2026 7:27:56 AM","6006","EventLog","Information","The Event log service was stopped."
"CPHD-2MYMZ44","1/5/2026 7:27:56 AM","System","1/5/2026 7:28:02 AM","13","Microsoft-Windows-Kernel-General","Information","The operating system is shutting down at system time ‎2026‎-‎01‎-‎05T06:28:02.390507500Z."
"CPHD-2MYMZ44","1/5/2026 7:27:56 AM","System","1/5/2026 7:38:49 AM","12","Microsoft-Windows-Kernel-General","Information","The operating system started at system time ‎2026‎-‎01‎-‎05T06:38:48.500000000Z."
"CPHD-2MYMZ44","1/5/2026 7:27:56 AM","Microsoft-Windows-Kernel-Boot/Operational","1/5/2026 7:38:49 AM","292","Microsoft-Windows-Kernel-Boot","Error","Failed to update the SBAT value in FW."
"CPHD-2MYMZ44","1/5/2026 7:27:56 AM","System","1/5/2026 7:39:18 AM","6005","EventLog","Information","The Event log service was started."
"CPHD-2MYMZ44","1/5/2026 7:27:56 AM","System","1/5/2026 7:39:18 AM","12","Microsoft-Windows-UserModePowerService","Information","Process C:\Windows\System32\DriverStore\FileRepository\ipf_cpu.inf_amd64_c493e10bcfd25250\ipf_uf.exe (process ID:4028) reset policy scheme from {07084296-1ee0-4afa-bf25-f667953ec23a} to {07084296-1ee0-4afa-bf25-f667953ec23a}"
"CPHD-2MYMZ44","1/5/2026 7:27:56 AM","System","1/5/2026 7:39:19 AM","12","Microsoft-Windows-UserModePowerService","Information","Process C:\Windows\System32\DriverStore\FileRepository\ipf_cpu.inf_amd64_c493e10bcfd25250\ipf_uf.exe (process ID:4028) reset policy scheme from {07084296-1ee0-4afa-bf25-f667953ec23a} to {07084296-1ee0-4afa-bf25-f667953ec23a}"
"CPHD-2MYMZ44","1/5/2026 7:27:56 AM","Microsoft-Windows-WindowsUpdateClient/Operational","1/5/2026 8:08:21 AM","41","Microsoft-Windows-WindowsUpdateClient","Information","An update was downloaded."
"CPHD-2MYMZ44","1/5/2026 7:28:02 AM","System","1/5/2026 7:27:52 AM","1074","User32","Information","The process C:\Windows\system32\winlogon.exe (CPHD-2MYMZ44) has initiated the power off of computer CPHD-2MYMZ44 on behalf of user NT AUTHORITY\SYSTEM for the following reason: No title for this reason could be found Reason Code: 0x500ff Shutdown Type: power off Comment:"
"CPHD-2MYMZ44","1/5/2026 7:28:02 AM","System","1/5/2026 7:27:56 AM","6006","EventLog","Information","The Event log service was stopped."
"CPHD-2MYMZ44","1/5/2026 7:28:02 AM","System","1/5/2026 7:28:02 AM","13","Microsoft-Windows-Kernel-General","Information","The operating system is shutting down at system time ‎2026‎-‎01‎-‎05T06:28:02.390507500Z."
"CPHD-2MYMZ44","1/5/2026 7:28:02 AM","System","1/5/2026 7:38:49 AM","12","Microsoft-Windows-Kernel-General","Information","The operating system started at system time ‎2026‎-‎01‎-‎05T06:38:48.500000000Z."
"CPHD-2MYMZ44","1/5/2026 7:28:02 AM","Microsoft-Windows-Kernel-Boot/Operational","1/5/2026 7:38:49 AM","292","Microsoft-Windows-Kernel-Boot","Error","Failed to update the SBAT value in FW."
"CPHD-2MYMZ44","1/5/2026 7:28:02 AM","System","1/5/2026 7:39:18 AM","6005","EventLog","Information","The Event log service was started."
"CPHD-2MYMZ44","1/5/2026 7:28:02 AM","System","1/5/2026 7:39:18 AM","12","Microsoft-Windows-UserModePowerService","Information","Process C:\Windows\System32\DriverStore\FileRepository\ipf_cpu.inf_amd64_c493e10bcfd25250\ipf_uf.exe (process ID:4028) reset policy scheme from {07084296-1ee0-4afa-bf25-f667953ec23a} to {07084296-1ee0-4afa-bf25-f667953ec23a}"
"CPHD-2MYMZ44","1/5/2026 7:28:02 AM","System","1/5/2026 7:39:19 AM","12","Microsoft-Windows-UserModePowerService","Information","Process C:\Windows\System32\DriverStore\FileRepository\ipf_cpu.inf_amd64_c493e10bcfd25250\ipf_uf.exe (process ID:4028) reset policy scheme from {07084296-1ee0-4afa-bf25-f667953ec23a} to {07084296-1ee0-4afa-bf25-f667953ec23a}"
"CPHD-2MYMZ44","1/5/2026 7:28:02 AM","Microsoft-Windows-WindowsUpdateClient/Operational","1/5/2026 8:08:21 AM","41","Microsoft-Windows-WindowsUpdateClient","Information","An update was downloaded."
"CPHD-2MYMZ44","1/12/2026 4:46:10 PM","System","1/12/2026 4:46:08 PM","1074","User32","Information","The process C:\Windows\system32\winlogon.exe (CPHD-2MYMZ44) has initiated the power off of computer CPHD-2MYMZ44 on behalf of user NT AUTHORITY\SYSTEM for the following reason: No title for this reason could be found Reason Code: 0x500ff Shutdown Type: power off Comment:"
"CPHD-2MYMZ44","1/12/2026 4:46:10 PM","System","1/12/2026 4:46:10 PM","6006","EventLog","Information","The Event log service was stopped."
"CPHD-2MYMZ44","1/12/2026 4:46:10 PM","System","1/12/2026 4:46:16 PM","13","Microsoft-Windows-Kernel-General","Information","The operating system is shutting down at system time ‎2026‎-‎01‎-‎12T15:46:16.109091800Z."
"CPHD-2MYMZ44","1/12/2026 4:46:10 PM","System","1/12/2026 4:49:25 PM","12","Microsoft-Windows-Kernel-General","Information","The operating system started at system time ‎2026‎-‎01‎-‎12T15:49:23.500000000Z."
"CPHD-2MYMZ44","1/12/2026 4:46:10 PM","Microsoft-Windows-Kernel-Boot/Operational","1/12/2026 4:49:25 PM","292","Microsoft-Windows-Kernel-Boot","Error","Failed to update the SBAT value in FW."
"CPHD-2MYMZ44","1/12/2026 4:46:10 PM","System","1/12/2026 4:49:55 PM","6005","EventLog","Information","The Event log service was started."
"CPHD-2MYMZ44","1/12/2026 4:46:10 PM","System","1/12/2026 4:49:56 PM","12","Microsoft-Windows-UserModePowerService","Information","Process C:\Windows\System32\DriverStore\FileRepository\ipf_cpu.inf_amd64_c493e10bcfd25250\ipf_uf.exe (process ID:4028) reset policy scheme from {07084296-1ee0-4afa-bf25-f667953ec23a} to {07084296-1ee0-4afa-bf25-f667953ec23a}"
"CPHD-2MYMZ44","1/12/2026 4:46:10 PM","System","1/12/2026 4:49:56 PM","12","Microsoft-Windows-UserModePowerService","Information","Process C:\Windows\System32\DriverStore\FileRepository\ipf_cpu.inf_amd64_c493e10bcfd25250\ipf_uf.exe (process ID:4028) reset policy scheme from {07084296-1ee0-4afa-bf25-f667953ec23a} to {07084296-1ee0-4afa-bf25-f667953ec23a}"
"CPHD-2MYMZ44","1/12/2026 4:46:16 PM","System","1/12/2026 4:46:08 PM","1074","User32","Information","The process C:\Windows\system32\winlogon.exe (CPHD-2MYMZ44) has initiated the power off of computer CPHD-2MYMZ44 on behalf of user NT AUTHORITY\SYSTEM for the following reason: No title for this reason could be found Reason Code: 0x500ff Shutdown Type: power off Comment:"
"CPHD-2MYMZ44","1/12/2026 4:46:16 PM","System","1/12/2026 4:46:10 PM","6006","EventLog","Information","The Event log service was stopped."
"CPHD-2MYMZ44","1/12/2026 4:46:16 PM","System","1/12/2026 4:46:16 PM","13","Microsoft-Windows-Kernel-General","Information","The operating system is shutting down at system time ‎2026‎-‎01‎-‎12T15:46:16.109091800Z."
"CPHD-2MYMZ44","1/12/2026 4:46:16 PM","System","1/12/2026 4:49:25 PM","12","Microsoft-Windows-Kernel-General","Information","The operating system started at system time ‎2026‎-‎01‎-‎12T15:49:23.500000000Z."
"CPHD-2MYMZ44","1/12/2026 4:46:16 PM","Microsoft-Windows-Kernel-Boot/Operational","1/12/2026 4:49:25 PM","292","Microsoft-Windows-Kernel-Boot","Error","Failed to update the SBAT value in FW."
"CPHD-2MYMZ44","1/12/2026 4:46:16 PM","System","1/12/2026 4:49:55 PM","6005","EventLog","Information","The Event log service was started."
"CPHD-2MYMZ44","1/12/2026 4:46:16 PM","System","1/12/2026 4:49:56 PM","12","Microsoft-Windows-UserModePowerService","Information","Process C:\Windows\System32\DriverStore\FileRepository\ipf_cpu.inf_amd64_c493e10bcfd25250\ipf_uf.exe (process ID:4028) reset policy scheme from {07084296-1ee0-4afa-bf25-f667953ec23a} to {07084296-1ee0-4afa-bf25-f667953ec23a}"
"CPHD-2MYMZ44","1/12/2026 4:46:16 PM","System","1/12/2026 4:49:56 PM","12","Microsoft-Windows-UserModePowerService","Information","Process C:\Windows\System32\DriverStore\FileRepository\ipf_cpu.inf_amd64_c493e10bcfd25250\ipf_uf.exe (process ID:4028) reset policy scheme from {07084296-1ee0-4afa-bf25-f667953ec23a} to {07084296-1ee0-4afa-bf25-f667953ec23a}"
"CPHD-2MYMZ44","1/14/2026 8:21:39 AM","System","1/14/2026 8:21:32 AM","1074","User32","Information","The process C:\Windows\system32\winlogon.exe (CPHD-2MYMZ44) has initiated the power off of computer CPHD-2MYMZ44 on behalf of user NT AUTHORITY\SYSTEM for the following reason: No title for this reason could be found Reason Code: 0x500ff Shutdown Type: power off Comment:"
"CPHD-2MYMZ44","1/14/2026 8:21:39 AM","System","1/14/2026 8:21:39 AM","6006","EventLog","Information","The Event log service was stopped."
"CPHD-2MYMZ44","1/14/2026 8:21:39 AM","System","1/14/2026 8:21:44 AM","13","Microsoft-Windows-Kernel-General","Information","The operating system is shutting down at system time ‎2026‎-‎01‎-‎14T07:21:44.943833200Z."
"CPHD-2MYMZ44","1/14/2026 8:21:39 AM","System","1/14/2026 8:32:37 AM","12","Microsoft-Windows-Kernel-General","Information","The operating system started at system time ‎2026‎-‎01‎-‎14T07:32:36.500000000Z."
"CPHD-2MYMZ44","1/14/2026 8:21:39 AM","Microsoft-Windows-Kernel-Boot/Operational","1/14/2026 8:32:37 AM","292","Microsoft-Windows-Kernel-Boot","Error","Failed to update the SBAT value in FW."
"CPHD-2MYMZ44","1/14/2026 8:21:39 AM","System","1/14/2026 8:33:06 AM","6005","EventLog","Information","The Event log service was started."
"CPHD-2MYMZ44","1/14/2026 8:21:39 AM","System","1/14/2026 8:33:07 AM","12","Microsoft-Windows-UserModePowerService","Information","Process C:\Windows\System32\DriverStore\FileRepository\ipf_cpu.inf_amd64_c493e10bcfd25250\ipf_uf.exe (process ID:4080) reset policy scheme from {07084296-1ee0-4afa-bf25-f667953ec23a} to {07084296-1ee0-4afa-bf25-f667953ec23a}"
"CPHD-2MYMZ44","1/14/2026 8:21:39 AM","System","1/14/2026 8:33:07 AM","12","Microsoft-Windows-UserModePowerService","Information","Process C:\Windows\System32\DriverStore\FileRepository\ipf_cpu.inf_amd64_c493e10bcfd25250\ipf_uf.exe (process ID:4080) reset policy scheme from {07084296-1ee0-4afa-bf25-f667953ec23a} to {07084296-1ee0-4afa-bf25-f667953ec23a}"
"CPHD-2MYMZ44","1/14/2026 8:21:44 AM","System","1/14/2026 8:21:32 AM","1074","User32","Information","The process C:\Windows\system32\winlogon.exe (CPHD-2MYMZ44) has initiated the power off of computer CPHD-2MYMZ44 on behalf of user NT AUTHORITY\SYSTEM for the following reason: No title for this reason could be found Reason Code: 0x500ff Shutdown Type: power off Comment:"
"CPHD-2MYMZ44","1/14/2026 8:21:44 AM","System","1/14/2026 8:21:39 AM","6006","EventLog","Information","The Event log service was stopped."
"CPHD-2MYMZ44","1/14/2026 8:21:44 AM","System","1/14/2026 8:21:44 AM","13","Microsoft-Windows-Kernel-General","Information","The operating system is shutting down at system time ‎2026‎-‎01‎-‎14T07:21:44.943833200Z."
"CPHD-2MYMZ44","1/14/2026 8:21:44 AM","System","1/14/2026 8:32:37 AM","12","Microsoft-Windows-Kernel-General","Information","The operating system started at system time ‎2026‎-‎01‎-‎14T07:32:36.500000000Z."
"CPHD-2MYMZ44","1/14/2026 8:21:44 AM","Microsoft-Windows-Kernel-Boot/Operational","1/14/2026 8:32:37 AM","292","Microsoft-Windows-Kernel-Boot","Error","Failed to update the SBAT value in FW."
"CPHD-2MYMZ44","1/14/2026 8:21:44 AM","System","1/14/2026 8:33:06 AM","6005","EventLog","Information","The Event log service was started."
"CPHD-2MYMZ44","1/14/2026 8:21:44 AM","System","1/14/2026 8:33:07 AM","12","Microsoft-Windows-UserModePowerService","Information","Process C:\Windows\System32\DriverStore\FileRepository\ipf_cpu.inf_amd64_c493e10bcfd25250\ipf_uf.exe (process ID:4080) reset policy scheme from {07084296-1ee0-4afa-bf25-f667953ec23a} to {07084296-1ee0-4afa-bf25-f667953ec23a}"
"CPHD-2MYMZ44","1/14/2026 8:21:44 AM","System","1/14/2026 8:33:07 AM","12","Microsoft-Windows-UserModePowerService","Information","Process C:\Windows\System32\DriverStore\FileRepository\ipf_cpu.inf_amd64_c493e10bcfd25250\ipf_uf.exe (process ID:4080) reset policy scheme from {07084296-1ee0-4afa-bf25-f667953ec23a} to {07084296-1ee0-4afa-bf25-f667953ec23a}"
